order_id,order_date,order_hour,store_id,customer_id,item,quantity,unit_price,discount_pct,payment_mode,delivery_minutes,rating,category,city,store_type,opened_year,delivery_imputed,has_rating,revenue,month,month_name,weekday,is_weekend,daypart,is_late
ORD-01095,2025-08-02,20,S06,C0845,Cutting Chai,4,20.0,0,Cash,22.8,4.0,Tea,Pune,Campus,2021,False,True,80.0,8,Aug,Saturday,True,Night,False
ORD-02340,2025-01-26,12,S06,C0292,Cutting Chai,1,20.0,5,Cash,28.2,5.0,Tea,Pune,Campus,2021,False,True,19.0,1,Jan,Sunday,True,Lunch,False
ORD-02832,2025-06-14,12,S05,C0534,Espresso,1,80.0,5,UPI,30.7,4.0,Coffee,Pune,Mall,2022,False,True,76.0,6,Jun,Saturday,True,Lunch,True
ORD-00384,2025-06-24,21,S06,C0180,Mango Shake,3,100.0,0,UPI,18.7,5.0,Cold Drinks,Pune,Campus,2021,False,True,300.0,6,Jun,Tuesday,False,Night,False
ORD-00356,2025-07-10,13,S04,C0490,Ginger Tea,1,35.0,5,UPI,34.0,5.0,Tea,Delhi,Street,2020,False,True,33.25,7,Jul,Thursday,False,Lunch,True
ORD-00422,2025-01-14,8,S04,C0006,Cutting Chai,1,20.0,0,Card,20.2,5.0,Tea,Delhi,Street,2020,False,True,20.0,1,Jan,Tuesday,False,Morning,False
ORD-01372,2025-12-13,8,S07,C0565,Masala Chai,2,30.0,5,UPI,18.5,4.0,Tea,Jaipur,Street,2023,False,True,57.0,12,Dec,Saturday,True,Morning,False
ORD-00524,2025-08-08,16,S02,C0373,Filter Coffee,1,60.0,0,Wallet,29.8,5.0,Coffee,Lucknow,Mall,2021,False,True,60.0,8,Aug,Friday,False,Evening,False
ORD-02957,2025-02-27,19,S06,C0628,Filter Coffee,2,60.0,0,UPI,21.1,5.0,Coffee,Pune,Campus,2021,False,True,120.0,2,Feb,Thursday,False,Evening,False
ORD-00472,2025-06-22,9,S05,C0524,Cold Coffee,1,120.0,0,Card,21.8,5.0,Cold Drinks,Pune,Mall,2022,False,True,120.0,6,Jun,Sunday,True,Morning,False
ORD-02171,2025-06-02,9,S08,C0506,Samosa,3,25.0,15,UPI,21.8,,Snacks,Indore,Street,2022,False,False,63.75,6,Jun,Monday,False,Morning,False
ORD-02249,2025-05-22,12,S03,C0467,Cutting Chai,1,20.0,0,UPI,28.3,5.0,Tea,Delhi,Campus,2018,False,True,20.0,5,May,Thursday,False,Lunch,False
ORD-01707,2025-02-04,22,S02,C0894,Masala Chai,1,30.0,0,Card,22.3,5.0,Tea,Lucknow,Mall,2021,False,True,30.0,2,Feb,Tuesday,False,Night,False
ORD-00799,2025-09-22,9,S05,C0364,Filter Coffee,1,60.0,5,UPI,31.0,5.0,Coffee,Pune,Mall,2022,False,True,57.0,9,Sep,Monday,False,Morning,True
ORD-01818,2025-06-22,18,S06,C0064,Cold Coffee,2,120.0,15,UPI,14.8,5.0,Cold Drinks,Pune,Campus,2021,False,True,204.0,6,Jun,Sunday,True,Evening,False
ORD-00850,2025-12-17,8,S08,C0769,Cutting Chai,4,20.0,10,UPI,29.8,5.0,Tea,Indore,Street,2022,False,True,72.0,12,Dec,Wednesday,False,Morning,False
ORD-01142,2025-10-15,19,S06,C0319,Cold Coffee,1,120.0,0,Cash,27.6,4.0,Cold Drinks,Pune,Campus,2021,False,True,120.0,10,Oct,Wednesday,False,Evening,False
ORD-02613,2025-06-29,12,S05,C0686,Espresso,1,80.0,0,Cash,28.0,4.0,Coffee,Pune,Mall,2022,False,True,80.0,6,Jun,Sunday,True,Lunch,False
ORD-02574,2025-10-29,20,S03,C0539,Maggi,2,70.0,0,Card,25.2,5.0,Snacks,Delhi,Campus,2018,False,True,140.0,10,Oct,Wednesday,False,Night,False
ORD-02074,2025-11-09,13,S04,C0014,Filter Coffee,1,60.0,5,UPI,32.6,,Coffee,Delhi,Street,2020,False,False,57.0,11,Nov,Sunday,True,Lunch,True
ORD-01698,2025-10-18,17,S07,C0792,Espresso,1,80.0,0,UPI,16.1,5.0,Coffee,Jaipur,Street,2023,False,True,80.0,10,Oct,Saturday,True,Evening,False
ORD-01538,2025-09-30,19,S07,C0502,Maggi,1,70.0,15,UPI,32.5,4.0,Snacks,Jaipur,Street,2023,False,True,59.5,9,Sep,Tuesday,False,Evening,True
ORD-01006,2025-05-24,11,S04,C0482,Ginger Tea,4,35.0,5,Card,24.7,5.0,Tea,Delhi,Street,2020,True,True,133.0,5,May,Saturday,True,Morning,False
ORD-01522,2025-07-13,19,S03,C0240,Filter Coffee,4,60.0,15,Wallet,31.0,4.0,Coffee,Delhi,Campus,2018,False,True,204.0,7,Jul,Sunday,True,Evening,True
ORD-02106,2025-09-17,11,S01,C0356,Espresso,2,80.0,0,UPI,23.6,5.0,Coffee,Lucknow,Campus,2019,False,True,160.0,9,Sep,Wednesday,False,Morning,False
ORD-01228,2025-06-23,9,S03,C0663,Ginger Tea,3,35.0,5,Card,22.2,4.0,Tea,Delhi,Campus,2018,False,True,99.75,6,Jun,Monday,False,Morning,False
ORD-02404,2025-11-22,11,S07,C0581,Masala Chai,1,30.0,10,Wallet,20.3,5.0,Tea,Jaipur,Street,2023,False,True,27.0,11,Nov,Saturday,True,Morning,False
ORD-01951,2025-12-14,13,S06,C0475,Cutting Chai,3,20.0,15,Cash,21.0,4.0,Tea,Pune,Campus,2021,False,True,51.0,12,Dec,Sunday,True,Lunch,False
ORD-00695,2025-11-29,17,S04,C0193,Samosa,3,25.0,5,UPI,21.5,5.0,Snacks,Delhi,Street,2020,False,True,71.25,11,Nov,Saturday,True,Evening,False
ORD-00526,2025-05-14,17,S08,C0515,Cold Coffee,2,120.0,0,Card,21.6,5.0,Cold Drinks,Indore,Street,2022,False,True,240.0,5,May,Wednesday,False,Evening,False
ORD-01928,2025-09-17,20,S04,C0824,Espresso,1,80.0,0,Card,38.3,4.0,Coffee,Delhi,Street,2020,False,True,80.0,9,Sep,Wednesday,False,Night,True
ORD-00572,2025-11-05,18,S04,C0095,Masala Chai,2,30.0,15,UPI,27.4,5.0,Tea,Delhi,Street,2020,False,True,51.0,11,Nov,Wednesday,False,Evening,False
ORD-02406,2025-04-01,14,S07,C0624,Bun Maska,4,40.0,15,UPI,20.9,5.0,Snacks,Jaipur,Street,2023,False,True,136.0,4,Apr,Tuesday,False,Lunch,False
ORD-01342,2025-10-24,22,S03,C0259,Masala Chai,2,30.0,0,Cash,14.6,5.0,Tea,Delhi,Campus,2018,False,True,60.0,10,Oct,Friday,False,Night,False
ORD-02676,2025-07-02,12,S06,C0854,Maggi,1,70.0,0,Unknown,36.5,5.0,Snacks,Pune,Campus,2021,False,True,70.0,7,Jul,Wednesday,False,Lunch,True
ORD-01454,2025-12-13,12,S05,C0436,Cold Coffee,1,120.0,5,UPI,27.0,5.0,Cold Drinks,Pune,Mall,2022,False,True,114.0,12,Dec,Saturday,True,Lunch,False
ORD-02346,2025-01-25,16,S04,C0537,Masala Chai,1,30.0,0,Cash,20.6,5.0,Tea,Delhi,Street,2020,False,True,30.0,1,Jan,Saturday,True,Evening,False
ORD-02875,2025-02-13,16,S01,C0458,Masala Chai,1,30.0,5,UPI,25.5,4.0,Tea,Lucknow,Campus,2019,False,True,28.5,2,Feb,Thursday,False,Evening,False
ORD-02096,2025-05-05,19,S07,C0087,Mango Shake,2,100.0,0,Cash,24.1,4.0,Cold Drinks,Jaipur,Street,2023,False,True,200.0,5,May,Monday,False,Evening,False
ORD-01309,2025-01-19,18,S01,C0747,Maggi,4,70.0,0,Wallet,19.4,5.0,Snacks,Lucknow,Campus,2019,False,True,280.0,1,Jan,Sunday,True,Evening,False
ORD-00984,2025-06-21,17,S06,C0024,Filter Coffee,1,60.0,10,Cash,12.9,5.0,Coffee,Pune,Campus,2021,False,True,54.0,6,Jun,Saturday,True,Evening,False
ORD-00873,2025-12-24,18,S04,C0691,Masala Chai,1,30.0,0,UPI,25.8,5.0,Tea,Delhi,Street,2020,False,True,30.0,12,Dec,Wednesday,False,Evening,False
ORD-00759,2025-01-18,9,S04,C0573,Maggi,2,70.0,0,UPI,22.6,5.0,Snacks,Delhi,Street,2020,False,True,140.0,1,Jan,Saturday,True,Morning,False
ORD-00962,2025-06-08,14,S02,C0900,Cutting Chai,2,20.0,10,Wallet,28.4,4.0,Tea,Lucknow,Mall,2021,False,True,36.0,6,Jun,Sunday,True,Lunch,False
ORD-02089,2025-09-19,20,S04,C0675,Brownie,2,110.0,5,Cash,37.5,4.0,Dessert,Delhi,Street,2020,False,True,209.0,9,Sep,Friday,False,Night,True
ORD-00562,2025-03-30,10,S03,C0832,Cold Coffee,3,120.0,0,Cash,16.3,5.0,Cold Drinks,Delhi,Campus,2018,False,True,360.0,3,Mar,Sunday,True,Morning,False
ORD-02775,2025-10-03,12,S06,C0856,Cutting Chai,3,20.0,15,UPI,25.6,5.0,Tea,Pune,Campus,2021,False,True,51.0,10,Oct,Friday,False,Lunch,False
ORD-02309,2025-08-07,8,S03,C0848,Cutting Chai,3,20.0,5,Wallet,21.7,4.0,Tea,Delhi,Campus,2018,False,True,57.0,8,Aug,Thursday,False,Morning,False
ORD-02130,2025-01-10,19,S04,C0788,Brownie,1,110.0,0,UPI,26.7,5.0,Dessert,Delhi,Street,2020,False,True,110.0,1,Jan,Friday,False,Evening,False
ORD-00814,2025-08-02,9,S01,C0485,Masala Chai,4,30.0,0,Card,30.0,5.0,Tea,Lucknow,Campus,2019,False,True,120.0,8,Aug,Saturday,True,Morning,False
ORD-01148,2025-10-20,9,S06,C0849,Samosa,1,25.0,0,UPI,23.5,5.0,Snacks,Pune,Campus,2021,False,True,25.0,10,Oct,Monday,False,Morning,False
ORD-01149,2025-06-29,14,S06,C0827,Cold Coffee,1,120.0,5,UPI,20.1,5.0,Cold Drinks,Pune,Campus,2021,False,True,114.0,6,Jun,Sunday,True,Lunch,False
ORD-02491,2025-12-16,10,S02,C0872,Cutting Chai,2,20.0,10,Cash,18.3,5.0,Tea,Lucknow,Mall,2021,False,True,36.0,12,Dec,Tuesday,False,Morning,False
ORD-02828,2025-03-22,11,S08,C0420,Cutting Chai,1,20.0,0,UPI,17.9,5.0,Tea,Indore,Street,2022,False,True,20.0,3,Mar,Saturday,True,Morning,False
ORD-01991,2025-02-02,17,S05,C0771,Masala Chai,1,30.0,10,UPI,16.3,5.0,Tea,Pune,Mall,2022,False,True,27.0,2,Feb,Sunday,True,Evening,False
ORD-00254,2025-04-01,19,S03,C0820,Cold Coffee,1,120.0,0,UPI,27.6,4.0,Cold Drinks,Delhi,Campus,2018,False,True,120.0,4,Apr,Tuesday,False,Evening,False
ORD-02873,2025-01-08,18,S01,C0384,Masala Chai,2,30.0,15,Wallet,14.5,5.0,Tea,Lucknow,Campus,2019,False,True,51.0,1,Jan,Wednesday,False,Evening,False
ORD-02704,2025-10-24,16,S03,C0817,Bun Maska,1,40.0,0,UPI,22.6,5.0,Snacks,Delhi,Campus,2018,False,True,40.0,10,Oct,Friday,False,Evening,False
ORD-01547,2025-03-29,17,S04,C0211,Cheesecake,2,150.0,20,UPI,14.7,5.0,Dessert,Delhi,Street,2020,False,True,240.0,3,Mar,Saturday,True,Evening,False
ORD-00699,2025-08-27,11,S06,C0148,Masala Chai,2,30.0,10,Card,21.6,5.0,Tea,Pune,Campus,2021,True,True,54.0,8,Aug,Wednesday,False,Morning,False
ORD-01051,2025-09-01,8,S08,C0366,Brownie,2,110.0,0,Cash,25.1,5.0,Dessert,Indore,Street,2022,False,True,220.0,9,Sep,Monday,False,Morning,False
ORD-01139,2025-01-19,13,S06,C0335,Samosa,1,25.0,0,Cash,23.9,5.0,Snacks,Pune,Campus,2021,False,True,25.0,1,Jan,Sunday,True,Lunch,False
ORD-00960,2025-07-13,13,S08,C0558,Filter Coffee,2,60.0,15,Card,36.6,4.0,Coffee,Indore,Street,2022,False,True,102.0,7,Jul,Sunday,True,Lunch,True
ORD-01456,2025-02-02,19,S04,C0116,Cutting Chai,2,20.0,5,Cash,31.4,5.0,Tea,Delhi,Street,2020,False,True,38.0,2,Feb,Sunday,True,Evening,True
ORD-01924,2025-05-11,13,S05,C0257,Maggi,2,70.0,20,Card,31.5,5.0,Snacks,Pune,Mall,2022,False,True,112.0,5,May,Sunday,True,Lunch,True
ORD-00797,2025-01-07,8,S06,C0452,Cold Coffee,1,120.0,15,Cash,21.6,4.0,Cold Drinks,Pune,Campus,2021,True,True,102.0,1,Jan,Tuesday,False,Morning,False
ORD-01639,2025-03-31,17,S05,GUEST,Cutting Chai,2,20.0,15,UPI,21.7,5.0,Tea,Pune,Mall,2022,False,True,34.0,3,Mar,Monday,False,Evening,False
ORD-02837,2025-08-25,16,S05,C0572,Maggi,1,70.0,5,UPI,28.05,5.0,Snacks,Pune,Mall,2022,True,True,66.5,8,Aug,Monday,False,Evening,False
ORD-01637,2025-05-28,21,S04,C0734,Cold Coffee,4,120.0,0,UPI,20.5,5.0,Cold Drinks,Delhi,Street,2020,False,True,480.0,5,May,Wednesday,False,Night,False
ORD-01183,2025-02-01,12,S06,C0110,Mango Shake,1,100.0,0,Card,27.1,5.0,Cold Drinks,Pune,Campus,2021,False,True,100.0,2,Feb,Saturday,True,Lunch,False
ORD-02637,2025-06-19,19,S03,C0460,Filter Coffee,1,60.0,10,UPI,20.8,5.0,Coffee,Delhi,Campus,2018,False,True,54.0,6,Jun,Thursday,False,Evening,False
ORD-00160,2025-10-08,14,S08,GUEST,Ginger Tea,2,35.0,20,UPI,20.5,4.0,Tea,Indore,Street,2022,False,True,56.0,10,Oct,Wednesday,False,Lunch,False
ORD-02509,2025-07-14,20,S08,C0604,Bun Maska,2,40.0,10,UPI,32.0,5.0,Snacks,Indore,Street,2022,False,True,72.0,7,Jul,Monday,False,Night,True
ORD-00364,2025-02-02,16,S01,C0170,Espresso,3,80.0,10,Card,16.7,5.0,Coffee,Lucknow,Campus,2019,False,True,216.0,2,Feb,Sunday,True,Evening,False
ORD-00680,2025-05-14,14,S04,C0678,Masala Chai,2,30.0,5,UPI,20.5,,Tea,Delhi,Street,2020,False,False,57.0,5,May,Wednesday,False,Lunch,False
ORD-00303,2025-07-15,12,S04,C0416,Cutting Chai,1,20.0,15,UPI,34.7,4.0,Tea,Delhi,Street,2020,False,True,17.0,7,Jul,Tuesday,False,Lunch,True
ORD-02328,2025-03-14,9,S05,C0851,Maggi,2,70.0,0,UPI,19.5,5.0,Snacks,Pune,Mall,2022,False,True,140.0,3,Mar,Friday,False,Morning,False
ORD-01826,2025-01-26,18,S02,C0142,Ginger Tea,2,35.0,10,Card,19.6,5.0,Tea,Lucknow,Mall,2021,False,True,63.0,1,Jan,Sunday,True,Evening,False
ORD-00908,2025-02-10,19,S07,C0429,Veg Sandwich,1,90.0,10,UPI,24.3,4.0,Snacks,Jaipur,Street,2023,False,True,81.0,2,Feb,Monday,False,Evening,False
ORD-00559,2025-08-03,16,S07,C0415,Samosa,1,25.0,10,Card,19.4,,Snacks,Jaipur,Street,2023,False,False,22.5,8,Aug,Sunday,True,Evening,False
ORD-00505,2025-07-09,17,S06,C0082,Bun Maska,1,40.0,5,UPI,20.0,5.0,Snacks,Pune,Campus,2021,False,True,38.0,7,Jul,Wednesday,False,Evening,False
ORD-02548,2025-03-05,13,S05,C0579,Samosa,2,25.0,0,Card,27.7,5.0,Snacks,Pune,Mall,2022,False,True,50.0,3,Mar,Wednesday,False,Lunch,False
ORD-01640,2025-09-24,13,S03,C0589,Cutting Chai,1,20.0,0,Cash,29.8,4.0,Tea,Delhi,Campus,2018,False,True,20.0,9,Sep,Wednesday,False,Lunch,False
ORD-02303,2025-06-22,21,S02,C0020,Samosa,2,25.0,10,UPI,18.7,5.0,Snacks,Lucknow,Mall,2021,False,True,45.0,6,Jun,Sunday,True,Night,False
ORD-01529,2025-02-23,10,S03,C0570,Cutting Chai,1,20.0,10,UPI,21.6,5.0,Tea,Delhi,Campus,2018,True,True,18.0,2,Feb,Sunday,True,Morning,False
ORD-01198,2025-08-28,18,S08,C0094,Maggi,2,70.0,15,UPI,31.2,5.0,Snacks,Indore,Street,2022,False,True,119.0,8,Aug,Thursday,False,Evening,True
ORD-02447,2025-01-18,19,S04,C0197,Bun Maska,1,40.0,10,UPI,25.4,,Snacks,Delhi,Street,2020,False,False,36.0,1,Jan,Saturday,True,Evening,False
ORD-00361,2025-12-06,13,S03,C0706,Cutting Chai,3,20.0,0,UPI,24.6,5.0,Tea,Delhi,Campus,2018,False,True,60.0,12,Dec,Saturday,True,Lunch,False
ORD-00188,2025-02-04,17,S03,C0705,Veg Sandwich,3,90.0,0,Cash,17.0,5.0,Snacks,Delhi,Campus,2018,False,True,270.0,2,Feb,Tuesday,False,Evening,False
ORD-02349,2025-02-02,14,S01,C0309,Cold Coffee,1,120.0,20,UPI,14.6,5.0,Cold Drinks,Lucknow,Campus,2019,False,True,96.0,2,Feb,Sunday,True,Lunch,False
ORD-00576,2025-07-04,17,S05,C0588,Filter Coffee,1,60.0,5,UPI,26.8,4.0,Coffee,Pune,Mall,2022,False,True,57.0,7,Jul,Friday,False,Evening,False
ORD-01905,2025-08-10,12,S08,C0837,Bun Maska,1,40.0,0,UPI,34.8,4.0,Snacks,Indore,Street,2022,False,True,40.0,8,Aug,Sunday,True,Lunch,True
ORD-01114,2025-12-07,20,S04,C0570,Filter Coffee,3,60.0,0,UPI,27.1,5.0,Coffee,Delhi,Street,2020,False,True,180.0,12,Dec,Sunday,True,Night,False
ORD-02954,2025-11-30,22,S08,C0001,Masala Chai,1,30.0,0,Wallet,25.4,5.0,Tea,Indore,Street,2022,False,True,30.0,11,Nov,Sunday,True,Night,False
ORD-02332,2025-05-18,21,S05,C0405,Bun Maska,1,40.0,10,Cash,18.0,5.0,Snacks,Pune,Mall,2022,False,True,36.0,5,May,Sunday,True,Night,False
ORD-02932,2025-03-17,17,S03,C0862,Cutting Chai,1,20.0,0,UPI,19.6,4.0,Tea,Delhi,Campus,2018,False,True,20.0,3,Mar,Monday,False,Evening,False
ORD-01230,2025-01-22,13,S08,C0099,Cutting Chai,3,20.0,10,Cash,30.3,5.0,Tea,Indore,Street,2022,False,True,54.0,1,Jan,Wednesday,False,Lunch,True
ORD-02031,2025-01-09,13,S05,C0869,Masala Chai,2,30.0,0,Wallet,23.2,5.0,Tea,Pune,Mall,2022,False,True,60.0,1,Jan,Thursday,False,Lunch,False
ORD-02121,2025-04-11,20,S03,C0325,Mango Shake,1,100.0,5,Wallet,29.4,5.0,Cold Drinks,Delhi,Campus,2018,False,True,95.0,4,Apr,Friday,False,Night,False
ORD-00716,2025-03-09,15,S07,C0744,Veg Sandwich,1,90.0,0,UPI,24.7,4.0,Snacks,Jaipur,Street,2023,True,True,90.0,3,Mar,Sunday,True,Lunch,False
ORD-00904,2025-06-25,16,S03,C0556,Mango Shake,3,100.0,20,Cash,22.2,5.0,Cold Drinks,Delhi,Campus,2018,False,True,240.0,6,Jun,Wednesday,False,Evening,False
ORD-02803,2025-01-23,18,S01,C0433,Samosa,1,25.0,0,Card,19.6,5.0,Snacks,Lucknow,Campus,2019,False,True,25.0,1,Jan,Thursday,False,Evening,False
ORD-02848,2025-01-24,16,S05,C0665,Cutting Chai,1,20.0,5,UPI,19.1,5.0,Tea,Pune,Mall,2022,False,True,19.0,1,Jan,Friday,False,Evening,False
ORD-02742,2025-11-05,14,S06,C0027,Cold Coffee,2,120.0,5,Cash,18.4,5.0,Cold Drinks,Pune,Campus,2021,False,True,228.0,11,Nov,Wednesday,False,Lunch,False
ORD-02530,2025-08-19,17,S03,C0399,Veg Sandwich,1,90.0,0,UPI,26.0,5.0,Snacks,Delhi,Campus,2018,False,True,90.0,8,Aug,Tuesday,False,Evening,False
ORD-00157,2025-04-13,15,S04,C0325,Masala Chai,3,30.0,15,UPI,24.7,5.0,Tea,Delhi,Street,2020,True,True,76.5,4,Apr,Sunday,True,Lunch,False
ORD-00167,2025-10-31,17,S05,C0896,Masala Chai,1,30.0,5,UPI,25.7,4.0,Tea,Pune,Mall,2022,False,True,28.5,10,Oct,Friday,False,Evening,False
ORD-01754,2025-10-24,11,S07,C0030,Espresso,2,80.0,0,UPI,17.6,5.0,Coffee,Jaipur,Street,2023,False,True,160.0,10,Oct,Friday,False,Morning,False
ORD-00751,2025-04-06,21,S01,C0157,Cutting Chai,2,20.0,15,Wallet,20.9,,Tea,Lucknow,Campus,2019,False,False,34.0,4,Apr,Sunday,True,Night,False
ORD-01592,2025-01-22,19,S08,C0260,Filter Coffee,2,60.0,10,UPI,29.9,4.0,Coffee,Indore,Street,2022,False,True,108.0,1,Jan,Wednesday,False,Evening,False
ORD-02936,2025-06-22,18,S08,C0117,Mango Shake,1,100.0,0,UPI,16.2,5.0,Cold Drinks,Indore,Street,2022,False,True,100.0,6,Jun,Sunday,True,Evening,False
ORD-00753,2025-03-30,13,S06,C0015,Espresso,1,80.0,5,Cash,23.2,5.0,Coffee,Pune,Campus,2021,False,True,76.0,3,Mar,Sunday,True,Lunch,False
ORD-00998,2025-01-01,11,S03,C0748,Ginger Tea,1,35.0,0,UPI,16.1,,Tea,Delhi,Campus,2018,False,False,35.0,1,Jan,Wednesday,False,Morning,False
ORD-02275,2025-11-14,9,S03,C0195,Ginger Tea,1,35.0,5,UPI,27.1,5.0,Tea,Delhi,Campus,2018,False,True,33.25,11,Nov,Friday,False,Morning,False
ORD-01021,2025-11-22,11,S08,C0086,Cutting Chai,3,20.0,15,UPI,21.8,4.0,Tea,Indore,Street,2022,False,True,51.0,11,Nov,Saturday,True,Morning,False
ORD-02576,2025-08-15,9,S04,C0649,Masala Chai,2,30.0,0,Cash,25.0,5.0,Tea,Delhi,Street,2020,False,True,60.0,8,Aug,Friday,False,Morning,False
ORD-02507,2025-12-10,15,S05,C0237,Masala Chai,2,30.0,10,Card,18.2,4.0,Tea,Pune,Mall,2022,False,True,54.0,12,Dec,Wednesday,False,Lunch,False
ORD-01931,2025-08-24,12,S03,C0044,Bun Maska,4,40.0,15,UPI,30.8,3.0,Snacks,Delhi,Campus,2018,False,True,136.0,8,Aug,Sunday,True,Lunch,True
ORD-00471,2025-05-28,18,S03,C0392,Cold Coffee,1,120.0,10,UPI,19.3,5.0,Cold Drinks,Delhi,Campus,2018,False,True,108.0,5,May,Wednesday,False,Evening,False
ORD-01525,2025-09-16,20,S02,C0356,Bun Maska,1,40.0,0,Cash,37.8,4.0,Snacks,Lucknow,Mall,2021,False,True,40.0,9,Sep,Tuesday,False,Night,True
ORD-01140,2025-09-03,9,S01,C0034,Veg Sandwich,3,90.0,15,UPI,23.7,5.0,Snacks,Lucknow,Campus,2019,False,True,229.5,9,Sep,Wednesday,False,Morning,False
ORD-01496,2025-08-22,20,S06,C0319,Ginger Tea,1,35.0,5,Unknown,28.6,4.0,Tea,Pune,Campus,2021,False,True,33.25,8,Aug,Friday,False,Night,False
ORD-02543,2025-05-04,14,S03,C0577,Mango Shake,1,100.0,10,Cash,21.6,5.0,Cold Drinks,Delhi,Campus,2018,True,True,90.0,5,May,Sunday,True,Lunch,False
ORD-00940,2025-02-06,18,S03,C0308,Masala Chai,1,30.0,0,Card,14.0,5.0,Tea,Delhi,Campus,2018,False,True,30.0,2,Feb,Thursday,False,Evening,False
ORD-00368,2025-09-02,19,S02,C0474,Samosa,2,25.0,0,UPI,34.6,5.0,Snacks,Lucknow,Mall,2021,False,True,50.0,9,Sep,Tuesday,False,Evening,True
ORD-02940,2025-01-05,18,S08,C0451,Bun Maska,2,40.0,0,UPI,11.3,5.0,Snacks,Indore,Street,2022,False,True,80.0,1,Jan,Sunday,True,Evening,False
ORD-02584,2025-03-13,13,S01,C0154,Bun Maska,1,40.0,10,UPI,23.2,5.0,Snacks,Lucknow,Campus,2019,False,True,36.0,3,Mar,Thursday,False,Lunch,False
ORD-02431,2025-10-30,10,S01,C0278,Ginger Tea,1,35.0,0,Cash,16.1,,Tea,Lucknow,Campus,2019,False,False,35.0,10,Oct,Thursday,False,Morning,False
ORD-02299,2025-01-03,18,S01,C0809,Cutting Chai,1,20.0,0,UPI,20.0,5.0,Tea,Lucknow,Campus,2019,False,True,20.0,1,Jan,Friday,False,Evening,False
ORD-01433,2025-01-13,13,S06,C0804,Bun Maska,3,40.0,0,Unknown,24.8,4.0,Snacks,Pune,Campus,2021,False,True,120.0,1,Jan,Monday,False,Lunch,False
ORD-02834,2025-10-29,14,S05,GUEST,Samosa,1,25.0,0,UPI,27.5,4.0,Snacks,Pune,Mall,2022,False,True,25.0,10,Oct,Wednesday,False,Lunch,False
ORD-02035,2025-02-06,20,S01,C0505,Espresso,1,80.0,5,UPI,23.8,5.0,Coffee,Lucknow,Campus,2019,False,True,76.0,2,Feb,Thursday,False,Night,False
ORD-00290,2025-02-07,9,S08,C0343,Ginger Tea,1,35.0,0,UPI,17.6,5.0,Tea,Indore,Street,2022,False,True,35.0,2,Feb,Friday,False,Morning,False
ORD-02008,2025-02-22,18,S07,C0045,Cold Coffee,2,120.0,20,UPI,19.7,5.0,Cold Drinks,Jaipur,Street,2023,False,True,192.0,2,Feb,Saturday,True,Evening,False
ORD-02142,2025-06-08,13,S02,C0685,Mango Shake,1,100.0,0,Card,29.3,,Cold Drinks,Lucknow,Mall,2021,False,False,100.0,6,Jun,Sunday,True,Lunch,False
ORD-01948,2025-12-06,19,S04,C0663,Bun Maska,1,40.0,0,Card,35.6,5.0,Snacks,Delhi,Street,2020,False,True,40.0,12,Dec,Saturday,True,Evening,True
ORD-01701,2025-12-01,19,S02,C0027,Brownie,1,110.0,15,UPI,25.7,5.0,Dessert,Lucknow,Mall,2021,False,True,93.5,12,Dec,Monday,False,Evening,False
ORD-01728,2025-11-12,17,S03,C0064,Cutting Chai,1,20.0,10,Wallet,17.1,4.0,Tea,Delhi,Campus,2018,False,True,18.0,11,Nov,Wednesday,False,Evening,False
ORD-01458,2025-06-09,11,S07,C0541,Mango Shake,3,100.0,10,UPI,22.7,5.0,Cold Drinks,Jaipur,Street,2023,False,True,270.0,6,Jun,Monday,False,Morning,False
ORD-02765,2025-01-27,21,S03,C0801,Ginger Tea,1,35.0,0,UPI,11.5,5.0,Tea,Delhi,Campus,2018,False,True,35.0,1,Jan,Monday,False,Night,False
ORD-01801,2025-08-11,10,S02,C0306,Filter Coffee,1,60.0,0,UPI,26.6,5.0,Coffee,Lucknow,Mall,2021,False,True,60.0,8,Aug,Monday,False,Morning,False
ORD-00492,2025-08-25,21,S06,C0307,Masala Chai,1,30.0,0,Card,29.1,,Tea,Pune,Campus,2021,False,False,30.0,8,Aug,Monday,False,Night,False
ORD-00017,2025-07-22,18,S01,C0378,Brownie,4,110.0,20,UPI,20.4,4.0,Dessert,Lucknow,Campus,2019,False,True,352.0,7,Jul,Tuesday,False,Evening,False
ORD-02009,2025-02-25,13,S07,C0420,Samosa,3,25.0,20,Card,33.1,4.0,Snacks,Jaipur,Street,2023,False,True,60.0,2,Feb,Tuesday,False,Lunch,True
ORD-02326,2025-12-27,13,S02,C0355,Masala Chai,2,30.0,10,UPI,29.2,4.0,Tea,Lucknow,Mall,2021,False,True,54.0,12,Dec,Saturday,True,Lunch,False
ORD-00672,2025-07-29,21,S03,C0851,Samosa,2,25.0,20,UPI,20.0,5.0,Snacks,Delhi,Campus,2018,False,True,40.0,7,Jul,Tuesday,False,Night,False
ORD-02825,2025-12-24,18,S07,C0621,Cutting Chai,2,20.0,5,Cash,16.8,5.0,Tea,Jaipur,Street,2023,False,True,38.0,12,Dec,Wednesday,False,Evening,False
ORD-00011,2025-05-16,14,S06,C0070,Espresso,3,80.0,20,Card,23.8,4.0,Coffee,Pune,Campus,2021,False,True,192.0,5,May,Friday,False,Lunch,False
ORD-00945,2025-06-14,13,S03,C0140,Ginger Tea,1,35.0,5,UPI,20.9,5.0,Tea,Delhi,Campus,2018,False,True,33.25,6,Jun,Saturday,True,Lunch,False
ORD-01093,2025-04-16,10,S07,C0143,Veg Sandwich,1,90.0,5,Cash,26.4,4.0,Snacks,Jaipur,Street,2023,False,True,85.5,4,Apr,Wednesday,False,Morning,False
ORD-02271,2025-08-18,13,S04,C0475,Brownie,3,110.0,15,UPI,38.1,5.0,Dessert,Delhi,Street,2020,False,True,280.5,8,Aug,Monday,False,Lunch,True
ORD-01988,2025-09-10,22,S08,C0762,Cutting Chai,2,20.0,20,UPI,28.9,4.0,Tea,Indore,Street,2022,False,True,32.0,9,Sep,Wednesday,False,Night,False
ORD-01950,2025-12-04,12,S08,C0623,Mango Shake,1,100.0,5,Cash,28.1,5.0,Cold Drinks,Indore,Street,2022,False,True,95.0,12,Dec,Thursday,False,Lunch,False
ORD-02190,2025-12-06,13,S07,C0373,Espresso,2,80.0,15,Wallet,29.2,4.0,Coffee,Jaipur,Street,2023,False,True,136.0,12,Dec,Saturday,True,Lunch,False
ORD-02610,2025-05-09,8,S02,C0718,Samosa,4,25.0,20,Cash,29.4,5.0,Snacks,Lucknow,Mall,2021,False,True,80.0,5,May,Friday,False,Morning,False
ORD-02993,2025-04-24,20,S01,C0052,Brownie,2,110.0,0,Cash,29.5,4.0,Dessert,Lucknow,Campus,2019,False,True,220.0,4,Apr,Thursday,False,Night,False
ORD-00301,2025-10-12,19,S02,C0719,Brownie,1,110.0,0,UPI,28.8,,Dessert,Lucknow,Mall,2021,False,False,110.0,10,Oct,Sunday,True,Evening,False
ORD-01156,2025-01-25,13,S06,C0249,Masala Chai,3,30.0,15,UPI,21.6,5.0,Tea,Pune,Campus,2021,True,True,76.5,1,Jan,Saturday,True,Lunch,False
ORD-01600,2025-04-07,20,S05,C0713,Cold Coffee,2,120.0,10,Card,29.2,4.0,Cold Drinks,Pune,Mall,2022,False,True,216.0,4,Apr,Monday,False,Night,False
ORD-01904,2025-02-26,15,S06,C0445,Veg Sandwich,3,90.0,5,Cash,21.6,5.0,Snacks,Pune,Campus,2021,True,True,256.5,2,Feb,Wednesday,False,Lunch,False
ORD-01671,2025-04-22,12,S08,C0891,Ginger Tea,1,35.0,15,UPI,34.1,4.0,Tea,Indore,Street,2022,False,True,29.75,4,Apr,Tuesday,False,Lunch,True
ORD-02436,2025-12-16,16,S07,C0713,Masala Chai,3,30.0,10,UPI,23.6,4.0,Tea,Jaipur,Street,2023,False,True,81.0,12,Dec,Tuesday,False,Evening,False
ORD-00806,2025-02-22,20,S06,C0198,Masala Chai,3,30.0,0,Card,22.0,5.0,Tea,Pune,Campus,2021,False,True,90.0,2,Feb,Saturday,True,Night,False
ORD-02665,2025-06-29,18,S01,C0567,Filter Coffee,1,60.0,0,UPI,27.1,,Coffee,Lucknow,Campus,2019,False,False,60.0,6,Jun,Sunday,True,Evening,False
ORD-01756,2025-07-31,15,S08,C0650,Cold Coffee,2,120.0,15,Card,20.1,5.0,Cold Drinks,Indore,Street,2022,False,True,204.0,7,Jul,Thursday,False,Lunch,False
ORD-01227,2025-06-21,18,S01,C0117,Mango Shake,4,100.0,10,UPI,13.2,,Cold Drinks,Lucknow,Campus,2019,False,False,360.0,6,Jun,Saturday,True,Evening,False
ORD-01934,2025-10-23,16,S02,C0884,Cutting Chai,2,20.0,5,UPI,27.0,4.0,Tea,Lucknow,Mall,2021,False,True,38.0,10,Oct,Thursday,False,Evening,False
ORD-00911,2025-10-06,10,S06,C0849,Cold Coffee,4,120.0,5,Card,22.2,5.0,Cold Drinks,Pune,Campus,2021,False,True,456.0,10,Oct,Monday,False,Morning,False
ORD-00966,2025-06-26,8,S05,C0476,Cutting Chai,3,20.0,10,UPI,23.2,4.0,Tea,Pune,Mall,2022,False,True,54.0,6,Jun,Thursday,False,Morning,False
ORD-00229,2025-08-20,19,S04,C0832,Samosa,1,25.0,15,UPI,29.7,3.0,Snacks,Delhi,Street,2020,False,True,21.25,8,Aug,Wednesday,False,Evening,False
ORD-00606,2025-10-13,21,S01,C0051,Masala Chai,1,30.0,10,Cash,17.6,5.0,Tea,Lucknow,Campus,2019,False,True,27.0,10,Oct,Monday,False,Night,False
ORD-00890,2025-09-07,20,S05,C0723,Cutting Chai,1,20.0,5,Cash,37.4,3.0,Tea,Pune,Mall,2022,False,True,19.0,9,Sep,Sunday,True,Night,True
ORD-00554,2025-11-28,10,S01,C0199,Filter Coffee,2,60.0,5,UPI,16.3,5.0,Coffee,Lucknow,Campus,2019,False,True,114.0,11,Nov,Friday,False,Morning,False
ORD-02461,2025-11-15,15,S08,C0368,Mango Shake,3,100.0,10,UPI,18.7,5.0,Cold Drinks,Indore,Street,2022,False,True,270.0,11,Nov,Saturday,True,Lunch,False
ORD-00592,2025-06-13,9,S06,C0529,Cold Coffee,1,120.0,15,UPI,11.4,4.0,Cold Drinks,Pune,Campus,2021,False,True,102.0,6,Jun,Friday,False,Morning,False
ORD-00090,2025-07-02,14,S06,C0480,Maggi,2,70.0,10,UPI,22.6,5.0,Snacks,Pune,Campus,2021,False,True,126.0,7,Jul,Wednesday,False,Lunch,False
ORD-02988,2025-07-20,11,S08,C0742,Filter Coffee,1,60.0,0,UPI,27.0,5.0,Coffee,Indore,Street,2022,False,True,60.0,7,Jul,Sunday,True,Morning,False
ORD-00252,2025-11-13,13,S02,C0409,Filter Coffee,1,60.0,0,UPI,30.8,,Coffee,Lucknow,Mall,2021,False,False,60.0,11,Nov,Thursday,False,Lunch,True
ORD-00683,2025-01-07,21,S05,C0677,Ginger Tea,1,35.0,0,UPI,24.4,4.0,Tea,Pune,Mall,2022,False,True,35.0,1,Jan,Tuesday,False,Night,False
ORD-01200,2025-09-26,19,S06,C0315,Masala Chai,1,30.0,5,Cash,28.2,4.0,Tea,Pune,Campus,2021,False,True,28.5,9,Sep,Friday,False,Evening,False
ORD-00398,2025-04-19,20,S01,C0502,Cutting Chai,1,20.0,0,UPI,24.4,5.0,Tea,Lucknow,Campus,2019,False,True,20.0,4,Apr,Saturday,True,Night,False
ORD-02896,2025-02-02,11,S01,C0148,Samosa,2,25.0,15,UPI,21.6,5.0,Snacks,Lucknow,Campus,2019,True,True,42.5,2,Feb,Sunday,True,Morning,False
ORD-01987,2025-04-05,10,S08,C0509,Samosa,1,25.0,0,UPI,22.5,5.0,Snacks,Indore,Street,2022,False,True,25.0,4,Apr,Saturday,True,Morning,False
ORD-02841,2025-10-15,20,S02,C0192,Filter Coffee,1,60.0,0,Cash,32.2,5.0,Coffee,Lucknow,Mall,2021,False,True,60.0,10,Oct,Wednesday,False,Night,True
ORD-02907,2025-12-20,17,S03,C0189,Cold Coffee,2,120.0,10,Cash,14.9,5.0,Cold Drinks,Delhi,Campus,2018,False,True,216.0,12,Dec,Saturday,True,Evening,False
ORD-02045,2025-12-25,17,S08,C0620,Cutting Chai,2,20.0,15,Card,23.5,,Tea,Indore,Street,2022,False,False,34.0,12,Dec,Thursday,False,Evening,False
ORD-01120,2025-11-19,13,S06,C0557,Ginger Tea,3,35.0,10,Card,28.3,5.0,Tea,Pune,Campus,2021,False,True,94.5,11,Nov,Wednesday,False,Lunch,False
ORD-01858,2025-04-15,18,S02,C0808,Samosa,2,25.0,0,Cash,15.2,5.0,Snacks,Lucknow,Mall,2021,False,True,50.0,4,Apr,Tuesday,False,Evening,False
ORD-01740,2025-10-12,13,S04,C0454,Samosa,3,25.0,10,UPI,32.5,5.0,Snacks,Delhi,Street,2020,False,True,67.5,10,Oct,Sunday,True,Lunch,True
ORD-00293,2025-12-04,18,S08,C0620,Espresso,2,80.0,0,UPI,17.4,5.0,Coffee,Indore,Street,2022,False,True,160.0,12,Dec,Thursday,False,Evening,False
ORD-02588,2025-03-02,12,S04,C0134,Ginger Tea,1,35.0,0,Card,32.5,4.0,Tea,Delhi,Street,2020,False,True,35.0,3,Mar,Sunday,True,Lunch,True
ORD-02460,2025-07-12,8,S05,C0531,Masala Chai,1,30.0,0,Cash,32.4,5.0,Tea,Pune,Mall,2022,False,True,30.0,7,Jul,Saturday,True,Morning,True
ORD-00899,2025-03-09,18,S05,C0479,Masala Chai,1,30.0,10,Wallet,28.5,5.0,Tea,Pune,Mall,2022,False,True,27.0,3,Mar,Sunday,True,Evening,False
ORD-01387,2025-09-15,18,S04,C0075,Ginger Tea,1,35.0,0,UPI,27.4,5.0,Tea,Delhi,Street,2020,False,True,35.0,9,Sep,Monday,False,Evening,False
ORD-00499,2025-05-12,22,S03,C0540,Cold Coffee,1,120.0,0,Card,13.1,5.0,Cold Drinks,Delhi,Campus,2018,False,True,120.0,5,May,Monday,False,Night,False
ORD-00135,2025-08-04,8,S03,C0006,Bun Maska,4,40.0,15,Cash,17.5,5.0,Snacks,Delhi,Campus,2018,False,True,136.0,8,Aug,Monday,False,Morning,False
ORD-00397,2025-10-29,17,S07,C0717,Masala Chai,3,30.0,0,UPI,17.5,5.0,Tea,Jaipur,Street,2023,False,True,90.0,10,Oct,Wednesday,False,Evening,False
ORD-01898,2025-04-11,19,S01,C0736,Cold Coffee,4,120.0,0,UPI,28.2,5.0,Cold Drinks,Lucknow,Campus,2019,False,True,480.0,4,Apr,Friday,False,Evening,False
ORD-00064,2025-10-07,19,S03,C0324,Maggi,1,70.0,10,Card,27.1,3.0,Snacks,Delhi,Campus,2018,False,True,63.0,10,Oct,Tuesday,False,Evening,False
ORD-02903,2025-02-24,15,S07,C0285,Masala Chai,4,30.0,0,UPI,25.2,4.0,Tea,Jaipur,Street,2023,False,True,120.0,2,Feb,Monday,False,Lunch,False
ORD-00545,2025-02-22,17,S02,C0016,Cutting Chai,3,20.0,5,UPI,25.3,4.0,Tea,Lucknow,Mall,2021,False,True,57.0,2,Feb,Saturday,True,Evening,False
ORD-01328,2025-07-26,12,S04,C0841,Bun Maska,2,40.0,0,Cash,31.2,4.0,Snacks,Delhi,Street,2020,False,True,80.0,7,Jul,Saturday,True,Lunch,True
ORD-02695,2025-11-16,13,S07,C0680,Samosa,1,25.0,10,Card,22.1,5.0,Snacks,Jaipur,Street,2023,False,True,22.5,11,Nov,Sunday,True,Lunch,False
ORD-01473,2025-02-09,19,S03,C0201,Cold Coffee,1,120.0,0,UPI,20.5,5.0,Cold Drinks,Delhi,Campus,2018,False,True,120.0,2,Feb,Sunday,True,Evening,False
ORD-01891,2025-03-25,13,S04,C0431,Cutting Chai,2,20.0,15,Card,28.8,,Tea,Delhi,Street,2020,False,False,34.0,3,Mar,Tuesday,False,Lunch,False
ORD-00758,2025-12-06,16,S08,C0245,Cutting Chai,1,20.0,0,UPI,25.6,5.0,Tea,Indore,Street,2022,False,True,20.0,12,Dec,Saturday,True,Evening,False
ORD-02182,2025-12-20,8,S06,C0297,Ginger Tea,3,35.0,15,UPI,9.3,5.0,Tea,Pune,Campus,2021,False,True,89.25,12,Dec,Saturday,True,Morning,False
ORD-01688,2025-07-04,20,S06,C0257,Espresso,1,80.0,0,Wallet,30.1,4.0,Coffee,Pune,Campus,2021,False,True,80.0,7,Jul,Friday,False,Night,True
ORD-01197,2025-03-22,9,S01,C0235,Masala Chai,1,30.0,15,Card,17.2,,Tea,Lucknow,Campus,2019,False,False,25.5,3,Mar,Saturday,True,Morning,False
ORD-01223,2025-11-23,18,S04,C0152,Cutting Chai,2,20.0,10,UPI,20.5,5.0,Tea,Delhi,Street,2020,False,True,36.0,11,Nov,Sunday,True,Evening,False
ORD-00075,2025-01-22,18,S07,C0330,Veg Sandwich,2,90.0,5,UPI,17.7,5.0,Snacks,Jaipur,Street,2023,False,True,171.0,1,Jan,Wednesday,False,Evening,False
ORD-01436,2025-12-22,22,S04,C0898,Filter Coffee,2,60.0,5,UPI,20.7,5.0,Coffee,Delhi,Street,2020,False,True,114.0,12,Dec,Monday,False,Night,False
ORD-00307,2025-05-21,19,S06,C0862,Masala Chai,1,30.0,0,Cash,26.0,5.0,Tea,Pune,Campus,2021,False,True,30.0,5,May,Wednesday,False,Evening,False
ORD-01125,2025-06-04,11,S03,C0119,Cheesecake,1,150.0,20,UPI,17.5,5.0,Dessert,Delhi,Campus,2018,False,True,120.0,6,Jun,Wednesday,False,Morning,False
ORD-00532,2025-09-15,18,S08,C0576,Masala Chai,4,30.0,5,UPI,29.0,5.0,Tea,Indore,Street,2022,False,True,114.0,9,Sep,Monday,False,Evening,False
ORD-02002,2025-06-13,9,S08,C0886,Samosa,1,25.0,10,UPI,23.4,,Snacks,Indore,Street,2022,False,False,22.5,6,Jun,Friday,False,Morning,False
ORD-01083,2025-12-04,10,S07,C0659,Samosa,2,25.0,0,Cash,21.2,5.0,Snacks,Jaipur,Street,2023,False,True,50.0,12,Dec,Thursday,False,Morning,False
ORD-01340,2025-05-17,18,S08,C0677,Veg Sandwich,1,90.0,0,UPI,19.1,5.0,Snacks,Indore,Street,2022,False,True,90.0,5,May,Saturday,True,Evening,False
ORD-00080,2025-10-13,13,S07,C0866,Cutting Chai,1,20.0,0,UPI,28.7,,Tea,Jaipur,Street,2023,False,False,20.0,10,Oct,Monday,False,Lunch,False
ORD-00588,2025-05-04,16,S08,C0045,Cold Coffee,1,120.0,5,UPI,19.6,5.0,Cold Drinks,Indore,Street,2022,False,True,114.0,5,May,Sunday,True,Evening,False
ORD-01279,2025-11-13,9,S05,C0418,Cutting Chai,2,20.0,0,UPI,21.9,5.0,Tea,Pune,Mall,2022,False,True,40.0,11,Nov,Thursday,False,Morning,False
ORD-01621,2025-03-17,15,S03,C0706,Cutting Chai,2,20.0,10,Card,20.8,,Tea,Delhi,Campus,2018,False,False,36.0,3,Mar,Monday,False,Lunch,False
ORD-01135,2025-12-23,17,S03,C0862,Filter Coffee,1,60.0,0,UPI,14.2,5.0,Coffee,Delhi,Campus,2018,False,True,60.0,12,Dec,Tuesday,False,Evening,False
ORD-02202,2025-12-08,10,S08,C0315,Masala Chai,1,30.0,15,Card,23.5,5.0,Tea,Indore,Street,2022,False,True,25.5,12,Dec,Monday,False,Morning,False
ORD-02672,2025-06-13,18,S03,C0825,Veg Sandwich,1,90.0,0,UPI,15.8,5.0,Snacks,Delhi,Campus,2018,False,True,90.0,6,Jun,Friday,False,Evening,False
ORD-01555,2025-03-28,19,S06,C0409,Cutting Chai,1,20.0,20,UPI,22.5,4.0,Tea,Pune,Campus,2021,False,True,16.0,3,Mar,Friday,False,Evening,False
ORD-00681,2025-01-25,17,S06,C0861,Samosa,4,25.0,20,UPI,18.8,5.0,Snacks,Pune,Campus,2021,False,True,80.0,1,Jan,Saturday,True,Evening,False
ORD-00132,2025-12-04,18,S05,C0590,Maggi,1,70.0,0,UPI,23.3,5.0,Snacks,Pune,Mall,2022,False,True,70.0,12,Dec,Thursday,False,Evening,False
ORD-01726,2025-01-21,22,S03,C0187,Cutting Chai,2,20.0,20,UPI,22.8,5.0,Tea,Delhi,Campus,2018,False,True,32.0,1,Jan,Tuesday,False,Night,False
ORD-02082,2025-03-15,18,S05,C0478,Mango Shake,1,100.0,0,UPI,18.9,5.0,Cold Drinks,Pune,Mall,2022,False,True,100.0,3,Mar,Saturday,True,Evening,False
ORD-01264,2025-12-13,12,S01,C0542,Bun Maska,1,40.0,0,Cash,21.6,5.0,Snacks,Lucknow,Campus,2019,False,True,40.0,12,Dec,Saturday,True,Lunch,False
ORD-01729,2025-01-12,19,S05,C0148,Espresso,3,80.0,0,UPI,24.9,5.0,Coffee,Pune,Mall,2022,False,True,240.0,1,Jan,Sunday,True,Evening,False
ORD-02113,2025-03-07,10,S08,C0215,Bun Maska,1,40.0,5,Card,21.3,,Snacks,Indore,Street,2022,False,False,38.0,3,Mar,Friday,False,Morning,False
ORD-01108,2025-05-23,21,S05,C0119,Samosa,2,25.0,0,UPI,31.2,,Snacks,Pune,Mall,2022,False,False,50.0,5,May,Friday,False,Night,True
ORD-01313,2025-07-31,17,S03,C0119,Cutting Chai,3,20.0,0,Card,24.9,5.0,Tea,Delhi,Campus,2018,False,True,60.0,7,Jul,Thursday,False,Evening,False
ORD-01086,2025-09-29,19,S06,C0865,Maggi,2,70.0,10,UPI,36.1,4.0,Snacks,Pune,Campus,2021,False,True,126.0,9,Sep,Monday,False,Evening,True
ORD-00523,2025-02-26,8,S01,C0224,Masala Chai,4,30.0,20,UPI,17.9,5.0,Tea,Lucknow,Campus,2019,False,True,96.0,2,Feb,Wednesday,False,Morning,False
ORD-00103,2025-04-07,15,S07,C0400,Brownie,2,110.0,5,UPI,19.1,5.0,Dessert,Jaipur,Street,2023,False,True,209.0,4,Apr,Monday,False,Lunch,False
ORD-00679,2025-02-19,14,S01,C0234,Cutting Chai,2,20.0,0,UPI,19.5,,Tea,Lucknow,Campus,2019,False,False,40.0,2,Feb,Wednesday,False,Lunch,False
ORD-00733,2025-02-10,22,S07,C0832,Espresso,1,80.0,0,Cash,20.5,5.0,Coffee,Jaipur,Street,2023,False,True,80.0,2,Feb,Monday,False,Night,False
ORD-02979,2025-09-19,12,S06,C0861,Cutting Chai,2,20.0,15,UPI,32.1,5.0,Tea,Pune,Campus,2021,False,True,34.0,9,Sep,Friday,False,Lunch,True
ORD-00377,2025-12-08,22,S03,C0798,Masala Chai,4,30.0,0,Wallet,18.6,5.0,Tea,Delhi,Campus,2018,False,True,120.0,12,Dec,Monday,False,Night,False
ORD-00988,2025-01-19,19,S01,C0138,Ginger Tea,2,35.0,0,UPI,21.6,5.0,Tea,Lucknow,Campus,2019,True,True,70.0,1,Jan,Sunday,True,Evening,False
ORD-02355,2025-06-05,15,S04,C0110,Maggi,1,70.0,20,Cash,17.7,5.0,Snacks,Delhi,Street,2020,False,True,56.0,6,Jun,Thursday,False,Lunch,False
ORD-02656,2025-12-05,17,S02,C0513,Masala Chai,2,30.0,0,UPI,26.3,4.0,Tea,Lucknow,Mall,2021,False,True,60.0,12,Dec,Friday,False,Evening,False
ORD-01326,2025-11-17,8,S03,C0828,Filter Coffee,1,60.0,5,Wallet,16.6,5.0,Coffee,Delhi,Campus,2018,False,True,57.0,11,Nov,Monday,False,Morning,False
ORD-02023,2025-01-05,21,S08,C0267,Veg Sandwich,1,90.0,10,Card,15.1,,Snacks,Indore,Street,2022,False,False,81.0,1,Jan,Sunday,True,Night,False
ORD-01731,2025-12-12,16,S06,C0900,Cutting Chai,1,20.0,10,UPI,20.0,5.0,Tea,Pune,Campus,2021,False,True,18.0,12,Dec,Friday,False,Evening,False
ORD-02652,2025-06-03,16,S08,C0663,Cold Coffee,2,120.0,0,Card,20.6,5.0,Cold Drinks,Indore,Street,2022,False,True,240.0,6,Jun,Tuesday,False,Evening,False
ORD-00245,2025-08-10,13,S02,C0253,Masala Chai,1,30.0,15,UPI,34.6,4.0,Tea,Lucknow,Mall,2021,False,True,25.5,8,Aug,Sunday,True,Lunch,True
ORD-01449,2025-08-17,9,S04,C0257,Cold Coffee,4,120.0,15,UPI,29.9,5.0,Cold Drinks,Delhi,Street,2020,False,True,408.0,8,Aug,Sunday,True,Morning,False
ORD-02941,2025-12-27,16,S01,C0523,Mango Shake,2,100.0,5,Card,21.3,5.0,Cold Drinks,Lucknow,Campus,2019,False,True,190.0,12,Dec,Saturday,True,Evening,False
ORD-02014,2025-06-10,13,S03,C0735,Samosa,2,25.0,20,Card,26.2,5.0,Snacks,Delhi,Campus,2018,False,True,40.0,6,Jun,Tuesday,False,Lunch,False
ORD-01260,2025-12-30,20,S01,C0262,Cutting Chai,1,20.0,15,UPI,26.2,4.0,Tea,Lucknow,Campus,2019,False,True,17.0,12,Dec,Tuesday,False,Night,False
ORD-02525,2025-11-29,20,S01,C0385,Cutting Chai,2,20.0,20,Wallet,31.9,5.0,Tea,Lucknow,Campus,2019,False,True,32.0,11,Nov,Saturday,True,Night,True
ORD-00764,2025-02-20,13,S06,C0280,Cutting Chai,2,20.0,10,UPI,20.1,5.0,Tea,Pune,Campus,2021,False,True,36.0,2,Feb,Thursday,False,Lunch,False
ORD-01215,2025-04-09,18,S07,C0231,Mango Shake,2,100.0,15,UPI,28.1,5.0,Cold Drinks,Jaipur,Street,2023,False,True,170.0,4,Apr,Wednesday,False,Evening,False
ORD-01763,2025-03-19,12,S02,C0839,Maggi,1,70.0,0,Cash,29.1,5.0,Snacks,Lucknow,Mall,2021,False,True,70.0,3,Mar,Wednesday,False,Lunch,False
ORD-02781,2025-02-12,9,S05,C0213,Cheesecake,1,150.0,5,Card,26.1,5.0,Dessert,Pune,Mall,2022,False,True,142.5,2,Feb,Wednesday,False,Morning,False
ORD-00407,2025-04-14,15,S08,C0219,Mango Shake,1,100.0,5,UPI,20.5,5.0,Cold Drinks,Indore,Street,2022,False,True,95.0,4,Apr,Monday,False,Lunch,False
ORD-02659,2025-02-08,10,S05,C0333,Masala Chai,1,30.0,0,UPI,28.4,4.0,Tea,Pune,Mall,2022,False,True,30.0,2,Feb,Saturday,True,Morning,False
ORD-02872,2025-06-16,17,S07,C0089,Espresso,1,80.0,20,Cash,19.3,5.0,Coffee,Jaipur,Street,2023,False,True,64.0,6,Jun,Monday,False,Evening,False
ORD-00590,2025-01-10,10,S04,C0150,Cutting Chai,2,20.0,10,UPI,17.7,,Tea,Delhi,Street,2020,False,False,36.0,1,Jan,Friday,False,Morning,False
ORD-02737,2025-03-08,19,S04,C0691,Samosa,1,25.0,10,Wallet,24.7,4.0,Snacks,Delhi,Street,2020,True,True,22.5,3,Mar,Saturday,True,Evening,False
ORD-00824,2025-08-31,14,S01,C0593,Masala Chai,2,30.0,10,UPI,20.0,5.0,Tea,Lucknow,Campus,2019,False,True,54.0,8,Aug,Sunday,True,Lunch,False
ORD-01499,2025-05-07,18,S06,C0891,Veg Sandwich,4,90.0,0,Card,12.7,5.0,Snacks,Pune,Campus,2021,False,True,360.0,5,May,Wednesday,False,Evening,False
ORD-02578,2025-11-10,12,S03,C0450,Mango Shake,1,100.0,0,UPI,22.0,5.0,Cold Drinks,Delhi,Campus,2018,False,True,100.0,11,Nov,Monday,False,Lunch,False
ORD-00619,2025-02-15,17,S02,C0518,Cutting Chai,1,20.0,0,Card,32.4,5.0,Tea,Lucknow,Mall,2021,False,True,20.0,2,Feb,Saturday,True,Evening,True
ORD-02734,2025-05-03,10,S04,C0102,Maggi,1,70.0,10,UPI,23.7,5.0,Snacks,Delhi,Street,2020,False,True,63.0,5,May,Saturday,True,Morning,False
ORD-01024,2025-07-13,22,S04,C0119,Maggi,2,70.0,0,Wallet,24.7,5.0,Snacks,Delhi,Street,2020,True,True,140.0,7,Jul,Sunday,True,Night,False
ORD-02899,2025-08-16,13,S03,C0063,Cold Coffee,2,120.0,0,UPI,26.3,4.0,Cold Drinks,Delhi,Campus,2018,False,True,240.0,8,Aug,Saturday,True,Lunch,False
ORD-02606,2025-02-22,9,S04,C0437,Filter Coffee,2,60.0,15,UPI,21.8,5.0,Coffee,Delhi,Street,2020,False,True,102.0,2,Feb,Saturday,True,Morning,False
ORD-02853,2025-10-25,13,S01,C0015,Masala Chai,1,30.0,10,UPI,23.2,5.0,Tea,Lucknow,Campus,2019,False,True,27.0,10,Oct,Saturday,True,Lunch,False
ORD-01971,2025-04-25,17,S05,C0655,Mango Shake,4,100.0,15,UPI,26.3,5.0,Cold Drinks,Pune,Mall,2022,False,True,340.0,4,Apr,Friday,False,Evening,False
ORD-01390,2025-01-17,12,S02,C0522,Espresso,1,80.0,20,Cash,34.8,,Coffee,Lucknow,Mall,2021,False,False,64.0,1,Jan,Friday,False,Lunch,True
ORD-01413,2025-11-04,10,S01,C0028,Samosa,2,25.0,10,Cash,17.5,4.0,Snacks,Lucknow,Campus,2019,False,True,45.0,11,Nov,Tuesday,False,Morning,False
ORD-02057,2025-12-23,12,S05,C0499,Filter Coffee,3,60.0,5,Unknown,29.6,4.0,Coffee,Pune,Mall,2022,False,True,171.0,12,Dec,Tuesday,False,Lunch,False
ORD-00740,2025-06-01,18,S03,C0198,Cold Coffee,1,120.0,10,Wallet,15.8,5.0,Cold Drinks,Delhi,Campus,2018,False,True,108.0,6,Jun,Sunday,True,Evening,False
ORD-02403,2025-10-03,11,S05,C0708,Filter Coffee,1,60.0,15,UPI,26.7,3.0,Coffee,Pune,Mall,2022,False,True,51.0,10,Oct,Friday,False,Morning,False
ORD-00396,2025-06-15,18,S06,C0645,Maggi,3,70.0,0,UPI,22.5,4.0,Snacks,Pune,Campus,2021,False,True,210.0,6,Jun,Sunday,True,Evening,False
ORD-01344,2025-07-26,21,S01,C0525,Cutting Chai,1,20.0,0,Cash,19.2,5.0,Tea,Lucknow,Campus,2019,False,True,20.0,7,Jul,Saturday,True,Night,False
ORD-00688,2025-12-16,20,S08,C0829,Brownie,1,110.0,0,Card,28.8,5.0,Dessert,Indore,Street,2022,False,True,110.0,12,Dec,Tuesday,False,Night,False
ORD-00956,2025-11-21,15,S04,C0458,Espresso,3,80.0,0,UPI,23.9,,Coffee,Delhi,Street,2020,False,False,240.0,11,Nov,Friday,False,Lunch,False
ORD-02788,2025-07-16,13,S06,C0718,Veg Sandwich,2,90.0,15,Wallet,26.3,5.0,Snacks,Pune,Campus,2021,False,True,153.0,7,Jul,Wednesday,False,Lunch,False
ORD-00100,2025-12-18,21,S01,C0672,Masala Chai,1,30.0,10,Card,20.6,5.0,Tea,Lucknow,Campus,2019,False,True,27.0,12,Dec,Thursday,False,Night,False
ORD-01431,2025-12-06,8,S07,C0788,Cutting Chai,2,20.0,20,UPI,9.4,5.0,Tea,Jaipur,Street,2023,False,True,32.0,12,Dec,Saturday,True,Morning,False
ORD-02480,2025-12-11,19,S07,C0218,Cheesecake,2,150.0,5,Cash,26.4,5.0,Dessert,Jaipur,Street,2023,False,True,285.0,12,Dec,Thursday,False,Evening,False
ORD-01710,2025-04-14,18,S06,GUEST,Cold Coffee,2,120.0,0,UPI,22.3,5.0,Cold Drinks,Pune,Campus,2021,False,True,240.0,4,Apr,Monday,False,Evening,False
ORD-01936,2025-02-07,10,S03,C0600,Masala Chai,2,30.0,5,UPI,14.7,5.0,Tea,Delhi,Campus,2018,False,True,57.0,2,Feb,Friday,False,Morning,False
ORD-02401,2025-08-06,19,S04,C0138,Samosa,3,25.0,0,UPI,28.6,5.0,Snacks,Delhi,Street,2020,False,True,75.0,8,Aug,Wednesday,False,Evening,False
ORD-01524,2025-10-05,15,S02,C0211,Veg Sandwich,1,90.0,0,UPI,25.5,5.0,Snacks,Lucknow,Mall,2021,False,True,90.0,10,Oct,Sunday,True,Lunch,False
ORD-00825,2025-11-02,13,S05,C0735,Samosa,1,25.0,10,UPI,28.05,4.0,Snacks,Pune,Mall,2022,True,True,22.5,11,Nov,Sunday,True,Lunch,False
ORD-02188,2025-08-02,16,S04,C0400,Cold Coffee,4,120.0,5,Cash,25.7,4.0,Cold Drinks,Delhi,Street,2020,False,True,456.0,8,Aug,Saturday,True,Evening,False
ORD-00926,2025-04-03,21,S02,C0798,Mango Shake,3,100.0,0,Unknown,25.6,,Cold Drinks,Lucknow,Mall,2021,False,False,300.0,4,Apr,Thursday,False,Night,False
ORD-00201,2025-10-11,11,S04,C0177,Bun Maska,3,40.0,15,UPI,24.5,5.0,Snacks,Delhi,Street,2020,False,True,102.0,10,Oct,Saturday,True,Morning,False
ORD-02080,2025-01-12,19,S08,C0102,Samosa,1,25.0,5,UPI,37.6,,Snacks,Indore,Street,2022,False,False,23.75,1,Jan,Sunday,True,Evening,True
ORD-02172,2025-04-05,18,S06,C0627,Mango Shake,2,100.0,0,Card,19.2,5.0,Cold Drinks,Pune,Campus,2021,False,True,200.0,4,Apr,Saturday,True,Evening,False
ORD-01437,2025-03-22,12,S01,C0790,Veg Sandwich,1,90.0,0,UPI,27.8,4.0,Snacks,Lucknow,Campus,2019,False,True,90.0,3,Mar,Saturday,True,Lunch,False
ORD-01755,2025-05-08,18,S04,C0884,Maggi,2,70.0,0,UPI,28.7,5.0,Snacks,Delhi,Street,2020,False,True,140.0,5,May,Thursday,False,Evening,False
ORD-02088,2025-05-08,17,S02,C0105,Cold Coffee,1,120.0,0,Card,24.1,4.0,Cold Drinks,Lucknow,Mall,2021,False,True,120.0,5,May,Thursday,False,Evening,False
ORD-00636,2025-02-09,8,S03,C0763,Masala Chai,3,30.0,10,UPI,16.9,5.0,Tea,Delhi,Campus,2018,False,True,81.0,2,Feb,Sunday,True,Morning,False
ORD-00582,2025-07-13,9,S05,C0205,Bun Maska,1,40.0,0,Cash,14.9,5.0,Snacks,Pune,Mall,2022,False,True,40.0,7,Jul,Sunday,True,Morning,False
ORD-02820,2025-12-04,14,S08,C0263,Ginger Tea,1,35.0,0,Cash,18.2,5.0,Tea,Indore,Street,2022,False,True,35.0,12,Dec,Thursday,False,Lunch,False
ORD-01815,2025-10-31,10,S05,C0487,Filter Coffee,3,60.0,5,Cash,21.5,5.0,Coffee,Pune,Mall,2022,False,True,171.0,10,Oct,Friday,False,Morning,False
ORD-02953,2025-02-23,9,S03,C0761,Ginger Tea,1,35.0,5,UPI,17.1,5.0,Tea,Delhi,Campus,2018,False,True,33.25,2,Feb,Sunday,True,Morning,False
ORD-00220,2025-05-25,11,S04,C0491,Cold Coffee,2,120.0,10,UPI,23.9,4.0,Cold Drinks,Delhi,Street,2020,False,True,216.0,5,May,Sunday,True,Morning,False
ORD-00819,2025-08-16,14,S01,C0369,Samosa,1,25.0,0,UPI,20.8,5.0,Snacks,Lucknow,Campus,2019,False,True,25.0,8,Aug,Saturday,True,Lunch,False
ORD-00676,2025-05-24,10,S01,C0441,Maggi,1,70.0,0,Cash,16.1,5.0,Snacks,Lucknow,Campus,2019,False,True,70.0,5,May,Saturday,True,Morning,False
ORD-02774,2025-01-18,18,S06,C0606,Filter Coffee,1,60.0,0,UPI,20.7,5.0,Coffee,Pune,Campus,2021,False,True,60.0,1,Jan,Saturday,True,Evening,False
ORD-00029,2025-02-26,8,S08,C0212,Espresso,2,80.0,0,Cash,23.5,4.0,Coffee,Indore,Street,2022,False,True,160.0,2,Feb,Wednesday,False,Morning,False
ORD-02915,2025-06-16,22,S04,C0851,Filter Coffee,1,60.0,0,UPI,25.1,5.0,Coffee,Delhi,Street,2020,False,True,60.0,6,Jun,Monday,False,Night,False
ORD-00158,2025-08-29,10,S01,C0534,Masala Chai,1,30.0,10,Cash,27.8,5.0,Tea,Lucknow,Campus,2019,False,True,27.0,8,Aug,Friday,False,Morning,False
ORD-02407,2025-07-22,18,S02,C0848,Ginger Tea,1,35.0,0,Card,27.8,4.0,Tea,Lucknow,Mall,2021,False,True,35.0,7,Jul,Tuesday,False,Evening,False
ORD-01469,2025-09-21,15,S07,C0236,Cheesecake,1,150.0,0,UPI,24.7,5.0,Dessert,Jaipur,Street,2023,True,True,150.0,9,Sep,Sunday,True,Lunch,False
ORD-02041,2025-04-14,21,S02,C0548,Filter Coffee,1,60.0,5,UPI,25.1,3.0,Coffee,Lucknow,Mall,2021,False,True,57.0,4,Apr,Monday,False,Night,False
ORD-01070,2025-05-26,10,S06,C0223,Ginger Tea,1,35.0,10,UPI,22.8,4.0,Tea,Pune,Campus,2021,False,True,31.5,5,May,Monday,False,Morning,False
ORD-02428,2025-09-10,11,S02,C0301,Veg Sandwich,1,90.0,0,UPI,26.0,5.0,Snacks,Lucknow,Mall,2021,False,True,90.0,9,Sep,Wednesday,False,Morning,False
ORD-00982,2025-10-26,8,S08,C0556,Espresso,1,80.0,0,UPI,20.3,5.0,Coffee,Indore,Street,2022,False,True,80.0,10,Oct,Sunday,True,Morning,False
ORD-01548,2025-10-02,14,S01,C0471,Cutting Chai,1,20.0,0,UPI,17.9,5.0,Tea,Lucknow,Campus,2019,False,True,20.0,10,Oct,Thursday,False,Lunch,False
ORD-00568,2025-01-22,19,S04,C0462,Ginger Tea,2,35.0,0,Card,28.4,5.0,Tea,Delhi,Street,2020,False,True,70.0,1,Jan,Wednesday,False,Evening,False
ORD-01162,2025-08-26,17,S04,C0309,Ginger Tea,1,35.0,0,Card,21.8,5.0,Tea,Delhi,Street,2020,False,True,35.0,8,Aug,Tuesday,False,Evening,False
ORD-01366,2025-07-10,12,S01,C0175,Masala Chai,1,30.0,0,UPI,31.1,5.0,Tea,Lucknow,Campus,2019,False,True,30.0,7,Jul,Thursday,False,Lunch,True
ORD-02192,2025-07-26,10,S07,C0484,Samosa,2,25.0,10,UPI,21.5,5.0,Snacks,Jaipur,Street,2023,False,True,45.0,7,Jul,Saturday,True,Morning,False
ORD-00163,2025-03-25,18,S03,C0544,Masala Chai,2,30.0,0,UPI,19.4,5.0,Tea,Delhi,Campus,2018,False,True,60.0,3,Mar,Tuesday,False,Evening,False
ORD-01788,2025-09-08,10,S07,C0424,Bun Maska,1,40.0,0,UPI,28.2,5.0,Snacks,Jaipur,Street,2023,False,True,40.0,9,Sep,Monday,False,Morning,False
ORD-01001,2025-01-23,18,S06,C0375,Samosa,2,25.0,0,UPI,17.5,5.0,Snacks,Pune,Campus,2021,False,True,50.0,1,Jan,Thursday,False,Evening,False
ORD-02714,2025-02-21,13,S06,C0344,Mango Shake,2,100.0,0,Wallet,26.1,3.0,Cold Drinks,Pune,Campus,2021,False,True,200.0,2,Feb,Friday,False,Lunch,False
ORD-00477,2025-06-06,17,S07,C0190,Veg Sandwich,1,90.0,10,Card,18.6,,Snacks,Jaipur,Street,2023,False,False,81.0,6,Jun,Friday,False,Evening,False
ORD-02640,2025-03-14,21,S01,C0579,Mango Shake,2,100.0,15,Cash,20.3,5.0,Cold Drinks,Lucknow,Campus,2019,False,True,170.0,3,Mar,Friday,False,Night,False
ORD-00905,2025-12-17,17,S04,C0161,Cutting Chai,3,20.0,0,UPI,24.3,4.0,Tea,Delhi,Street,2020,False,True,60.0,12,Dec,Wednesday,False,Evening,False
ORD-01047,2025-03-14,18,S03,C0631,Cutting Chai,1,20.0,10,UPI,12.5,5.0,Tea,Delhi,Campus,2018,False,True,18.0,3,Mar,Friday,False,Evening,False
ORD-00621,2025-10-11,11,S07,C0803,Samosa,3,25.0,10,Cash,17.0,,Snacks,Jaipur,Street,2023,False,False,67.5,10,Oct,Saturday,True,Morning,False
ORD-01591,2025-03-13,9,S03,C0258,Cutting Chai,3,20.0,0,UPI,11.3,5.0,Tea,Delhi,Campus,2018,False,True,60.0,3,Mar,Thursday,False,Morning,False
ORD-00004,2025-09-12,8,S01,C0277,Bun Maska,2,40.0,20,Cash,24.6,4.0,Snacks,Lucknow,Campus,2019,False,True,64.0,9,Sep,Friday,False,Morning,False
ORD-00964,2025-02-15,22,S03,C0160,Cutting Chai,4,20.0,10,UPI,21.6,5.0,Tea,Delhi,Campus,2018,True,True,72.0,2,Feb,Saturday,True,Night,False
ORD-00692,2025-11-24,11,S01,C0558,Espresso,1,80.0,5,UPI,19.4,5.0,Coffee,Lucknow,Campus,2019,False,True,76.0,11,Nov,Monday,False,Morning,False
ORD-00122,2025-08-25,21,S03,C0133,Ginger Tea,2,35.0,10,UPI,27.8,5.0,Tea,Delhi,Campus,2018,False,True,63.0,8,Aug,Monday,False,Night,False
ORD-02662,2025-05-25,14,S03,C0384,Masala Chai,1,30.0,5,Card,18.1,5.0,Tea,Delhi,Campus,2018,False,True,28.5,5,May,Sunday,True,Lunch,False
ORD-02191,2025-02-12,14,S06,C0560,Espresso,2,80.0,0,UPI,14.5,5.0,Coffee,Pune,Campus,2021,False,True,160.0,2,Feb,Wednesday,False,Lunch,False
ORD-00273,2025-01-20,20,S05,C0671,Cold Coffee,1,120.0,0,Cash,35.6,5.0,Cold Drinks,Pune,Mall,2022,False,True,120.0,1,Jan,Monday,False,Night,True
ORD-00425,2025-08-10,17,S01,C0046,Cutting Chai,2,20.0,0,UPI,20.7,5.0,Tea,Lucknow,Campus,2019,False,True,40.0,8,Aug,Sunday,True,Evening,False
ORD-02893,2025-08-14,17,S06,C0481,Cold Coffee,4,120.0,0,UPI,23.0,5.0,Cold Drinks,Pune,Campus,2021,False,True,480.0,8,Aug,Thursday,False,Evening,False
ORD-02033,2025-05-06,22,S05,C0365,Masala Chai,2,30.0,0,UPI,23.6,,Tea,Pune,Mall,2022,False,False,60.0,5,May,Tuesday,False,Night,False
ORD-00943,2025-03-07,19,S04,C0609,Cutting Chai,1,20.0,10,UPI,24.5,5.0,Tea,Delhi,Street,2020,False,True,18.0,3,Mar,Friday,False,Evening,False
ORD-00044,2025-04-25,17,S08,C0178,Cold Coffee,2,120.0,0,UPI,22.8,5.0,Cold Drinks,Indore,Street,2022,False,True,240.0,4,Apr,Friday,False,Evening,False
ORD-00324,2025-07-15,18,S01,C0104,Veg Sandwich,1,90.0,0,UPI,20.6,5.0,Snacks,Lucknow,Campus,2019,False,True,90.0,7,Jul,Tuesday,False,Evening,False
ORD-02104,2025-12-08,17,S06,C0049,Espresso,4,80.0,20,Cash,19.9,4.0,Coffee,Pune,Campus,2021,False,True,256.0,12,Dec,Monday,False,Evening,False
ORD-00205,2025-01-05,8,S01,C0893,Maggi,1,70.0,5,Wallet,23.4,5.0,Snacks,Lucknow,Campus,2019,False,True,66.5,1,Jan,Sunday,True,Morning,False
ORD-00527,2025-12-16,16,S03,C0190,Masala Chai,1,30.0,10,UPI,21.9,5.0,Tea,Delhi,Campus,2018,False,True,27.0,12,Dec,Tuesday,False,Evening,False
ORD-01377,2025-08-26,17,S01,C0532,Bun Maska,1,40.0,0,UPI,31.9,3.0,Snacks,Lucknow,Campus,2019,False,True,40.0,8,Aug,Tuesday,False,Evening,True
ORD-01561,2025-12-31,13,S08,C0877,Cheesecake,2,150.0,0,Cash,32.1,4.0,Dessert,Indore,Street,2022,False,True,300.0,12,Dec,Wednesday,False,Lunch,True
ORD-02259,2025-01-22,15,S06,C0368,Ginger Tea,1,35.0,5,Cash,14.5,5.0,Tea,Pune,Campus,2021,False,True,33.25,1,Jan,Wednesday,False,Lunch,False
ORD-01049,2025-11-10,21,S04,C0231,Cutting Chai,2,20.0,20,Card,25.2,5.0,Tea,Delhi,Street,2020,False,True,32.0,11,Nov,Monday,False,Night,False
ORD-01251,2025-02-06,19,S04,C0842,Cutting Chai,1,20.0,10,Card,31.7,4.0,Tea,Delhi,Street,2020,False,True,18.0,2,Feb,Thursday,False,Evening,True
ORD-02416,2025-02-09,19,S07,C0729,Ginger Tea,1,35.0,5,UPI,31.3,4.0,Tea,Jaipur,Street,2023,False,True,33.25,2,Feb,Sunday,True,Evening,True
ORD-00311,2025-06-24,12,S01,C0430,Maggi,1,70.0,15,Cash,34.7,3.0,Snacks,Lucknow,Campus,2019,False,True,59.5,6,Jun,Tuesday,False,Lunch,True
ORD-00341,2025-02-20,9,S07,C0181,Cutting Chai,1,20.0,5,Cash,22.9,5.0,Tea,Jaipur,Street,2023,False,True,19.0,2,Feb,Thursday,False,Morning,False
ORD-00543,2025-11-02,14,S08,C0775,Veg Sandwich,1,90.0,0,UPI,20.2,5.0,Snacks,Indore,Street,2022,False,True,90.0,11,Nov,Sunday,True,Lunch,False
ORD-02341,2025-03-04,17,S02,C0146,Ginger Tea,2,35.0,10,Card,29.7,5.0,Tea,Lucknow,Mall,2021,False,True,63.0,3,Mar,Tuesday,False,Evening,False
ORD-00944,2025-05-31,17,S05,C0658,Mango Shake,2,100.0,15,UPI,25.7,,Cold Drinks,Pune,Mall,2022,False,False,170.0,5,May,Saturday,True,Evening,False
ORD-01212,2025-10-29,14,S07,C0279,Ginger Tea,2,35.0,0,Cash,31.8,5.0,Tea,Jaipur,Street,2023,False,True,70.0,10,Oct,Wednesday,False,Lunch,True
ORD-00734,2025-05-21,11,S07,C0168,Mango Shake,4,100.0,15,UPI,21.7,4.0,Cold Drinks,Jaipur,Street,2023,False,True,340.0,5,May,Wednesday,False,Morning,False
ORD-00933,2025-05-28,16,S05,C0031,Mango Shake,1,100.0,5,Cash,29.8,4.0,Cold Drinks,Pune,Mall,2022,False,True,95.0,5,May,Wednesday,False,Evening,False
ORD-01446,2025-07-27,8,S06,GUEST,Espresso,2,80.0,0,UPI,18.7,4.0,Coffee,Pune,Campus,2021,False,True,160.0,7,Jul,Sunday,True,Morning,False
ORD-02990,2025-08-11,18,S03,C0064,Espresso,1,80.0,15,Cash,24.4,5.0,Coffee,Delhi,Campus,2018,False,True,68.0,8,Aug,Monday,False,Evening,False
ORD-02151,2025-08-28,10,S04,C0412,Samosa,3,25.0,0,UPI,29.7,5.0,Snacks,Delhi,Street,2020,False,True,75.0,8,Aug,Thursday,False,Morning,False
ORD-00352,2025-03-04,16,S08,C0366,Masala Chai,2,30.0,5,Card,25.8,4.0,Tea,Indore,Street,2022,False,True,57.0,3,Mar,Tuesday,False,Evening,False
ORD-00867,2025-11-12,8,S04,C0785,Filter Coffee,1,60.0,0,Cash,24.4,5.0,Coffee,Delhi,Street,2020,False,True,60.0,11,Nov,Wednesday,False,Morning,False
ORD-00795,2025-01-11,12,S05,C0088,Filter Coffee,1,60.0,0,UPI,28.05,5.0,Coffee,Pune,Mall,2022,True,True,60.0,1,Jan,Saturday,True,Lunch,False
ORD-02975,2025-07-04,10,S03,C0222,Brownie,3,110.0,0,Cash,27.5,4.0,Dessert,Delhi,Campus,2018,False,True,330.0,7,Jul,Friday,False,Morning,False
ORD-02297,2025-09-23,18,S06,C0499,Cheesecake,1,150.0,0,UPI,28.3,4.0,Dessert,Pune,Campus,2021,False,True,150.0,9,Sep,Tuesday,False,Evening,False
ORD-00774,2025-11-07,17,S08,C0424,Bun Maska,1,40.0,0,UPI,23.3,5.0,Snacks,Indore,Street,2022,False,True,40.0,11,Nov,Friday,False,Evening,False
ORD-00773,2025-08-04,18,S04,C0317,Samosa,2,25.0,10,Unknown,25.0,5.0,Snacks,Delhi,Street,2020,False,True,45.0,8,Aug,Monday,False,Evening,False
ORD-02356,2025-10-18,11,S07,C0647,Maggi,4,70.0,10,UPI,16.4,5.0,Snacks,Jaipur,Street,2023,False,True,252.0,10,Oct,Saturday,True,Morning,False
ORD-00486,2025-06-02,12,S08,C0712,Bun Maska,3,40.0,10,Card,31.8,,Snacks,Indore,Street,2022,False,False,108.0,6,Jun,Monday,False,Lunch,True
ORD-01884,2025-10-01,20,S06,C0137,Ginger Tea,1,35.0,0,UPI,19.1,4.0,Tea,Pune,Campus,2021,False,True,35.0,10,Oct,Wednesday,False,Night,False
ORD-00297,2025-12-24,10,S07,C0184,Samosa,1,25.0,20,UPI,23.7,4.0,Snacks,Jaipur,Street,2023,False,True,20.0,12,Dec,Wednesday,False,Morning,False
ORD-02214,2025-06-26,9,S05,C0865,Maggi,4,70.0,0,UPI,22.4,5.0,Snacks,Pune,Mall,2022,False,True,280.0,6,Jun,Thursday,False,Morning,False
ORD-01942,2025-06-15,21,S03,C0380,Masala Chai,2,30.0,0,UPI,21.6,5.0,Tea,Delhi,Campus,2018,True,True,60.0,6,Jun,Sunday,True,Night,False
ORD-02758,2025-09-13,13,S02,C0878,Espresso,2,80.0,15,UPI,32.4,4.0,Coffee,Lucknow,Mall,2021,False,True,136.0,9,Sep,Saturday,True,Lunch,True
ORD-02780,2025-02-19,21,S02,C0298,Masala Chai,1,30.0,0,UPI,26.7,5.0,Tea,Lucknow,Mall,2021,False,True,30.0,2,Feb,Wednesday,False,Night,False
ORD-00462,2025-02-23,8,S06,C0427,Bun Maska,2,40.0,0,Cash,21.6,5.0,Snacks,Pune,Campus,2021,True,True,80.0,2,Feb,Sunday,True,Morning,False
ORD-02760,2025-07-11,17,S02,C0367,Masala Chai,1,30.0,5,Cash,17.4,4.0,Tea,Lucknow,Mall,2021,False,True,28.5,7,Jul,Friday,False,Evening,False
ORD-01556,2025-10-06,20,S08,C0786,Bun Maska,1,40.0,0,UPI,24.7,5.0,Snacks,Indore,Street,2022,True,True,40.0,10,Oct,Monday,False,Night,False
ORD-02732,2025-04-20,13,S04,C0724,Maggi,1,70.0,0,UPI,28.2,5.0,Snacks,Delhi,Street,2020,False,True,70.0,4,Apr,Sunday,True,Lunch,False
ORD-01256,2025-11-08,13,S01,C0410,Masala Chai,1,30.0,0,Cash,17.2,,Tea,Lucknow,Campus,2019,False,False,30.0,11,Nov,Saturday,True,Lunch,False
ORD-02289,2025-03-15,14,S03,C0496,Ginger Tea,1,35.0,0,UPI,13.8,5.0,Tea,Delhi,Campus,2018,False,True,35.0,3,Mar,Saturday,True,Lunch,False
ORD-00244,2025-07-13,12,S07,C0560,Ginger Tea,2,35.0,15,UPI,28.9,5.0,Tea,Jaipur,Street,2023,False,True,59.5,7,Jul,Sunday,True,Lunch,False
ORD-02119,2025-02-09,14,S03,C0582,Masala Chai,4,30.0,10,UPI,17.9,5.0,Tea,Delhi,Campus,2018,False,True,108.0,2,Feb,Sunday,True,Lunch,False
ORD-01845,2025-03-02,12,S01,C0311,Filter Coffee,3,60.0,10,Card,21.7,5.0,Coffee,Lucknow,Campus,2019,False,True,162.0,3,Mar,Sunday,True,Lunch,False
ORD-02225,2025-11-24,9,S03,C0797,Ginger Tea,2,35.0,5,UPI,23.1,5.0,Tea,Delhi,Campus,2018,False,True,66.5,11,Nov,Monday,False,Morning,False
ORD-00137,2025-12-16,16,S08,C0594,Bun Maska,1,40.0,5,UPI,18.9,5.0,Snacks,Indore,Street,2022,False,True,38.0,12,Dec,Tuesday,False,Evening,False
ORD-00538,2025-03-01,12,S05,C0379,Mango Shake,1,100.0,5,UPI,25.1,5.0,Cold Drinks,Pune,Mall,2022,False,True,95.0,3,Mar,Saturday,True,Lunch,False
ORD-00508,2025-11-02,11,S01,C0022,Bun Maska,2,40.0,5,Card,14.5,5.0,Snacks,Lucknow,Campus,2019,False,True,76.0,11,Nov,Sunday,True,Morning,False
ORD-02812,2025-11-15,15,S08,C0432,Masala Chai,3,30.0,0,Cash,19.1,5.0,Tea,Indore,Street,2022,False,True,90.0,11,Nov,Saturday,True,Lunch,False
ORD-01403,2025-12-20,16,S03,C0396,Masala Chai,3,30.0,0,Card,12.6,5.0,Tea,Delhi,Campus,2018,False,True,90.0,12,Dec,Saturday,True,Evening,False
ORD-01325,2025-05-01,12,S06,C0383,Ginger Tea,1,35.0,10,Card,27.4,5.0,Tea,Pune,Campus,2021,False,True,31.5,5,May,Thursday,False,Lunch,False
ORD-02620,2025-11-26,12,S06,C0103,Masala Chai,1,30.0,0,Card,21.6,5.0,Tea,Pune,Campus,2021,True,True,30.0,11,Nov,Wednesday,False,Lunch,False
ORD-01842,2025-07-27,18,S03,C0226,Filter Coffee,1,60.0,5,Cash,15.4,5.0,Coffee,Delhi,Campus,2018,False,True,57.0,7,Jul,Sunday,True,Evening,False
ORD-00339,2025-02-01,17,S01,C0621,Cutting Chai,3,20.0,10,Cash,21.5,5.0,Tea,Lucknow,Campus,2019,False,True,54.0,2,Feb,Saturday,True,Evening,False
ORD-02504,2025-10-30,17,S05,C0342,Samosa,4,25.0,15,UPI,21.6,5.0,Snacks,Pune,Mall,2022,False,True,85.0,10,Oct,Thursday,False,Evening,False
ORD-02914,2025-09-03,12,S03,C0447,Cutting Chai,4,20.0,5,UPI,32.0,3.0,Tea,Delhi,Campus,2018,False,True,76.0,9,Sep,Wednesday,False,Lunch,True
ORD-01103,2025-10-19,21,S05,C0674,Mango Shake,1,100.0,5,Cash,29.3,5.0,Cold Drinks,Pune,Mall,2022,False,True,95.0,10,Oct,Sunday,True,Night,False
ORD-02208,2025-06-11,18,S03,C0130,Maggi,2,70.0,20,Cash,18.5,5.0,Snacks,Delhi,Campus,2018,False,True,112.0,6,Jun,Wednesday,False,Evening,False
ORD-01886,2025-05-01,12,S03,C0020,Veg Sandwich,1,90.0,5,UPI,24.7,5.0,Snacks,Delhi,Campus,2018,False,True,85.5,5,May,Thursday,False,Lunch,False
ORD-01067,2025-05-26,14,S06,C0520,Espresso,1,80.0,10,Cash,10.1,5.0,Coffee,Pune,Campus,2021,False,True,72.0,5,May,Monday,False,Lunch,False
ORD-00861,2025-09-28,11,S02,C0481,Espresso,1,80.0,5,Card,27.9,4.0,Coffee,Lucknow,Mall,2021,False,True,76.0,9,Sep,Sunday,True,Morning,False
ORD-00544,2025-12-28,16,S04,C0279,Cutting Chai,2,20.0,5,UPI,22.4,5.0,Tea,Delhi,Street,2020,False,True,38.0,12,Dec,Sunday,True,Evening,False
ORD-00615,2025-04-16,9,S08,C0712,Mango Shake,2,100.0,0,UPI,19.7,5.0,Cold Drinks,Indore,Street,2022,False,True,200.0,4,Apr,Wednesday,False,Morning,False
ORD-00359,2025-06-29,17,S04,C0054,Samosa,1,25.0,20,UPI,22.3,5.0,Snacks,Delhi,Street,2020,False,True,20.0,6,Jun,Sunday,True,Evening,False
ORD-02910,2025-07-27,17,S02,C0506,Masala Chai,3,30.0,10,Cash,28.7,5.0,Tea,Lucknow,Mall,2021,False,True,81.0,7,Jul,Sunday,True,Evening,False
ORD-01944,2025-03-06,14,S04,C0276,Cheesecake,4,150.0,0,Card,15.4,5.0,Dessert,Delhi,Street,2020,False,True,600.0,3,Mar,Thursday,False,Lunch,False
ORD-01127,2025-07-02,8,S03,C0880,Cold Coffee,3,120.0,10,UPI,18.7,,Cold Drinks,Delhi,Campus,2018,False,False,324.0,7,Jul,Wednesday,False,Morning,False
ORD-02148,2025-12-29,9,S02,C0839,Ginger Tea,2,35.0,15,Cash,26.0,4.0,Tea,Lucknow,Mall,2021,False,True,59.5,12,Dec,Monday,False,Morning,False
ORD-00489,2025-07-28,21,S01,C0263,Cutting Chai,2,20.0,15,UPI,16.3,5.0,Tea,Lucknow,Campus,2019,False,True,34.0,7,Jul,Monday,False,Night,False
ORD-01324,2025-10-15,17,S08,C0194,Masala Chai,2,30.0,20,UPI,25.6,5.0,Tea,Indore,Street,2022,False,True,48.0,10,Oct,Wednesday,False,Evening,False
ORD-00847,2025-05-25,19,S02,C0611,Bun Maska,1,40.0,5,UPI,35.6,5.0,Snacks,Lucknow,Mall,2021,False,True,38.0,5,May,Sunday,True,Evening,True
ORD-01628,2025-03-10,9,S08,C0358,Ginger Tea,2,35.0,0,UPI,16.3,5.0,Tea,Indore,Street,2022,False,True,70.0,3,Mar,Monday,False,Morning,False
ORD-01131,2025-12-31,20,S04,C0438,Samosa,1,25.0,10,Cash,26.6,,Snacks,Delhi,Street,2020,False,False,22.5,12,Dec,Wednesday,False,Night,False
ORD-02482,2025-03-27,17,S02,C0060,Masala Chai,1,30.0,10,Cash,28.05,5.0,Tea,Lucknow,Mall,2021,True,True,27.0,3,Mar,Thursday,False,Evening,False
ORD-02137,2025-04-26,20,S05,C0851,Masala Chai,2,30.0,5,Card,31.3,5.0,Tea,Pune,Mall,2022,False,True,57.0,4,Apr,Saturday,True,Night,True
ORD-01806,2025-09-07,17,S06,C0743,Bun Maska,3,40.0,0,UPI,18.3,5.0,Snacks,Pune,Campus,2021,False,True,120.0,9,Sep,Sunday,True,Evening,False
ORD-00235,2025-12-07,10,S03,C0280,Masala Chai,2,30.0,15,UPI,15.1,5.0,Tea,Delhi,Campus,2018,False,True,51.0,12,Dec,Sunday,True,Morning,False
ORD-02415,2025-06-28,21,S01,C0087,Samosa,2,25.0,0,Cash,16.9,5.0,Snacks,Lucknow,Campus,2019,False,True,50.0,6,Jun,Saturday,True,Night,False
ORD-01105,2025-02-20,18,S03,C0882,Maggi,2,70.0,0,UPI,12.8,5.0,Snacks,Delhi,Campus,2018,False,True,140.0,2,Feb,Thursday,False,Evening,False
ORD-02418,2025-07-12,16,S07,C0322,Brownie,2,110.0,10,UPI,17.0,,Dessert,Jaipur,Street,2023,False,False,198.0,7,Jul,Saturday,True,Evening,False
ORD-01298,2025-03-02,14,S01,C0447,Mango Shake,4,100.0,0,Cash,13.7,5.0,Cold Drinks,Lucknow,Campus,2019,False,True,400.0,3,Mar,Sunday,True,Lunch,False
ORD-00839,2025-06-02,20,S08,C0780,Bun Maska,4,40.0,5,Card,34.8,5.0,Snacks,Indore,Street,2022,False,True,152.0,6,Jun,Monday,False,Night,True
ORD-02140,2025-11-05,11,S03,C0234,Bun Maska,1,40.0,10,UPI,18.4,5.0,Snacks,Delhi,Campus,2018,False,True,36.0,11,Nov,Wednesday,False,Morning,False
ORD-01364,2025-01-15,18,S07,C0835,Brownie,1,110.0,20,Cash,16.9,5.0,Dessert,Jaipur,Street,2023,False,True,88.0,1,Jan,Wednesday,False,Evening,False
ORD-01909,2025-10-20,19,S04,C0606,Samosa,1,25.0,5,UPI,36.3,4.0,Snacks,Delhi,Street,2020,False,True,23.75,10,Oct,Monday,False,Evening,True
ORD-00476,2025-04-22,22,S01,C0531,Cold Coffee,2,120.0,10,UPI,20.7,5.0,Cold Drinks,Lucknow,Campus,2019,False,True,216.0,4,Apr,Tuesday,False,Night,False
ORD-00166,2025-05-16,14,S06,C0022,Samosa,1,25.0,0,UPI,16.1,5.0,Snacks,Pune,Campus,2021,False,True,25.0,5,May,Friday,False,Lunch,False
ORD-01080,2025-05-03,18,S08,C0713,Cold Coffee,2,120.0,20,Cash,14.5,5.0,Cold Drinks,Indore,Street,2022,False,True,192.0,5,May,Saturday,True,Evening,False
ORD-00155,2025-02-09,15,S04,C0275,Masala Chai,2,30.0,10,UPI,17.6,5.0,Tea,Delhi,Street,2020,False,True,54.0,2,Feb,Sunday,True,Lunch,False
ORD-02475,2025-05-15,9,S03,C0379,Samosa,1,25.0,5,UPI,20.8,4.0,Snacks,Delhi,Campus,2018,False,True,23.75,5,May,Thursday,False,Morning,False
ORD-01797,2025-07-27,11,S02,C0092,Cutting Chai,2,20.0,0,Wallet,29.7,5.0,Tea,Lucknow,Mall,2021,False,True,40.0,7,Jul,Sunday,True,Morning,False
ORD-01493,2025-08-25,21,S06,C0510,Cheesecake,1,150.0,15,Cash,28.7,4.0,Dessert,Pune,Campus,2021,False,True,127.5,8,Aug,Monday,False,Night,False
ORD-00439,2025-09-29,16,S07,C0372,Masala Chai,4,30.0,5,Unknown,28.2,4.0,Tea,Jaipur,Street,2023,False,True,114.0,9,Sep,Monday,False,Evening,False
ORD-02680,2025-05-05,13,S06,C0205,Cold Coffee,2,120.0,10,UPI,19.5,,Cold Drinks,Pune,Campus,2021,False,False,216.0,5,May,Monday,False,Lunch,False
ORD-02379,2025-02-18,17,S03,C0675,Cutting Chai,2,20.0,15,UPI,15.2,5.0,Tea,Delhi,Campus,2018,False,True,34.0,2,Feb,Tuesday,False,Evening,False
ORD-00719,2025-08-27,19,S05,C0376,Maggi,1,70.0,0,UPI,36.2,4.0,Snacks,Pune,Mall,2022,False,True,70.0,8,Aug,Wednesday,False,Evening,True
ORD-01608,2025-04-07,21,S01,C0229,Filter Coffee,4,60.0,20,Cash,21.2,5.0,Coffee,Lucknow,Campus,2019,False,True,192.0,4,Apr,Monday,False,Night,False
ORD-01129,2025-08-27,10,S07,C0856,Veg Sandwich,1,90.0,5,Card,21.7,5.0,Snacks,Jaipur,Street,2023,False,True,85.5,8,Aug,Wednesday,False,Morning,False
ORD-02982,2025-04-12,12,S05,C0166,Mango Shake,2,100.0,10,Card,24.3,5.0,Cold Drinks,Pune,Mall,2022,False,True,180.0,4,Apr,Saturday,True,Lunch,False
ORD-01785,2025-03-31,22,S03,C0079,Brownie,1,110.0,15,UPI,18.6,5.0,Dessert,Delhi,Campus,2018,False,True,93.5,3,Mar,Monday,False,Night,False
ORD-02984,2025-08-10,12,S07,C0773,Ginger Tea,2,35.0,10,Wallet,38.1,4.0,Tea,Jaipur,Street,2023,False,True,63.0,8,Aug,Sunday,True,Lunch,True
ORD-01674,2025-02-16,19,S03,C0530,Cutting Chai,1,20.0,0,Card,28.4,5.0,Tea,Delhi,Campus,2018,False,True,20.0,2,Feb,Sunday,True,Evening,False
ORD-00012,2025-12-05,18,S06,C0874,Veg Sandwich,1,90.0,0,Cash,13.6,5.0,Snacks,Pune,Campus,2021,False,True,90.0,12,Dec,Friday,False,Evening,False
ORD-00767,2025-03-10,12,S07,C0754,Cold Coffee,1,120.0,0,UPI,26.1,4.0,Cold Drinks,Jaipur,Street,2023,False,True,120.0,3,Mar,Monday,False,Lunch,False
ORD-01063,2025-04-04,19,S03,C0894,Ginger Tea,2,35.0,5,UPI,28.8,5.0,Tea,Delhi,Campus,2018,False,True,66.5,4,Apr,Friday,False,Evening,False
ORD-01463,2025-03-08,8,S01,C0034,Ginger Tea,1,35.0,5,UPI,17.2,5.0,Tea,Lucknow,Campus,2019,False,True,33.25,3,Mar,Saturday,True,Morning,False
ORD-00198,2025-11-16,12,S01,C0871,Masala Chai,1,30.0,0,Cash,15.4,5.0,Tea,Lucknow,Campus,2019,False,True,30.0,11,Nov,Sunday,True,Lunch,False
ORD-02955,2025-07-08,19,S04,C0459,Filter Coffee,4,60.0,10,UPI,32.1,5.0,Coffee,Delhi,Street,2020,False,True,216.0,7,Jul,Tuesday,False,Evening,True
ORD-00665,2025-05-05,9,S02,C0837,Filter Coffee,1,60.0,0,UPI,29.5,4.0,Coffee,Lucknow,Mall,2021,False,True,60.0,5,May,Monday,False,Morning,False
ORD-02019,2025-08-13,10,S03,C0854,Mango Shake,2,100.0,0,Card,21.4,5.0,Cold Drinks,Delhi,Campus,2018,False,True,200.0,8,Aug,Wednesday,False,Morning,False
ORD-00415,2025-01-11,20,S04,C0806,Cutting Chai,1,20.0,10,Cash,37.0,3.0,Tea,Delhi,Street,2020,False,True,18.0,1,Jan,Saturday,True,Night,True
ORD-01514,2025-09-30,14,S06,C0033,Masala Chai,2,30.0,5,Cash,21.6,4.0,Tea,Pune,Campus,2021,False,True,57.0,9,Sep,Tuesday,False,Lunch,False
ORD-00749,2025-10-12,19,S04,C0064,Ginger Tea,2,35.0,5,Card,20.4,,Tea,Delhi,Street,2020,False,False,66.5,10,Oct,Sunday,True,Evening,False
ORD-02279,2025-11-10,14,S08,C0688,Masala Chai,1,30.0,10,Cash,21.2,5.0,Tea,Indore,Street,2022,False,True,27.0,11,Nov,Monday,False,Lunch,False
ORD-01379,2025-08-20,16,S04,C0539,Maggi,1,70.0,10,UPI,22.9,,Snacks,Delhi,Street,2020,False,False,63.0,8,Aug,Wednesday,False,Evening,False
ORD-01902,2025-01-09,13,S05,C0589,Cutting Chai,1,20.0,10,UPI,28.1,3.0,Tea,Pune,Mall,2022,False,True,18.0,1,Jan,Thursday,False,Lunch,False
ORD-00117,2025-10-04,11,S03,C0323,Cutting Chai,1,20.0,0,UPI,23.8,5.0,Tea,Delhi,Campus,2018,False,True,20.0,10,Oct,Saturday,True,Morning,False
ORD-01439,2025-12-08,20,S02,C0073,Cutting Chai,1,20.0,0,UPI,28.2,5.0,Tea,Lucknow,Mall,2021,False,True,20.0,12,Dec,Monday,False,Night,False
ORD-02025,2025-06-16,12,S02,C0026,Samosa,1,25.0,5,UPI,28.3,5.0,Snacks,Lucknow,Mall,2021,False,True,23.75,6,Jun,Monday,False,Lunch,False
ORD-02804,2025-08-06,18,S02,C0728,Mango Shake,2,100.0,0,UPI,25.7,,Cold Drinks,Lucknow,Mall,2021,False,False,200.0,8,Aug,Wednesday,False,Evening,False
ORD-00967,2025-12-14,13,S04,C0693,Filter Coffee,2,60.0,5,Card,24.7,5.0,Coffee,Delhi,Street,2020,True,True,114.0,12,Dec,Sunday,True,Lunch,False
ORD-02315,2025-05-09,10,S02,C0312,Cold Coffee,4,120.0,20,Cash,25.7,5.0,Cold Drinks,Lucknow,Mall,2021,False,True,384.0,5,May,Friday,False,Morning,False
ORD-01906,2025-06-12,9,S02,C0186,Mango Shake,4,100.0,20,Card,24.3,4.0,Cold Drinks,Lucknow,Mall,2021,False,True,320.0,6,Jun,Thursday,False,Morning,False
ORD-00230,2025-02-08,13,S04,C0151,Ginger Tea,2,35.0,10,UPI,28.6,5.0,Tea,Delhi,Street,2020,False,True,63.0,2,Feb,Saturday,True,Lunch,False
ORD-01459,2025-12-12,14,S01,C0572,Masala Chai,3,30.0,5,UPI,11.1,5.0,Tea,Lucknow,Campus,2019,False,True,85.5,12,Dec,Friday,False,Lunch,False
ORD-00031,2025-09-29,13,S03,C0307,Bun Maska,3,40.0,0,Wallet,30.2,5.0,Snacks,Delhi,Campus,2018,False,True,120.0,9,Sep,Monday,False,Lunch,True
ORD-01998,2025-05-03,19,S04,C0244,Cold Coffee,2,120.0,5,Cash,25.6,4.0,Cold Drinks,Delhi,Street,2020,False,True,228.0,5,May,Saturday,True,Evening,False
ORD-02621,2025-11-16,19,S08,C0024,Ginger Tea,1,35.0,10,UPI,25.1,4.0,Tea,Indore,Street,2022,False,True,31.5,11,Nov,Sunday,True,Evening,False
ORD-02029,2025-07-13,15,S08,C0641,Mango Shake,2,100.0,10,Card,22.5,5.0,Cold Drinks,Indore,Street,2022,False,True,180.0,7,Jul,Sunday,True,Lunch,False
ORD-01962,2025-06-01,11,S02,C0365,Ginger Tea,2,35.0,0,UPI,28.05,,Tea,Lucknow,Mall,2021,True,False,70.0,6,Jun,Sunday,True,Morning,False
ORD-01551,2025-02-17,21,S08,C0263,Masala Chai,1,30.0,0,Cash,16.5,5.0,Tea,Indore,Street,2022,False,True,30.0,2,Feb,Monday,False,Night,False
ORD-00265,2025-12-03,10,S04,C0607,Cutting Chai,1,20.0,10,UPI,30.0,5.0,Tea,Delhi,Street,2020,False,True,18.0,12,Dec,Wednesday,False,Morning,False
ORD-01434,2025-02-27,16,S01,C0843,Cutting Chai,3,20.0,10,Card,23.8,4.0,Tea,Lucknow,Campus,2019,False,True,54.0,2,Feb,Thursday,False,Evening,False
ORD-00067,2025-07-24,13,S04,C0160,Filter Coffee,3,60.0,0,UPI,37.7,3.0,Coffee,Delhi,Street,2020,False,True,180.0,7,Jul,Thursday,False,Lunch,True
ORD-02317,2025-03-05,13,S08,C0439,Masala Chai,2,30.0,10,UPI,31.3,4.0,Tea,Indore,Street,2022,False,True,54.0,3,Mar,Wednesday,False,Lunch,True
ORD-02207,2025-09-20,16,S03,C0671,Masala Chai,3,30.0,10,UPI,25.4,4.0,Tea,Delhi,Campus,2018,False,True,81.0,9,Sep,Saturday,True,Evening,False
ORD-01645,2025-03-09,18,S06,C0575,Cutting Chai,2,20.0,0,UPI,17.4,5.0,Tea,Pune,Campus,2021,False,True,40.0,3,Mar,Sunday,True,Evening,False
ORD-02488,2025-10-20,20,S01,C0692,Masala Chai,1,30.0,15,Card,23.7,5.0,Tea,Lucknow,Campus,2019,False,True,25.5,10,Oct,Monday,False,Night,False
ORD-01272,2025-05-19,20,S08,C0311,Cold Coffee,4,120.0,10,UPI,32.1,4.0,Cold Drinks,Indore,Street,2022,False,True,432.0,5,May,Monday,False,Night,True
ORD-00580,2025-05-05,9,S08,C0849,Masala Chai,1,30.0,5,UPI,15.1,5.0,Tea,Indore,Street,2022,False,True,28.5,5,May,Monday,False,Morning,False
ORD-00593,2025-04-23,20,S04,C0865,Bun Maska,2,40.0,10,UPI,33.6,5.0,Snacks,Delhi,Street,2020,False,True,72.0,4,Apr,Wednesday,False,Night,True
ORD-01053,2025-04-11,18,S03,C0563,Mango Shake,4,100.0,0,UPI,14.3,5.0,Cold Drinks,Delhi,Campus,2018,False,True,400.0,4,Apr,Friday,False,Evening,False
ORD-00019,2025-10-30,18,S06,C0508,Ginger Tea,1,35.0,5,UPI,18.1,5.0,Tea,Pune,Campus,2021,False,True,33.25,10,Oct,Thursday,False,Evening,False
ORD-02556,2025-09-10,14,S01,C0808,Maggi,1,70.0,10,Wallet,21.6,5.0,Snacks,Lucknow,Campus,2019,False,True,63.0,9,Sep,Wednesday,False,Lunch,False
ORD-00394,2025-09-08,12,S01,C0866,Masala Chai,2,30.0,0,UPI,30.4,5.0,Tea,Lucknow,Campus,2019,False,True,60.0,9,Sep,Monday,False,Lunch,True
ORD-01515,2025-11-23,20,S06,C0375,Masala Chai,1,30.0,0,Unknown,21.1,5.0,Tea,Pune,Campus,2021,False,True,30.0,11,Nov,Sunday,True,Night,False
ORD-00343,2025-10-19,19,S08,C0753,Cutting Chai,2,20.0,0,Cash,29.0,4.0,Tea,Indore,Street,2022,False,True,40.0,10,Oct,Sunday,True,Evening,False
ORD-02184,2025-02-22,20,S01,C0707,Mango Shake,1,100.0,0,Cash,23.2,4.0,Cold Drinks,Lucknow,Campus,2019,False,True,100.0,2,Feb,Saturday,True,Night,False
ORD-02420,2025-12-06,21,S01,C0520,Cutting Chai,2,20.0,0,Card,16.7,5.0,Tea,Lucknow,Campus,2019,False,True,40.0,12,Dec,Saturday,True,Night,False
ORD-00125,2025-01-16,20,S01,C0446,Masala Chai,2,30.0,20,Wallet,32.1,5.0,Tea,Lucknow,Campus,2019,False,True,48.0,1,Jan,Thursday,False,Night,True
ORD-01596,2025-09-06,14,S08,C0673,Brownie,1,110.0,5,UPI,17.3,5.0,Dessert,Indore,Street,2022,False,True,104.5,9,Sep,Saturday,True,Lunch,False
ORD-00190,2025-04-06,18,S05,C0414,Espresso,1,80.0,0,Cash,24.4,5.0,Coffee,Pune,Mall,2022,False,True,80.0,4,Apr,Sunday,True,Evening,False
ORD-02997,2025-08-28,9,S07,C0732,Mango Shake,2,100.0,5,UPI,19.3,5.0,Cold Drinks,Jaipur,Street,2023,False,True,190.0,8,Aug,Thursday,False,Morning,False
ORD-00772,2025-07-27,18,S05,C0340,Brownie,1,110.0,0,UPI,27.2,5.0,Dessert,Pune,Mall,2022,False,True,110.0,7,Jul,Sunday,True,Evening,False
ORD-02256,2025-07-10,9,S02,GUEST,Maggi,1,70.0,20,Card,34.5,4.0,Snacks,Lucknow,Mall,2021,False,True,56.0,7,Jul,Thursday,False,Morning,True
ORD-01278,2025-02-08,15,S06,C0697,Veg Sandwich,2,90.0,20,Cash,28.1,4.0,Snacks,Pune,Campus,2021,False,True,144.0,2,Feb,Saturday,True,Lunch,False
ORD-01087,2025-10-06,18,S06,C0630,Cold Coffee,1,120.0,0,UPI,17.7,5.0,Cold Drinks,Pune,Campus,2021,False,True,120.0,10,Oct,Monday,False,Evening,False
ORD-02631,2025-01-31,18,S04,C0493,Ginger Tea,2,35.0,0,UPI,22.8,5.0,Tea,Delhi,Street,2020,False,True,70.0,1,Jan,Friday,False,Evening,False
ORD-01167,2025-10-28,20,S06,C0201,Masala Chai,2,30.0,0,Card,31.3,4.0,Tea,Pune,Campus,2021,False,True,60.0,10,Oct,Tuesday,False,Night,True
ORD-00571,2025-05-04,10,S06,C0856,Bun Maska,1,40.0,10,Card,21.1,,Snacks,Pune,Campus,2021,False,False,36.0,5,May,Sunday,True,Morning,False
ORD-01876,2025-10-19,17,S01,C0706,Cold Coffee,1,120.0,0,Cash,22.3,5.0,Cold Drinks,Lucknow,Campus,2019,False,True,120.0,10,Oct,Sunday,True,Evening,False
ORD-01956,2025-12-21,21,S06,C0481,Cutting Chai,1,20.0,10,Card,18.3,5.0,Tea,Pune,Campus,2021,False,True,18.0,12,Dec,Sunday,True,Night,False
ORD-00488,2025-03-24,16,S06,C0885,Bun Maska,2,40.0,5,Card,13.7,5.0,Snacks,Pune,Campus,2021,False,True,76.0,3,Mar,Monday,False,Evening,False
ORD-01386,2025-01-15,13,S07,C0789,Maggi,1,70.0,5,UPI,28.6,5.0,Snacks,Jaipur,Street,2023,False,True,66.5,1,Jan,Wednesday,False,Lunch,False
ORD-01187,2025-05-26,17,S03,C0541,Cutting Chai,2,20.0,0,Unknown,19.5,5.0,Tea,Delhi,Campus,2018,False,True,40.0,5,May,Monday,False,Evening,False
ORD-01361,2025-09-01,19,S04,C0064,Cutting Chai,1,20.0,0,Unknown,40.6,3.0,Tea,Delhi,Street,2020,False,True,20.0,9,Sep,Monday,False,Evening,True
ORD-02078,2025-03-09,16,S02,C0154,Masala Chai,2,30.0,0,Wallet,20.3,5.0,Tea,Lucknow,Mall,2021,False,True,60.0,3,Mar,Sunday,True,Evening,False
ORD-00288,2025-05-17,17,S08,C0452,Cold Coffee,1,120.0,10,UPI,24.7,4.0,Cold Drinks,Indore,Street,2022,True,True,108.0,5,May,Saturday,True,Evening,False
ORD-02016,2025-07-10,17,S02,C0096,Ginger Tea,1,35.0,5,UPI,32.4,5.0,Tea,Lucknow,Mall,2021,False,True,33.25,7,Jul,Thursday,False,Evening,True
ORD-00703,2025-02-26,22,S08,C0747,Espresso,1,80.0,10,UPI,22.0,,Coffee,Indore,Street,2022,False,False,72.0,2,Feb,Wednesday,False,Night,False
ORD-01166,2025-11-10,21,S04,C0103,Cutting Chai,1,20.0,10,UPI,22.9,5.0,Tea,Delhi,Street,2020,False,True,18.0,11,Nov,Monday,False,Night,False
ORD-02669,2025-07-29,15,S05,C0869,Samosa,2,25.0,0,Card,28.05,5.0,Snacks,Pune,Mall,2022,True,True,50.0,7,Jul,Tuesday,False,Lunch,False
ORD-01786,2025-11-04,20,S08,C0182,Veg Sandwich,2,90.0,10,Card,24.7,5.0,Snacks,Indore,Street,2022,True,True,162.0,11,Nov,Tuesday,False,Night,False
ORD-01585,2025-08-10,14,S05,C0033,Samosa,4,25.0,5,UPI,32.5,4.0,Snacks,Pune,Mall,2022,False,True,95.0,8,Aug,Sunday,True,Lunch,True
ORD-01060,2025-09-13,21,S03,C0331,Veg Sandwich,1,90.0,5,Cash,18.8,4.0,Snacks,Delhi,Campus,2018,False,True,85.5,9,Sep,Saturday,True,Night,False
ORD-00463,2025-12-12,12,S06,C0386,Masala Chai,2,30.0,0,UPI,21.8,5.0,Tea,Pune,Campus,2021,False,True,60.0,12,Dec,Friday,False,Lunch,False
ORD-01090,2025-06-16,16,S03,C0710,Ginger Tea,2,35.0,15,Cash,16.8,5.0,Tea,Delhi,Campus,2018,False,True,59.5,6,Jun,Monday,False,Evening,False
ORD-00823,2025-04-18,16,S04,C0759,Mango Shake,2,100.0,0,UPI,17.3,5.0,Cold Drinks,Delhi,Street,2020,False,True,200.0,4,Apr,Friday,False,Evening,False
ORD-02601,2025-05-31,20,S04,C0420,Mango Shake,2,100.0,10,Wallet,30.5,5.0,Cold Drinks,Delhi,Street,2020,False,True,180.0,5,May,Saturday,True,Night,True
ORD-00392,2025-02-14,19,S05,C0169,Mango Shake,1,100.0,5,Cash,33.1,5.0,Cold Drinks,Pune,Mall,2022,False,True,95.0,2,Feb,Friday,False,Evening,True
ORD-02385,2025-01-18,13,S02,C0041,Cutting Chai,1,20.0,0,Wallet,34.6,3.0,Tea,Lucknow,Mall,2021,False,True,20.0,1,Jan,Saturday,True,Lunch,True
ORD-01283,2025-06-07,14,S01,C0782,Mango Shake,3,100.0,20,UPI,16.9,5.0,Cold Drinks,Lucknow,Campus,2019,False,True,240.0,6,Jun,Saturday,True,Lunch,False
ORD-01319,2025-09-29,21,S04,C0337,Veg Sandwich,1,90.0,10,UPI,27.7,4.0,Snacks,Delhi,Street,2020,False,True,81.0,9,Sep,Monday,False,Night,False
ORD-01226,2025-11-22,18,S01,C0630,Veg Sandwich,1,90.0,0,UPI,15.5,5.0,Snacks,Lucknow,Campus,2019,False,True,90.0,11,Nov,Saturday,True,Evening,False
ORD-02614,2025-10-10,19,S01,C0535,Samosa,2,25.0,0,Cash,31.2,4.0,Snacks,Lucknow,Campus,2019,False,True,50.0,10,Oct,Friday,False,Evening,True
ORD-00193,2025-02-15,16,S02,C0457,Filter Coffee,1,60.0,0,UPI,19.6,,Coffee,Lucknow,Mall,2021,False,False,60.0,2,Feb,Saturday,True,Evening,False
ORD-02783,2025-08-21,17,S08,C0900,Espresso,1,80.0,5,UPI,24.7,5.0,Coffee,Indore,Street,2022,False,True,76.0,8,Aug,Thursday,False,Evening,False
ORD-01952,2025-01-05,21,S05,C0317,Samosa,3,25.0,10,Cash,28.05,,Snacks,Pune,Mall,2022,True,False,67.5,1,Jan,Sunday,True,Night,False
ORD-01983,2025-11-08,10,S08,C0452,Cutting Chai,3,20.0,15,Cash,21.4,5.0,Tea,Indore,Street,2022,False,True,51.0,11,Nov,Saturday,True,Morning,False
ORD-02922,2025-01-04,18,S06,C0598,Masala Chai,3,30.0,10,Cash,21.6,5.0,Tea,Pune,Campus,2021,True,True,81.0,1,Jan,Saturday,True,Evening,False
ORD-00034,2025-05-16,20,S01,C0869,Filter Coffee,1,60.0,0,Cash,24.9,5.0,Coffee,Lucknow,Campus,2019,False,True,60.0,5,May,Friday,False,Night,False
ORD-00813,2025-12-29,17,S03,C0520,Filter Coffee,1,60.0,0,Cash,24.4,5.0,Coffee,Delhi,Campus,2018,False,True,60.0,12,Dec,Monday,False,Evening,False
ORD-01031,2025-07-25,17,S01,GUEST,Cold Coffee,3,120.0,0,Cash,23.2,5.0,Cold Drinks,Lucknow,Campus,2019,False,True,360.0,7,Jul,Friday,False,Evening,False
ORD-01757,2025-02-21,19,S01,C0827,Ginger Tea,1,35.0,20,UPI,21.7,5.0,Tea,Lucknow,Campus,2019,False,True,28.0,2,Feb,Friday,False,Evening,False
ORD-01957,2025-07-20,21,S03,C0688,Veg Sandwich,1,90.0,0,Card,20.1,5.0,Snacks,Delhi,Campus,2018,False,True,90.0,7,Jul,Sunday,True,Night,False
ORD-01990,2025-02-24,20,S07,C0299,Masala Chai,2,30.0,0,Unknown,30.0,4.0,Tea,Jaipur,Street,2023,False,True,60.0,2,Feb,Monday,False,Night,False
ORD-01929,2025-01-07,20,S01,C0019,Samosa,1,25.0,10,UPI,28.3,,Snacks,Lucknow,Campus,2019,False,False,22.5,1,Jan,Tuesday,False,Night,False
ORD-00069,2025-01-12,18,S03,C0810,Samosa,1,25.0,0,UPI,17.4,,Snacks,Delhi,Campus,2018,False,False,25.0,1,Jan,Sunday,True,Evening,False
ORD-01096,2025-05-30,18,S03,C0659,Espresso,1,80.0,5,Card,19.4,5.0,Coffee,Delhi,Campus,2018,False,True,76.0,5,May,Friday,False,Evening,False
ORD-00482,2025-03-21,13,S04,C0732,Samosa,1,25.0,10,Cash,34.3,4.0,Snacks,Delhi,Street,2020,False,True,22.5,3,Mar,Friday,False,Lunch,True
ORD-01153,2025-02-05,9,S08,C0599,Ginger Tea,1,35.0,0,UPI,24.7,4.0,Tea,Indore,Street,2022,True,True,35.0,2,Feb,Wednesday,False,Morning,False
ORD-00267,2025-04-14,15,S01,C0153,Ginger Tea,1,35.0,5,Cash,21.6,,Tea,Lucknow,Campus,2019,False,False,33.25,4,Apr,Monday,False,Lunch,False
ORD-02239,2025-05-15,18,S06,C0147,Cold Coffee,1,120.0,10,Cash,12.7,5.0,Cold Drinks,Pune,Campus,2021,False,True,108.0,5,May,Thursday,False,Evening,False
ORD-01457,2025-03-24,16,S06,C0574,Masala Chai,2,30.0,0,UPI,16.6,5.0,Tea,Pune,Campus,2021,False,True,60.0,3,Mar,Monday,False,Evening,False
ORD-01094,2025-04-05,18,S06,C0516,Ginger Tea,1,35.0,10,UPI,13.3,5.0,Tea,Pune,Campus,2021,False,True,31.5,4,Apr,Saturday,True,Evening,False
ORD-00808,2025-03-05,9,S08,C0176,Samosa,1,25.0,20,UPI,22.5,5.0,Snacks,Indore,Street,2022,False,True,20.0,3,Mar,Wednesday,False,Morning,False
ORD-00542,2025-07-22,21,S02,C0145,Cold Coffee,2,120.0,5,UPI,30.7,5.0,Cold Drinks,Lucknow,Mall,2021,False,True,228.0,7,Jul,Tuesday,False,Night,True
ORD-02753,2025-11-02,17,S07,C0699,Samosa,4,25.0,0,Cash,26.2,5.0,Snacks,Jaipur,Street,2023,False,True,100.0,11,Nov,Sunday,True,Evening,False
ORD-00214,2025-10-21,10,S05,C0520,Mango Shake,1,100.0,15,UPI,21.4,5.0,Cold Drinks,Pune,Mall,2022,False,True,85.0,10,Oct,Tuesday,False,Morning,False
ORD-01169,2025-10-26,20,S04,C0075,Cold Coffee,1,120.0,5,Wallet,31.1,4.0,Cold Drinks,Delhi,Street,2020,False,True,114.0,10,Oct,Sunday,True,Night,True
ORD-00338,2025-09-22,17,S03,C0269,Maggi,1,70.0,5,UPI,22.5,4.0,Snacks,Delhi,Campus,2018,False,True,66.5,9,Sep,Monday,False,Evening,False
ORD-00913,2025-11-25,20,S06,C0627,Veg Sandwich,1,90.0,0,UPI,28.6,5.0,Snacks,Pune,Campus,2021,False,True,90.0,11,Nov,Tuesday,False,Night,False
ORD-02471,2025-06-13,14,S04,C0251,Samosa,4,25.0,0,UPI,8.0,5.0,Snacks,Delhi,Street,2020,False,True,100.0,6,Jun,Friday,False,Lunch,False
ORD-02797,2025-08-17,15,S04,C0569,Cold Coffee,3,120.0,5,UPI,24.3,4.0,Cold Drinks,Delhi,Street,2020,False,True,342.0,8,Aug,Sunday,True,Lunch,False
ORD-01860,2025-04-06,15,S06,C0873,Espresso,1,80.0,15,UPI,18.8,5.0,Coffee,Pune,Campus,2021,False,True,68.0,4,Apr,Sunday,True,Lunch,False
ORD-01196,2025-03-12,20,S08,C0547,Cold Coffee,2,120.0,5,Cash,30.0,5.0,Cold Drinks,Indore,Street,2022,False,True,228.0,3,Mar,Wednesday,False,Night,False
ORD-00450,2025-08-14,13,S06,C0384,Veg Sandwich,1,90.0,5,UPI,32.7,5.0,Snacks,Pune,Campus,2021,False,True,85.5,8,Aug,Thursday,False,Lunch,True
ORD-01174,2025-10-02,11,S05,C0409,Ginger Tea,1,35.0,5,UPI,20.1,5.0,Tea,Pune,Mall,2022,False,True,33.25,10,Oct,Thursday,False,Morning,False
ORD-01925,2025-03-23,13,S07,C0241,Espresso,2,80.0,10,UPI,31.4,4.0,Coffee,Jaipur,Street,2023,False,True,144.0,3,Mar,Sunday,True,Lunch,True
ORD-00237,2025-06-20,13,S04,C0142,Brownie,2,110.0,10,UPI,30.9,4.0,Dessert,Delhi,Street,2020,False,True,198.0,6,Jun,Friday,False,Lunch,True
ORD-02583,2025-01-29,13,S04,C0831,Cutting Chai,1,20.0,5,Unknown,28.9,,Tea,Delhi,Street,2020,False,False,19.0,1,Jan,Wednesday,False,Lunch,False
ORD-01124,2025-03-06,10,S07,C0659,Filter Coffee,1,60.0,20,UPI,29.2,5.0,Coffee,Jaipur,Street,2023,False,True,48.0,3,Mar,Thursday,False,Morning,False
ORD-02065,2025-06-04,12,S08,C0541,Maggi,3,70.0,5,UPI,28.4,4.0,Snacks,Indore,Street,2022,False,True,199.5,6,Jun,Wednesday,False,Lunch,False
ORD-02830,2025-09-27,9,S08,C0474,Bun Maska,4,40.0,15,UPI,28.7,4.0,Snacks,Indore,Street,2022,False,True,136.0,9,Sep,Saturday,True,Morning,False
ORD-00452,2025-11-19,12,S03,C0705,Filter Coffee,4,60.0,15,UPI,22.7,,Coffee,Delhi,Campus,2018,False,False,204.0,11,Nov,Wednesday,False,Lunch,False
ORD-00686,2025-05-06,8,S03,C0182,Cutting Chai,1,20.0,5,Wallet,24.0,5.0,Tea,Delhi,Campus,2018,False,True,19.0,5,May,Tuesday,False,Morning,False
ORD-02595,2025-04-19,14,S01,C0686,Mango Shake,3,100.0,0,Cash,24.3,,Cold Drinks,Lucknow,Campus,2019,False,False,300.0,4,Apr,Saturday,True,Lunch,False
ORD-00315,2025-05-14,11,S06,C0584,Espresso,1,80.0,10,Cash,19.9,4.0,Coffee,Pune,Campus,2021,False,True,72.0,5,May,Wednesday,False,Morning,False
ORD-01503,2025-05-16,11,S02,C0789,Mango Shake,1,100.0,5,UPI,26.5,4.0,Cold Drinks,Lucknow,Mall,2021,False,True,95.0,5,May,Friday,False,Morning,False
ORD-01976,2025-03-22,13,S08,C0634,Filter Coffee,2,60.0,15,Card,32.0,5.0,Coffee,Indore,Street,2022,False,True,102.0,3,Mar,Saturday,True,Lunch,True
ORD-01941,2025-03-23,18,S02,C0024,Veg Sandwich,3,90.0,10,UPI,21.3,,Snacks,Lucknow,Mall,2021,False,False,243.0,3,Mar,Sunday,True,Evening,False
ORD-01935,2025-09-17,13,S05,C0208,Samosa,2,25.0,10,UPI,28.05,3.0,Snacks,Pune,Mall,2022,True,True,45.0,9,Sep,Wednesday,False,Lunch,False
ORD-00350,2025-02-04,8,S06,C0456,Ginger Tea,1,35.0,0,UPI,26.2,4.0,Tea,Pune,Campus,2021,False,True,35.0,2,Feb,Tuesday,False,Morning,False
ORD-01762,2025-03-03,18,S08,C0640,Cold Coffee,2,120.0,5,Cash,23.6,5.0,Cold Drinks,Indore,Street,2022,False,True,228.0,3,Mar,Monday,False,Evening,False
ORD-00111,2025-06-16,22,S01,C0722,Espresso,1,80.0,5,UPI,22.2,5.0,Coffee,Lucknow,Campus,2019,False,True,76.0,6,Jun,Monday,False,Night,False
ORD-00760,2025-06-18,12,S02,C0604,Ginger Tea,1,35.0,5,Cash,30.9,5.0,Tea,Lucknow,Mall,2021,False,True,33.25,6,Jun,Wednesday,False,Lunch,True
ORD-00026,2025-03-13,16,S07,C0174,Masala Chai,2,30.0,10,UPI,22.6,5.0,Tea,Jaipur,Street,2023,False,True,54.0,3,Mar,Thursday,False,Evening,False
ORD-00731,2025-04-25,13,S07,C0521,Maggi,3,70.0,20,Unknown,24.7,5.0,Snacks,Jaipur,Street,2023,True,True,168.0,4,Apr,Friday,False,Lunch,False
ORD-00099,2025-02-13,17,S05,C0308,Cutting Chai,3,20.0,15,Cash,24.1,5.0,Tea,Pune,Mall,2022,False,True,51.0,2,Feb,Thursday,False,Evening,False
ORD-00453,2025-09-16,19,S04,C0490,Masala Chai,3,30.0,10,Card,28.9,5.0,Tea,Delhi,Street,2020,False,True,81.0,9,Sep,Tuesday,False,Evening,False
ORD-02862,2025-07-12,22,S03,C0062,Masala Chai,3,30.0,10,UPI,24.0,5.0,Tea,Delhi,Campus,2018,False,True,81.0,7,Jul,Saturday,True,Night,False
ORD-00707,2025-10-17,19,S02,C0364,Ginger Tea,2,35.0,0,Card,32.8,4.0,Tea,Lucknow,Mall,2021,False,True,70.0,10,Oct,Friday,False,Evening,True
ORD-00771,2025-03-30,13,S03,C0381,Brownie,4,110.0,5,Wallet,22.5,4.0,Dessert,Delhi,Campus,2018,False,True,418.0,3,Mar,Sunday,True,Lunch,False
ORD-01523,2025-11-19,8,S04,C0587,Samosa,3,25.0,5,Card,20.4,5.0,Snacks,Delhi,Street,2020,False,True,71.25,11,Nov,Wednesday,False,Morning,False
ORD-00496,2025-07-20,11,S01,C0428,Veg Sandwich,3,90.0,15,UPI,34.2,5.0,Snacks,Lucknow,Campus,2019,False,True,229.5,7,Jul,Sunday,True,Morning,True
ORD-00386,2025-12-27,16,S07,C0463,Mango Shake,2,100.0,0,UPI,24.5,5.0,Cold Drinks,Jaipur,Street,2023,False,True,200.0,12,Dec,Saturday,True,Evening,False
ORD-02412,2025-12-22,9,S04,C0809,Samosa,4,25.0,0,UPI,22.3,5.0,Snacks,Delhi,Street,2020,False,True,100.0,12,Dec,Monday,False,Morning,False
ORD-00179,2025-11-22,19,S03,C0342,Masala Chai,2,30.0,0,UPI,16.5,,Tea,Delhi,Campus,2018,False,False,60.0,11,Nov,Saturday,True,Evening,False
ORD-01244,2025-01-21,13,S07,C0434,Filter Coffee,1,60.0,0,UPI,28.8,5.0,Coffee,Jaipur,Street,2023,False,True,60.0,1,Jan,Tuesday,False,Lunch,False
ORD-00093,2025-06-13,10,S05,C0366,Veg Sandwich,1,90.0,0,UPI,30.5,5.0,Snacks,Pune,Mall,2022,False,True,90.0,6,Jun,Friday,False,Morning,True
ORD-01280,2025-08-03,22,S06,C0118,Samosa,1,25.0,5,Wallet,24.9,5.0,Snacks,Pune,Campus,2021,False,True,23.75,8,Aug,Sunday,True,Night,False
ORD-01919,2025-08-07,19,S08,C0722,Maggi,1,70.0,0,UPI,33.1,4.0,Snacks,Indore,Street,2022,False,True,70.0,8,Aug,Thursday,False,Evening,True
ORD-00248,2025-05-31,13,S08,C0549,Bun Maska,1,40.0,10,UPI,22.3,5.0,Snacks,Indore,Street,2022,False,True,36.0,5,May,Saturday,True,Lunch,False
ORD-00530,2025-04-24,12,S01,C0801,Cold Coffee,1,120.0,0,Card,21.6,3.0,Cold Drinks,Lucknow,Campus,2019,True,True,120.0,4,Apr,Thursday,False,Lunch,False
ORD-01204,2025-09-17,15,S08,C0828,Samosa,2,25.0,0,UPI,23.8,5.0,Snacks,Indore,Street,2022,False,True,50.0,9,Sep,Wednesday,False,Lunch,False
ORD-02146,2025-12-06,18,S05,C0520,Bun Maska,3,40.0,15,UPI,32.4,4.0,Snacks,Pune,Mall,2022,False,True,102.0,12,Dec,Saturday,True,Evening,True
ORD-02139,2025-10-06,15,S06,C0418,Cutting Chai,2,20.0,0,UPI,19.9,5.0,Tea,Pune,Campus,2021,False,True,40.0,10,Oct,Monday,False,Lunch,False
ORD-02792,2025-01-28,17,S07,C0637,Mango Shake,1,100.0,10,UPI,16.2,5.0,Cold Drinks,Jaipur,Street,2023,False,True,90.0,1,Jan,Tuesday,False,Evening,False
ORD-02866,2025-02-15,17,S04,C0832,Cutting Chai,2,20.0,0,Card,21.7,5.0,Tea,Delhi,Street,2020,False,True,40.0,2,Feb,Saturday,True,Evening,False
ORD-00639,2025-10-10,17,S07,C0800,Veg Sandwich,1,90.0,5,Cash,26.0,4.0,Snacks,Jaipur,Street,2023,False,True,85.5,10,Oct,Friday,False,Evening,False
ORD-01494,2025-10-12,14,S01,C0655,Masala Chai,2,30.0,5,Unknown,19.0,5.0,Tea,Lucknow,Campus,2019,False,True,57.0,10,Oct,Sunday,True,Lunch,False
ORD-01992,2025-09-04,18,S08,C0600,Veg Sandwich,1,90.0,0,UPI,22.0,4.0,Snacks,Indore,Street,2022,False,True,90.0,9,Sep,Thursday,False,Evening,False
ORD-01423,2025-06-16,14,S03,C0809,Mango Shake,4,100.0,20,UPI,21.6,5.0,Cold Drinks,Delhi,Campus,2018,True,True,320.0,6,Jun,Monday,False,Lunch,False
ORD-02513,2025-02-13,17,S04,GUEST,Ginger Tea,2,35.0,10,UPI,19.2,5.0,Tea,Delhi,Street,2020,False,True,63.0,2,Feb,Thursday,False,Evening,False
ORD-02077,2025-12-23,9,S01,C0852,Ginger Tea,1,35.0,0,Cash,23.6,5.0,Tea,Lucknow,Campus,2019,False,True,35.0,12,Dec,Tuesday,False,Morning,False
ORD-02711,2025-12-21,17,S06,C0826,Samosa,4,25.0,0,Cash,15.3,5.0,Snacks,Pune,Campus,2021,False,True,100.0,12,Dec,Sunday,True,Evening,False
ORD-00853,2025-11-10,13,S06,C0649,Cutting Chai,3,20.0,0,UPI,34.7,4.0,Tea,Pune,Campus,2021,False,True,60.0,11,Nov,Monday,False,Lunch,True
ORD-01751,2025-08-23,13,S07,C0346,Cutting Chai,1,20.0,10,Cash,26.3,5.0,Tea,Jaipur,Street,2023,False,True,18.0,8,Aug,Saturday,True,Lunch,False
ORD-00986,2025-12-02,21,S05,C0447,Masala Chai,1,30.0,10,UPI,24.5,,Tea,Pune,Mall,2022,False,False,27.0,12,Dec,Tuesday,False,Night,False
ORD-02027,2025-10-23,8,S03,C0834,Filter Coffee,3,60.0,5,UPI,9.6,5.0,Coffee,Delhi,Campus,2018,False,True,171.0,10,Oct,Thursday,False,Morning,False
ORD-00968,2025-03-01,17,S02,C0339,Cutting Chai,1,20.0,0,UPI,25.4,5.0,Tea,Lucknow,Mall,2021,False,True,20.0,3,Mar,Saturday,True,Evening,False
ORD-00353,2025-07-26,13,S06,C0775,Masala Chai,3,30.0,5,Card,31.1,5.0,Tea,Pune,Campus,2021,False,True,85.5,7,Jul,Saturday,True,Lunch,True
ORD-02390,2025-01-26,13,S05,C0218,Maggi,4,70.0,0,Cash,30.1,5.0,Snacks,Pune,Mall,2022,False,True,280.0,1,Jan,Sunday,True,Lunch,True
ORD-01365,2025-06-18,9,S02,C0679,Bun Maska,1,40.0,0,Unknown,26.0,5.0,Snacks,Lucknow,Mall,2021,False,True,40.0,6,Jun,Wednesday,False,Morning,False
ORD-02965,2025-04-05,12,S03,C0268,Samosa,1,25.0,5,Card,22.8,5.0,Snacks,Delhi,Campus,2018,False,True,23.75,4,Apr,Saturday,True,Lunch,False
ORD-01376,2025-01-30,19,S01,C0370,Masala Chai,2,30.0,15,Card,27.4,4.0,Tea,Lucknow,Campus,2019,False,True,51.0,1,Jan,Thursday,False,Evening,False
ORD-00209,2025-02-14,12,S01,C0620,Masala Chai,1,30.0,0,Card,22.5,5.0,Tea,Lucknow,Campus,2019,False,True,30.0,2,Feb,Friday,False,Lunch,False
ORD-01241,2025-11-10,13,S05,C0259,Bun Maska,2,40.0,0,UPI,25.6,5.0,Snacks,Pune,Mall,2022,False,True,80.0,11,Nov,Monday,False,Lunch,False
ORD-00005,2025-02-04,8,S01,C0158,Masala Chai,1,30.0,0,Card,21.6,4.0,Tea,Lucknow,Campus,2019,True,True,30.0,2,Feb,Tuesday,False,Morning,False
ORD-01973,2025-09-25,20,S04,C0874,Ginger Tea,3,35.0,0,Card,33.9,4.0,Tea,Delhi,Street,2020,False,True,105.0,9,Sep,Thursday,False,Night,True
ORD-01150,2025-11-22,18,S05,C0570,Ginger Tea,1,35.0,0,Card,28.05,5.0,Tea,Pune,Mall,2022,True,True,35.0,11,Nov,Saturday,True,Evening,False
ORD-00497,2025-06-07,9,S04,C0693,Samosa,2,25.0,5,Card,24.5,5.0,Snacks,Delhi,Street,2020,False,True,47.5,6,Jun,Saturday,True,Morning,False
ORD-02728,2025-02-19,18,S03,C0855,Cutting Chai,4,20.0,0,UPI,17.1,5.0,Tea,Delhi,Campus,2018,False,True,80.0,2,Feb,Wednesday,False,Evening,False
ORD-00061,2025-09-01,20,S05,C0741,Mango Shake,1,100.0,0,Wallet,35.6,4.0,Cold Drinks,Pune,Mall,2022,False,True,100.0,9,Sep,Monday,False,Night,True
ORD-01527,2025-05-11,21,S07,C0874,Samosa,1,25.0,10,Card,13.4,5.0,Snacks,Jaipur,Street,2023,False,True,22.5,5,May,Sunday,True,Night,False
ORD-01451,2025-10-19,15,S02,C0767,Veg Sandwich,2,90.0,5,UPI,25.0,5.0,Snacks,Lucknow,Mall,2021,False,True,171.0,10,Oct,Sunday,True,Lunch,False
ORD-01530,2025-04-11,16,S02,C0189,Mango Shake,1,100.0,5,UPI,24.8,5.0,Cold Drinks,Lucknow,Mall,2021,False,True,95.0,4,Apr,Friday,False,Evening,False
ORD-01773,2025-08-19,14,S01,C0597,Masala Chai,4,30.0,10,UPI,24.2,4.0,Tea,Lucknow,Campus,2019,False,True,108.0,8,Aug,Tuesday,False,Lunch,False
ORD-01874,2025-12-26,12,S01,C0409,Espresso,1,80.0,15,Cash,16.9,5.0,Coffee,Lucknow,Campus,2019,False,True,68.0,12,Dec,Friday,False,Lunch,False
ORD-01616,2025-03-19,13,S07,C0371,Ginger Tea,3,35.0,0,Card,23.4,4.0,Tea,Jaipur,Street,2023,False,True,105.0,3,Mar,Wednesday,False,Lunch,False
ORD-02585,2025-01-02,20,S07,C0040,Samosa,1,25.0,10,UPI,25.7,,Snacks,Jaipur,Street,2023,False,False,22.5,1,Jan,Thursday,False,Night,False
ORD-01686,2025-03-29,16,S07,GUEST,Ginger Tea,2,35.0,0,Cash,24.3,5.0,Tea,Jaipur,Street,2023,False,True,70.0,3,Mar,Saturday,True,Evening,False
ORD-01238,2025-06-04,11,S05,C0301,Veg Sandwich,1,90.0,10,UPI,28.05,4.0,Snacks,Pune,Mall,2022,True,True,81.0,6,Jun,Wednesday,False,Morning,False
ORD-02615,2025-04-10,20,S01,C0023,Mango Shake,2,100.0,15,Cash,17.4,5.0,Cold Drinks,Lucknow,Campus,2019,False,True,170.0,4,Apr,Thursday,False,Night,False
ORD-01054,2025-02-20,14,S04,C0708,Ginger Tea,2,35.0,0,UPI,24.1,,Tea,Delhi,Street,2020,False,False,70.0,2,Feb,Thursday,False,Lunch,False
ORD-01335,2025-12-18,11,S03,C0286,Bun Maska,2,40.0,5,UPI,20.3,4.0,Snacks,Delhi,Campus,2018,False,True,76.0,12,Dec,Thursday,False,Morning,False
ORD-00540,2025-11-02,9,S06,C0801,Cutting Chai,3,20.0,10,UPI,11.5,5.0,Tea,Pune,Campus,2021,False,True,54.0,11,Nov,Sunday,True,Morning,False
ORD-00121,2025-08-02,17,S01,C0610,Cutting Chai,1,20.0,0,UPI,21.0,5.0,Tea,Lucknow,Campus,2019,False,True,20.0,8,Aug,Saturday,True,Evening,False
ORD-01194,2025-12-22,15,S04,C0480,Bun Maska,2,40.0,0,UPI,21.3,5.0,Snacks,Delhi,Street,2020,False,True,80.0,12,Dec,Monday,False,Lunch,False
ORD-02197,2025-01-25,8,S05,C0222,Ginger Tea,2,35.0,0,UPI,21.0,5.0,Tea,Pune,Mall,2022,False,True,70.0,1,Jan,Saturday,True,Morning,False
ORD-01371,2025-02-05,12,S03,C0481,Cutting Chai,1,20.0,0,UPI,31.5,4.0,Tea,Delhi,Campus,2018,False,True,20.0,2,Feb,Wednesday,False,Lunch,True
ORD-01567,2025-01-30,11,S01,C0358,Samosa,1,25.0,5,UPI,17.8,5.0,Snacks,Lucknow,Campus,2019,False,True,23.75,1,Jan,Thursday,False,Morning,False
ORD-00016,2025-03-24,19,S01,C0867,Samosa,3,25.0,0,UPI,30.1,,Snacks,Lucknow,Campus,2019,False,False,75.0,3,Mar,Monday,False,Evening,True
ORD-00410,2025-12-31,18,S02,C0122,Masala Chai,1,30.0,5,UPI,23.7,5.0,Tea,Lucknow,Mall,2021,False,True,28.5,12,Dec,Wednesday,False,Evening,False
ORD-02152,2025-01-13,10,S04,C0115,Masala Chai,1,30.0,5,Wallet,27.6,5.0,Tea,Delhi,Street,2020,False,True,28.5,1,Jan,Monday,False,Morning,False
ORD-00062,2025-06-21,20,S03,C0479,Cold Coffee,4,120.0,10,UPI,30.3,5.0,Cold Drinks,Delhi,Campus,2018,False,True,432.0,6,Jun,Saturday,True,Night,True
ORD-00912,2025-11-16,18,S05,C0136,Ginger Tea,2,35.0,0,Card,19.3,5.0,Tea,Pune,Mall,2022,False,True,70.0,11,Nov,Sunday,True,Evening,False
ORD-01480,2025-06-24,20,S08,C0243,Brownie,2,110.0,20,UPI,36.5,4.0,Dessert,Indore,Street,2022,False,True,176.0,6,Jun,Tuesday,False,Night,True
ORD-01816,2025-07-19,9,S03,C0361,Masala Chai,1,30.0,20,UPI,23.8,5.0,Tea,Delhi,Campus,2018,False,True,24.0,7,Jul,Saturday,True,Morning,False
ORD-00622,2025-06-28,18,S03,C0681,Espresso,1,80.0,10,UPI,19.0,,Coffee,Delhi,Campus,2018,False,False,72.0,6,Jun,Saturday,True,Evening,False
ORD-01636,2025-05-31,9,S01,C0054,Masala Chai,1,30.0,0,UPI,18.7,5.0,Tea,Lucknow,Campus,2019,False,True,30.0,5,May,Saturday,True,Morning,False
ORD-01066,2025-12-23,21,S07,C0406,Bun Maska,4,40.0,0,UPI,26.5,,Snacks,Jaipur,Street,2023,False,False,160.0,12,Dec,Tuesday,False,Night,False
ORD-02895,2025-12-27,8,S03,C0443,Masala Chai,1,30.0,5,Card,8.0,5.0,Tea,Delhi,Campus,2018,False,True,28.5,12,Dec,Saturday,True,Morning,False
ORD-02304,2025-06-27,20,S04,C0237,Cold Coffee,1,120.0,0,UPI,37.5,,Cold Drinks,Delhi,Street,2020,False,False,120.0,6,Jun,Friday,False,Night,True
ORD-00710,2025-06-23,17,S01,C0122,Bun Maska,1,40.0,0,Cash,13.7,,Snacks,Lucknow,Campus,2019,False,False,40.0,6,Jun,Monday,False,Evening,False
ORD-02229,2025-01-15,18,S08,C0769,Masala Chai,4,30.0,10,Cash,24.7,5.0,Tea,Indore,Street,2022,True,True,108.0,1,Jan,Wednesday,False,Evening,False
ORD-02288,2025-10-06,21,S08,C0324,Cold Coffee,2,120.0,0,UPI,25.3,5.0,Cold Drinks,Indore,Street,2022,False,True,240.0,10,Oct,Monday,False,Night,False
ORD-01348,2025-05-16,17,S04,C0726,Maggi,3,70.0,10,Cash,24.2,5.0,Snacks,Delhi,Street,2020,False,True,189.0,5,May,Friday,False,Evening,False
ORD-02721,2025-07-06,9,S07,C0555,Bun Maska,1,40.0,15,UPI,28.8,5.0,Snacks,Jaipur,Street,2023,False,True,34.0,7,Jul,Sunday,True,Morning,False
ORD-02723,2025-05-10,17,S06,C0737,Masala Chai,2,30.0,10,UPI,21.6,,Tea,Pune,Campus,2021,True,False,54.0,5,May,Saturday,True,Evening,False
ORD-02177,2025-05-31,14,S05,C0896,Ginger Tea,2,35.0,5,UPI,21.1,5.0,Tea,Pune,Mall,2022,False,True,66.5,5,May,Saturday,True,Lunch,False
ORD-00641,2025-09-27,18,S01,C0671,Cutting Chai,1,20.0,5,Cash,21.6,5.0,Tea,Lucknow,Campus,2019,True,True,19.0,9,Sep,Saturday,True,Evening,False
ORD-02231,2025-05-04,9,S02,C0670,Bun Maska,1,40.0,20,UPI,24.4,,Snacks,Lucknow,Mall,2021,False,False,32.0,5,May,Sunday,True,Morning,False
ORD-00794,2025-01-29,9,S05,C0467,Masala Chai,1,30.0,0,Wallet,22.9,5.0,Tea,Pune,Mall,2022,False,True,30.0,1,Jan,Wednesday,False,Morning,False
ORD-02745,2025-05-12,14,S05,C0330,Samosa,1,25.0,20,UPI,30.4,4.0,Snacks,Pune,Mall,2022,False,True,20.0,5,May,Monday,False,Lunch,True
ORD-00139,2025-10-13,13,S02,C0262,Bun Maska,2,40.0,15,UPI,30.6,5.0,Snacks,Lucknow,Mall,2021,False,True,68.0,10,Oct,Monday,False,Lunch,True
ORD-00876,2025-11-21,13,S04,C0416,Ginger Tea,2,35.0,0,Cash,26.9,4.0,Tea,Delhi,Street,2020,False,True,70.0,11,Nov,Friday,False,Lunch,False
ORD-00653,2025-09-03,11,S06,C0506,Ginger Tea,3,35.0,0,UPI,25.0,4.0,Tea,Pune,Campus,2021,False,True,105.0,9,Sep,Wednesday,False,Morning,False
ORD-00113,2025-04-22,16,S03,C0606,Samosa,4,25.0,10,UPI,14.0,5.0,Snacks,Delhi,Campus,2018,False,True,90.0,4,Apr,Tuesday,False,Evening,False
ORD-01425,2025-05-12,17,S06,C0277,Mango Shake,2,100.0,5,Cash,19.7,5.0,Cold Drinks,Pune,Campus,2021,False,True,190.0,5,May,Monday,False,Evening,False
ORD-01498,2025-08-19,18,S04,C0792,Espresso,2,80.0,5,Card,35.6,4.0,Coffee,Delhi,Street,2020,False,True,152.0,8,Aug,Tuesday,False,Evening,True
ORD-00491,2025-09-14,14,S03,C0618,Mango Shake,2,100.0,0,UPI,25.9,5.0,Cold Drinks,Delhi,Campus,2018,False,True,200.0,9,Sep,Sunday,True,Lunch,False
ORD-00066,2025-07-21,17,S07,C0556,Espresso,2,80.0,5,Card,21.2,5.0,Coffee,Jaipur,Street,2023,False,True,152.0,7,Jul,Monday,False,Evening,False
ORD-01004,2025-02-25,8,S04,C0559,Cutting Chai,1,20.0,5,UPI,15.7,5.0,Tea,Delhi,Street,2020,False,True,19.0,2,Feb,Tuesday,False,Morning,False
ORD-02199,2025-04-05,11,S04,C0118,Bun Maska,2,40.0,20,Cash,24.6,5.0,Snacks,Delhi,Street,2020,False,True,64.0,4,Apr,Saturday,True,Morning,False
ORD-01939,2025-03-31,13,S02,GUEST,Samosa,3,25.0,10,Card,34.3,4.0,Snacks,Lucknow,Mall,2021,False,True,67.5,3,Mar,Monday,False,Lunch,True
ORD-02544,2025-04-02,19,S08,C0780,Mango Shake,3,100.0,15,Cash,29.7,4.0,Cold Drinks,Indore,Street,2022,False,True,255.0,4,Apr,Wednesday,False,Evening,False
ORD-02643,2025-07-29,14,S01,C0540,Bun Maska,2,40.0,10,Wallet,23.9,,Snacks,Lucknow,Campus,2019,False,False,72.0,7,Jul,Tuesday,False,Lunch,False
ORD-02034,2025-06-03,16,S03,C0091,Mango Shake,2,100.0,5,UPI,16.6,5.0,Cold Drinks,Delhi,Campus,2018,False,True,190.0,6,Jun,Tuesday,False,Evening,False
ORD-01014,2025-12-13,11,S06,C0398,Masala Chai,1,30.0,0,UPI,19.2,5.0,Tea,Pune,Campus,2021,False,True,30.0,12,Dec,Saturday,True,Morning,False
ORD-00228,2025-07-22,19,S03,C0017,Cutting Chai,2,20.0,5,Unknown,25.0,5.0,Tea,Delhi,Campus,2018,False,True,38.0,7,Jul,Tuesday,False,Evening,False
ORD-02668,2025-01-26,20,S06,C0287,Veg Sandwich,4,90.0,15,Card,23.5,5.0,Snacks,Pune,Campus,2021,False,True,306.0,1,Jan,Sunday,True,Night,False
ORD-01314,2025-01-02,22,S05,C0202,Bun Maska,4,40.0,10,Cash,22.3,4.0,Snacks,Pune,Mall,2022,False,True,144.0,1,Jan,Thursday,False,Night,False
ORD-00178,2025-12-28,16,S03,C0802,Cutting Chai,2,20.0,15,Cash,19.6,5.0,Tea,Delhi,Campus,2018,False,True,34.0,12,Dec,Sunday,True,Evening,False
ORD-01368,2025-02-21,14,S07,C0772,Espresso,2,80.0,0,UPI,25.4,5.0,Coffee,Jaipur,Street,2023,False,True,160.0,2,Feb,Friday,False,Lunch,False
ORD-01840,2025-09-25,18,S03,C0595,Cutting Chai,3,20.0,5,UPI,22.4,,Tea,Delhi,Campus,2018,False,False,57.0,9,Sep,Thursday,False,Evening,False
ORD-02625,2025-07-28,19,S03,C0746,Masala Chai,2,30.0,20,UPI,32.7,4.0,Tea,Delhi,Campus,2018,False,True,48.0,7,Jul,Monday,False,Evening,True
ORD-02516,2025-11-02,13,S05,C0652,Brownie,1,110.0,10,Unknown,32.4,4.0,Dessert,Pune,Mall,2022,False,True,99.0,11,Nov,Sunday,True,Lunch,True
ORD-02648,2025-10-19,13,S02,C0410,Masala Chai,3,30.0,15,Wallet,33.3,4.0,Tea,Lucknow,Mall,2021,False,True,76.5,10,Oct,Sunday,True,Lunch,True
ORD-00032,2025-12-20,20,S04,C0854,Masala Chai,1,30.0,10,Cash,30.9,5.0,Tea,Delhi,Street,2020,False,True,27.0,12,Dec,Saturday,True,Night,True
ORD-02125,2025-05-18,21,S08,C0420,Mango Shake,1,100.0,10,Card,27.2,5.0,Cold Drinks,Indore,Street,2022,False,True,90.0,5,May,Sunday,True,Night,False
ORD-01565,2025-10-17,17,S03,C0840,Cutting Chai,4,20.0,10,Card,17.0,5.0,Tea,Delhi,Campus,2018,False,True,72.0,10,Oct,Friday,False,Evening,False
ORD-00743,2025-11-11,17,S01,C0641,Veg Sandwich,2,90.0,0,UPI,17.9,5.0,Snacks,Lucknow,Campus,2019,False,True,180.0,11,Nov,Tuesday,False,Evening,False
ORD-02733,2025-07-22,21,S03,C0402,Samosa,2,25.0,0,Cash,11.0,5.0,Snacks,Delhi,Campus,2018,False,True,50.0,7,Jul,Tuesday,False,Night,False
ORD-00925,2025-03-02,9,S03,C0311,Cutting Chai,1,20.0,20,UPI,16.2,5.0,Tea,Delhi,Campus,2018,False,True,16.0,3,Mar,Sunday,True,Morning,False
ORD-02998,2025-03-18,14,S04,C0689,Veg Sandwich,2,90.0,0,Cash,20.7,5.0,Snacks,Delhi,Street,2020,False,True,180.0,3,Mar,Tuesday,False,Lunch,False
ORD-01445,2025-03-13,17,S01,C0151,Masala Chai,1,30.0,5,UPI,19.3,4.0,Tea,Lucknow,Campus,2019,False,True,28.5,3,Mar,Thursday,False,Evening,False
ORD-02205,2025-04-28,10,S03,C0804,Ginger Tea,2,35.0,15,Cash,20.2,5.0,Tea,Delhi,Campus,2018,False,True,59.5,4,Apr,Monday,False,Morning,False
ORD-02558,2025-04-06,21,S06,C0188,Cold Coffee,3,120.0,15,UPI,21.8,5.0,Cold Drinks,Pune,Campus,2021,False,True,306.0,4,Apr,Sunday,True,Night,False
ORD-01163,2025-10-28,13,S05,C0613,Veg Sandwich,1,90.0,15,UPI,34.4,2.0,Snacks,Pune,Mall,2022,False,True,76.5,10,Oct,Tuesday,False,Lunch,True
ORD-00714,2025-11-26,19,S05,C0681,Samosa,2,25.0,5,UPI,28.8,5.0,Snacks,Pune,Mall,2022,False,True,47.5,11,Nov,Wednesday,False,Evening,False
ORD-02725,2025-03-03,9,S04,C0017,Veg Sandwich,1,90.0,0,Wallet,23.5,5.0,Snacks,Delhi,Street,2020,False,True,90.0,3,Mar,Monday,False,Morning,False
ORD-00948,2025-11-08,12,S06,C0241,Masala Chai,1,30.0,5,UPI,26.1,5.0,Tea,Pune,Campus,2021,False,True,28.5,11,Nov,Saturday,True,Lunch,False
ORD-00663,2025-03-10,12,S01,C0622,Maggi,3,70.0,5,Card,24.9,5.0,Snacks,Lucknow,Campus,2019,False,True,199.5,3,Mar,Monday,False,Lunch,False
ORD-00528,2025-12-30,9,S01,C0671,Masala Chai,2,30.0,0,Cash,21.6,5.0,Tea,Lucknow,Campus,2019,True,True,60.0,12,Dec,Tuesday,False,Morning,False
ORD-02134,2025-12-06,22,S07,C0555,Ginger Tea,1,35.0,5,Card,23.5,5.0,Tea,Jaipur,Street,2023,False,True,33.25,12,Dec,Saturday,True,Night,False
ORD-02663,2025-05-24,13,S08,C0561,Mango Shake,1,100.0,10,Card,27.7,,Cold Drinks,Indore,Street,2022,False,False,90.0,5,May,Saturday,True,Lunch,False
ORD-01612,2025-10-11,12,S06,C0326,Ginger Tea,1,35.0,5,UPI,26.4,5.0,Tea,Pune,Campus,2021,False,True,33.25,10,Oct,Saturday,True,Lunch,False
ORD-00864,2025-07-27,21,S03,C0069,Ginger Tea,4,35.0,0,UPI,30.3,5.0,Tea,Delhi,Campus,2018,False,True,140.0,7,Jul,Sunday,True,Night,True
ORD-02822,2025-09-06,13,S03,C0305,Veg Sandwich,1,90.0,5,UPI,35.3,5.0,Snacks,Delhi,Campus,2018,False,True,85.5,9,Sep,Saturday,True,Lunch,True
ORD-00342,2025-12-16,8,S08,C0211,Bun Maska,3,40.0,20,UPI,18.0,,Snacks,Indore,Street,2022,False,False,96.0,12,Dec,Tuesday,False,Morning,False
ORD-00281,2025-01-17,21,S06,C0803,Cold Coffee,3,120.0,0,Card,19.0,,Cold Drinks,Pune,Campus,2021,False,False,360.0,1,Jan,Friday,False,Night,False
ORD-01708,2025-05-31,17,S04,C0484,Cold Coffee,1,120.0,5,UPI,19.4,5.0,Cold Drinks,Delhi,Street,2020,False,True,114.0,5,May,Saturday,True,Evening,False
ORD-01966,2025-01-28,10,S07,C0317,Masala Chai,2,30.0,20,UPI,18.5,,Tea,Jaipur,Street,2023,False,False,48.0,1,Jan,Tuesday,False,Morning,False
ORD-01767,2025-12-28,12,S06,GUEST,Cold Coffee,1,120.0,10,Cash,25.1,5.0,Cold Drinks,Pune,Campus,2021,False,True,108.0,12,Dec,Sunday,True,Lunch,False
ORD-01182,2025-02-13,17,S04,C0246,Masala Chai,2,30.0,20,Card,24.2,5.0,Tea,Delhi,Street,2020,False,True,48.0,2,Feb,Thursday,False,Evening,False
ORD-02639,2025-10-28,20,S04,C0896,Masala Chai,4,30.0,0,Card,33.4,4.0,Tea,Delhi,Street,2020,False,True,120.0,10,Oct,Tuesday,False,Night,True
ORD-00777,2025-08-15,10,S03,C0801,Samosa,1,25.0,0,UPI,25.3,,Snacks,Delhi,Campus,2018,False,False,25.0,8,Aug,Friday,False,Morning,False
ORD-02572,2025-07-23,22,S08,C0547,Masala Chai,1,30.0,0,Cash,24.3,,Tea,Indore,Street,2022,False,False,30.0,7,Jul,Wednesday,False,Night,False
ORD-02150,2025-02-03,18,S01,C0887,Cutting Chai,4,20.0,15,UPI,17.1,5.0,Tea,Lucknow,Campus,2019,False,True,68.0,2,Feb,Monday,False,Evening,False
ORD-01655,2025-12-11,13,S02,C0442,Ginger Tea,1,35.0,0,Cash,25.1,4.0,Tea,Lucknow,Mall,2021,False,True,35.0,12,Dec,Thursday,False,Lunch,False
ORD-01647,2025-04-16,16,S01,C0063,Maggi,2,70.0,10,Cash,19.1,5.0,Snacks,Lucknow,Campus,2019,False,True,126.0,4,Apr,Wednesday,False,Evening,False
ORD-02697,2025-10-26,18,S01,C0847,Masala Chai,1,30.0,0,Card,21.3,5.0,Tea,Lucknow,Campus,2019,False,True,30.0,10,Oct,Sunday,True,Evening,False
ORD-02854,2025-04-27,20,S05,C0516,Filter Coffee,1,60.0,0,UPI,30.0,,Coffee,Pune,Mall,2022,False,False,60.0,4,Apr,Sunday,True,Night,False
ORD-01295,2025-05-07,9,S05,C0345,Veg Sandwich,1,90.0,0,UPI,29.7,5.0,Snacks,Pune,Mall,2022,False,True,90.0,5,May,Wednesday,False,Morning,False
ORD-02141,2025-11-23,13,S03,C0815,Cold Coffee,3,120.0,5,Card,21.6,4.0,Cold Drinks,Delhi,Campus,2018,True,True,342.0,11,Nov,Sunday,True,Lunch,False
ORD-02612,2025-10-26,16,S06,C0254,Bun Maska,2,40.0,0,UPI,16.2,5.0,Snacks,Pune,Campus,2021,False,True,80.0,10,Oct,Sunday,True,Evening,False
ORD-00172,2025-07-07,18,S04,C0867,Samosa,3,25.0,15,Cash,25.9,4.0,Snacks,Delhi,Street,2020,False,True,63.75,7,Jul,Monday,False,Evening,False
ORD-01055,2025-04-14,19,S01,GUEST,Veg Sandwich,1,90.0,0,Cash,21.6,5.0,Snacks,Lucknow,Campus,2019,True,True,90.0,4,Apr,Monday,False,Evening,False
ORD-00219,2025-12-05,19,S02,C0118,Cutting Chai,2,20.0,20,Cash,31.5,5.0,Tea,Lucknow,Mall,2021,False,True,32.0,12,Dec,Friday,False,Evening,True
ORD-00990,2025-10-18,13,S01,C0606,Cheesecake,1,150.0,0,UPI,25.8,5.0,Dessert,Lucknow,Campus,2019,False,True,150.0,10,Oct,Saturday,True,Lunch,False
ORD-00762,2025-02-24,8,S05,C0265,Cutting Chai,4,20.0,5,Unknown,22.8,5.0,Tea,Pune,Mall,2022,False,True,76.0,2,Feb,Monday,False,Morning,False
ORD-00091,2025-02-25,18,S01,C0078,Veg Sandwich,1,90.0,5,Cash,16.6,5.0,Snacks,Lucknow,Campus,2019,False,True,85.5,2,Feb,Tuesday,False,Evening,False
ORD-01817,2025-10-05,18,S05,C0547,Cutting Chai,3,20.0,5,UPI,21.3,5.0,Tea,Pune,Mall,2022,False,True,57.0,10,Oct,Sunday,True,Evening,False
ORD-02263,2025-06-17,16,S07,C0717,Cutting Chai,1,20.0,0,UPI,25.2,4.0,Tea,Jaipur,Street,2023,False,True,20.0,6,Jun,Tuesday,False,Evening,False
ORD-01622,2025-07-09,14,S06,C0896,Brownie,1,110.0,5,UPI,22.9,4.0,Dessert,Pune,Campus,2021,False,True,104.5,7,Jul,Wednesday,False,Lunch,False
ORD-01052,2025-02-16,8,S02,C0612,Mango Shake,1,100.0,15,UPI,34.8,3.0,Cold Drinks,Lucknow,Mall,2021,False,True,85.0,2,Feb,Sunday,True,Morning,True
ORD-00919,2025-04-21,10,S03,C0848,Samosa,1,25.0,0,UPI,17.3,5.0,Snacks,Delhi,Campus,2018,False,True,25.0,4,Apr,Monday,False,Morning,False
ORD-01614,2025-05-18,10,S04,C0463,Cold Coffee,2,120.0,10,Cash,17.9,5.0,Cold Drinks,Delhi,Street,2020,False,True,216.0,5,May,Sunday,True,Morning,False
ORD-01050,2025-03-31,18,S03,C0351,Bun Maska,2,40.0,0,Wallet,19.6,5.0,Snacks,Delhi,Campus,2018,False,True,80.0,3,Mar,Monday,False,Evening,False
ORD-00295,2025-11-04,11,S01,C0734,Ginger Tea,3,35.0,10,Card,20.3,5.0,Tea,Lucknow,Campus,2019,False,True,94.5,11,Nov,Tuesday,False,Morning,False
ORD-01012,2025-08-08,16,S08,C0023,Cutting Chai,1,20.0,10,UPI,23.3,,Tea,Indore,Street,2022,False,False,18.0,8,Aug,Friday,False,Evening,False
ORD-01343,2025-06-25,8,S07,C0262,Mango Shake,1,100.0,0,UPI,28.7,4.0,Cold Drinks,Jaipur,Street,2023,False,True,100.0,6,Jun,Wednesday,False,Morning,False
ORD-02793,2025-09-28,18,S03,C0364,Masala Chai,3,30.0,15,Card,21.6,5.0,Tea,Delhi,Campus,2018,True,True,76.5,9,Sep,Sunday,True,Evening,False
ORD-01507,2025-09-27,17,S08,C0155,Filter Coffee,1,60.0,0,UPI,29.0,,Coffee,Indore,Street,2022,False,False,60.0,9,Sep,Saturday,True,Evening,False
ORD-00076,2025-04-13,10,S04,C0855,Maggi,3,70.0,20,UPI,21.4,5.0,Snacks,Delhi,Street,2020,False,True,168.0,4,Apr,Sunday,True,Morning,False
ORD-01932,2025-08-11,19,S05,C0428,Samosa,1,25.0,5,Cash,39.0,4.0,Snacks,Pune,Mall,2022,False,True,23.75,8,Aug,Monday,False,Evening,True
ORD-02085,2025-09-04,13,S01,C0384,Maggi,3,70.0,10,UPI,31.7,4.0,Snacks,Lucknow,Campus,2019,False,True,189.0,9,Sep,Thursday,False,Lunch,True
ORD-01391,2025-12-08,18,S03,C0859,Masala Chai,3,30.0,10,UPI,13.4,5.0,Tea,Delhi,Campus,2018,False,True,81.0,12,Dec,Monday,False,Evening,False
ORD-00667,2025-10-22,21,S07,C0391,Cutting Chai,2,20.0,0,Card,24.7,4.0,Tea,Jaipur,Street,2023,True,True,40.0,10,Oct,Wednesday,False,Night,False
ORD-00105,2025-10-12,18,S04,C0211,Samosa,1,25.0,10,Card,21.7,5.0,Snacks,Delhi,Street,2020,False,True,22.5,10,Oct,Sunday,True,Evening,False
ORD-02549,2025-04-27,12,S06,C0084,Samosa,2,25.0,0,Card,27.1,4.0,Snacks,Pune,Campus,2021,False,True,50.0,4,Apr,Sunday,True,Lunch,False
ORD-00312,2025-06-01,17,S07,C0718,Maggi,3,70.0,5,Cash,21.4,5.0,Snacks,Jaipur,Street,2023,False,True,199.5,6,Jun,Sunday,True,Evening,False
ORD-01598,2025-03-06,15,S06,C0804,Cutting Chai,1,20.0,15,Cash,19.3,4.0,Tea,Pune,Campus,2021,False,True,17.0,3,Mar,Thursday,False,Lunch,False
ORD-00785,2025-12-26,16,S06,C0022,Filter Coffee,1,60.0,5,Cash,21.1,5.0,Coffee,Pune,Campus,2021,False,True,57.0,12,Dec,Friday,False,Evening,False
ORD-01540,2025-06-13,21,S03,C0340,Cold Coffee,2,120.0,15,Wallet,24.8,5.0,Cold Drinks,Delhi,Campus,2018,False,True,204.0,6,Jun,Friday,False,Night,False
ORD-02724,2025-05-31,13,S06,C0736,Maggi,1,70.0,10,UPI,27.9,5.0,Snacks,Pune,Campus,2021,False,True,63.0,5,May,Saturday,True,Lunch,False
ORD-02051,2025-12-27,10,S03,C0657,Cutting Chai,2,20.0,0,UPI,19.5,5.0,Tea,Delhi,Campus,2018,False,True,40.0,12,Dec,Saturday,True,Morning,False
ORD-01979,2025-09-26,16,S08,C0485,Veg Sandwich,3,90.0,20,UPI,24.1,5.0,Snacks,Indore,Street,2022,False,True,216.0,9,Sep,Friday,False,Evening,False
ORD-01770,2025-10-29,19,S06,C0450,Samosa,1,25.0,0,Card,24.6,4.0,Snacks,Pune,Campus,2021,False,True,25.0,10,Oct,Wednesday,False,Evening,False
ORD-00793,2025-04-26,8,S06,C0063,Masala Chai,4,30.0,5,Cash,13.2,4.0,Tea,Pune,Campus,2021,False,True,114.0,4,Apr,Saturday,True,Morning,False
ORD-01029,2025-09-27,20,S05,C0255,Espresso,2,80.0,0,Cash,43.9,,Coffee,Pune,Mall,2022,False,False,160.0,9,Sep,Saturday,True,Night,True
ORD-01809,2025-05-30,12,S08,C0287,Cold Coffee,2,120.0,10,UPI,22.3,5.0,Cold Drinks,Indore,Street,2022,False,True,216.0,5,May,Friday,False,Lunch,False
ORD-01873,2025-12-27,19,S03,C0589,Mango Shake,3,100.0,15,Cash,28.4,4.0,Cold Drinks,Delhi,Campus,2018,False,True,255.0,12,Dec,Saturday,True,Evening,False
ORD-02066,2025-12-06,13,S01,C0016,Filter Coffee,1,60.0,5,Card,30.1,4.0,Coffee,Lucknow,Campus,2019,False,True,57.0,12,Dec,Saturday,True,Lunch,True
ORD-00754,2025-06-25,8,S08,C0236,Bun Maska,2,40.0,0,UPI,22.4,5.0,Snacks,Indore,Street,2022,False,True,80.0,6,Jun,Wednesday,False,Morning,False
ORD-01305,2025-10-29,20,S04,C0009,Masala Chai,3,30.0,10,Cash,29.5,,Tea,Delhi,Street,2020,False,False,81.0,10,Oct,Wednesday,False,Night,False
ORD-00040,2025-09-02,9,S04,C0748,Samosa,3,25.0,5,UPI,28.6,5.0,Snacks,Delhi,Street,2020,False,True,71.25,9,Sep,Tuesday,False,Morning,False
ORD-01046,2025-04-30,15,S08,C0106,Filter Coffee,2,60.0,10,UPI,21.3,5.0,Coffee,Indore,Street,2022,False,True,108.0,4,Apr,Wednesday,False,Lunch,False
ORD-00128,2025-02-22,17,S01,C0032,Masala Chai,1,30.0,10,UPI,18.9,5.0,Tea,Lucknow,Campus,2019,False,True,27.0,2,Feb,Saturday,True,Evening,False
ORD-02807,2025-05-01,17,S01,C0739,Samosa,1,25.0,5,Cash,26.2,,Snacks,Lucknow,Campus,2019,False,False,23.75,5,May,Thursday,False,Evening,False
ORD-02938,2025-02-01,22,S01,C0551,Ginger Tea,2,35.0,0,UPI,21.6,,Tea,Lucknow,Campus,2019,True,False,70.0,2,Feb,Saturday,True,Night,False
ORD-01447,2025-11-29,19,S05,C0548,Ginger Tea,1,35.0,20,UPI,23.5,5.0,Tea,Pune,Mall,2022,False,True,28.0,11,Nov,Saturday,True,Evening,False
ORD-01315,2025-01-15,18,S03,C0872,Masala Chai,1,30.0,0,UPI,17.7,5.0,Tea,Delhi,Campus,2018,False,True,30.0,1,Jan,Wednesday,False,Evening,False
ORD-00830,2025-04-03,16,S06,C0203,Mango Shake,1,100.0,0,UPI,18.6,,Cold Drinks,Pune,Campus,2021,False,False,100.0,4,Apr,Thursday,False,Evening,False
ORD-00102,2025-09-13,16,S02,C0113,Cutting Chai,1,20.0,5,UPI,27.4,4.0,Tea,Lucknow,Mall,2021,False,True,19.0,9,Sep,Saturday,True,Evening,False
ORD-01157,2025-01-20,15,S07,C0501,Maggi,1,70.0,5,UPI,18.3,5.0,Snacks,Jaipur,Street,2023,False,True,66.5,1,Jan,Monday,False,Lunch,False
ORD-02983,2025-02-06,14,S05,C0127,Bun Maska,3,40.0,20,UPI,22.1,5.0,Snacks,Pune,Mall,2022,False,True,96.0,2,Feb,Thursday,False,Lunch,False
ORD-02463,2025-02-02,18,S06,C0387,Masala Chai,4,30.0,10,UPI,20.7,5.0,Tea,Pune,Campus,2021,False,True,108.0,2,Feb,Sunday,True,Evening,False
ORD-02081,2025-05-24,18,S02,C0869,Ginger Tea,2,35.0,5,Card,31.8,5.0,Tea,Lucknow,Mall,2021,False,True,66.5,5,May,Saturday,True,Evening,True
ORD-00862,2025-09-24,16,S08,C0749,Masala Chai,1,30.0,15,Cash,30.8,,Tea,Indore,Street,2022,False,False,25.5,9,Sep,Wednesday,False,Evening,True
ORD-00467,2025-08-25,12,S02,C0617,Samosa,3,25.0,0,Cash,37.0,4.0,Snacks,Lucknow,Mall,2021,False,True,75.0,8,Aug,Monday,False,Lunch,True
ORD-00284,2025-04-01,11,S01,C0140,Cutting Chai,3,20.0,0,UPI,21.6,5.0,Tea,Lucknow,Campus,2019,True,True,60.0,4,Apr,Tuesday,False,Morning,False
ORD-00781,2025-04-04,11,S03,C0805,Cutting Chai,1,20.0,0,UPI,19.6,5.0,Tea,Delhi,Campus,2018,False,True,20.0,4,Apr,Friday,False,Morning,False
ORD-00010,2025-06-14,8,S07,C0642,Bun Maska,1,40.0,5,Cash,19.6,5.0,Snacks,Jaipur,Street,2023,False,True,38.0,6,Jun,Saturday,True,Morning,False
ORD-01329,2025-04-09,13,S03,C0498,Veg Sandwich,1,90.0,0,Card,17.0,5.0,Snacks,Delhi,Campus,2018,False,True,90.0,4,Apr,Wednesday,False,Lunch,False
ORD-01865,2025-08-22,17,S06,C0032,Samosa,3,25.0,0,UPI,13.5,5.0,Snacks,Pune,Campus,2021,False,True,75.0,8,Aug,Friday,False,Evening,False
ORD-02511,2025-06-18,12,S03,C0129,Cutting Chai,1,20.0,20,Cash,19.8,5.0,Tea,Delhi,Campus,2018,False,True,16.0,6,Jun,Wednesday,False,Lunch,False
ORD-00191,2025-12-08,15,S07,C0091,Masala Chai,1,30.0,10,Cash,19.8,,Tea,Jaipur,Street,2023,False,False,27.0,12,Dec,Monday,False,Lunch,False
ORD-00358,2025-10-19,18,S08,C0791,Espresso,1,80.0,0,Card,22.1,5.0,Coffee,Indore,Street,2022,False,True,80.0,10,Oct,Sunday,True,Evening,False
ORD-00023,2025-12-21,20,S01,C0252,Ginger Tea,2,35.0,0,UPI,24.4,5.0,Tea,Lucknow,Campus,2019,False,True,70.0,12,Dec,Sunday,True,Night,False
ORD-01112,2025-06-04,13,S05,C0035,Veg Sandwich,2,90.0,0,Card,33.0,5.0,Snacks,Pune,Mall,2022,False,True,180.0,6,Jun,Wednesday,False,Lunch,True
ORD-02302,2025-10-04,22,S03,C0735,Samosa,1,25.0,10,Wallet,20.5,5.0,Snacks,Delhi,Campus,2018,False,True,22.5,10,Oct,Saturday,True,Night,False
ORD-02308,2025-06-07,20,S06,C0638,Espresso,1,80.0,20,Card,30.2,4.0,Coffee,Pune,Campus,2021,False,True,64.0,6,Jun,Saturday,True,Night,True
ORD-01159,2025-06-08,13,S02,C0433,Cold Coffee,1,120.0,15,UPI,24.2,4.0,Cold Drinks,Lucknow,Mall,2021,False,True,102.0,6,Jun,Sunday,True,Lunch,False
ORD-01492,2025-10-27,14,S08,C0587,Veg Sandwich,1,90.0,10,UPI,18.9,5.0,Snacks,Indore,Street,2022,False,True,81.0,10,Oct,Monday,False,Lunch,False
ORD-02912,2025-02-24,20,S04,C0105,Masala Chai,2,30.0,5,Wallet,24.7,5.0,Tea,Delhi,Street,2020,True,True,57.0,2,Feb,Monday,False,Night,False
ORD-02329,2025-07-29,19,S07,C0285,Filter Coffee,3,60.0,20,UPI,37.2,3.0,Coffee,Jaipur,Street,2023,False,True,144.0,7,Jul,Tuesday,False,Evening,True
ORD-02500,2025-07-01,14,S01,C0654,Cutting Chai,1,20.0,15,Card,24.5,5.0,Tea,Lucknow,Campus,2019,False,True,17.0,7,Jul,Tuesday,False,Lunch,False
ORD-02493,2025-01-19,8,S03,C0472,Cutting Chai,2,20.0,15,UPI,13.0,5.0,Tea,Delhi,Campus,2018,False,True,34.0,1,Jan,Sunday,True,Morning,False
ORD-00931,2025-04-19,9,S02,C0104,Mango Shake,2,100.0,5,UPI,25.9,4.0,Cold Drinks,Lucknow,Mall,2021,False,True,190.0,4,Apr,Saturday,True,Morning,False
ORD-02365,2025-08-31,17,S05,C0606,Maggi,2,70.0,0,Card,24.6,5.0,Snacks,Pune,Mall,2022,False,True,140.0,8,Aug,Sunday,True,Evening,False
ORD-02387,2025-12-27,10,S08,C0076,Masala Chai,2,30.0,5,Card,23.3,5.0,Tea,Indore,Street,2022,False,True,57.0,12,Dec,Saturday,True,Morning,False
ORD-02465,2025-03-22,20,S06,C0525,Masala Chai,2,30.0,10,UPI,21.6,5.0,Tea,Pune,Campus,2021,False,True,54.0,3,Mar,Saturday,True,Night,False
ORD-01232,2025-08-02,19,S02,C0716,Masala Chai,3,30.0,5,UPI,35.2,5.0,Tea,Lucknow,Mall,2021,False,True,85.5,8,Aug,Saturday,True,Evening,True
ORD-02103,2025-10-22,18,S06,C0884,Masala Chai,1,30.0,15,Cash,16.1,5.0,Tea,Pune,Campus,2021,False,True,25.5,10,Oct,Wednesday,False,Evening,False
ORD-01810,2025-02-01,21,S01,C0813,Espresso,2,80.0,20,UPI,19.2,4.0,Coffee,Lucknow,Campus,2019,False,True,128.0,2,Feb,Saturday,True,Night,False
ORD-02629,2025-04-16,13,S04,C0894,Masala Chai,4,30.0,10,UPI,25.3,5.0,Tea,Delhi,Street,2020,False,True,108.0,4,Apr,Wednesday,False,Lunch,False
ORD-00977,2025-06-19,18,S07,C0792,Masala Chai,1,30.0,10,UPI,20.7,5.0,Tea,Jaipur,Street,2023,False,True,27.0,6,Jun,Thursday,False,Evening,False
ORD-00413,2025-02-02,12,S04,C0419,Filter Coffee,4,60.0,15,Cash,33.5,4.0,Coffee,Delhi,Street,2020,False,True,204.0,2,Feb,Sunday,True,Lunch,True
ORD-02276,2025-01-14,13,S03,C0155,Samosa,2,25.0,10,UPI,23.4,5.0,Snacks,Delhi,Campus,2018,False,True,45.0,1,Jan,Tuesday,False,Lunch,False
ORD-00865,2025-02-08,9,S04,C0166,Maggi,2,70.0,10,Card,17.6,5.0,Snacks,Delhi,Street,2020,False,True,126.0,2,Feb,Saturday,True,Morning,False
ORD-00095,2025-04-20,12,S08,C0442,Cold Coffee,2,120.0,5,Card,30.0,5.0,Cold Drinks,Indore,Street,2022,False,True,228.0,4,Apr,Sunday,True,Lunch,False
ORD-01554,2025-05-15,8,S02,C0394,Samosa,1,25.0,20,Cash,24.3,4.0,Snacks,Lucknow,Mall,2021,False,True,20.0,5,May,Thursday,False,Morning,False
ORD-00702,2025-04-28,10,S05,C0868,Filter Coffee,3,60.0,10,Cash,30.8,5.0,Coffee,Pune,Mall,2022,False,True,162.0,4,Apr,Monday,False,Morning,True
ORD-00455,2025-02-03,16,S06,C0144,Cheesecake,1,150.0,5,Cash,12.8,5.0,Dessert,Pune,Campus,2021,False,True,142.5,2,Feb,Monday,False,Evening,False
ORD-01121,2025-08-31,9,S03,C0469,Brownie,1,110.0,0,Card,25.3,5.0,Dessert,Delhi,Campus,2018,False,True,110.0,8,Aug,Sunday,True,Morning,False
ORD-01572,2025-07-27,16,S08,C0653,Maggi,2,70.0,0,UPI,21.6,,Snacks,Indore,Street,2022,False,False,140.0,7,Jul,Sunday,True,Evening,False
ORD-02228,2025-01-25,18,S02,C0626,Masala Chai,2,30.0,0,UPI,23.7,5.0,Tea,Lucknow,Mall,2021,False,True,60.0,1,Jan,Saturday,True,Evening,False
ORD-00351,2025-08-13,19,S06,C0658,Masala Chai,2,30.0,15,UPI,31.9,4.0,Tea,Pune,Campus,2021,False,True,51.0,8,Aug,Wednesday,False,Evening,True
ORD-02437,2025-08-03,13,S04,C0714,Veg Sandwich,1,90.0,0,UPI,29.4,5.0,Snacks,Delhi,Street,2020,False,True,90.0,8,Aug,Sunday,True,Lunch,False
ORD-00790,2025-08-08,20,S07,C0591,Samosa,2,25.0,0,Wallet,39.1,4.0,Snacks,Jaipur,Street,2023,False,True,50.0,8,Aug,Friday,False,Night,True
ORD-02987,2025-01-23,10,S03,C0112,Masala Chai,3,30.0,15,Cash,20.3,5.0,Tea,Delhi,Campus,2018,False,True,76.5,1,Jan,Thursday,False,Morning,False
ORD-01259,2025-07-12,13,S06,C0039,Brownie,3,110.0,0,UPI,30.6,5.0,Dessert,Pune,Campus,2021,False,True,330.0,7,Jul,Saturday,True,Lunch,True
ORD-00993,2025-10-17,13,S08,C0205,Masala Chai,1,30.0,0,Card,28.9,4.0,Tea,Indore,Street,2022,False,True,30.0,10,Oct,Friday,False,Lunch,False
ORD-02800,2025-10-09,13,S03,C0529,Filter Coffee,2,60.0,10,UPI,25.1,5.0,Coffee,Delhi,Campus,2018,False,True,108.0,10,Oct,Thursday,False,Lunch,False
ORD-02235,2025-10-01,18,S08,C0135,Bun Maska,2,40.0,0,Cash,15.7,,Snacks,Indore,Street,2022,False,False,80.0,10,Oct,Wednesday,False,Evening,False
ORD-01253,2025-02-12,20,S07,C0099,Masala Chai,1,30.0,5,Card,27.2,5.0,Tea,Jaipur,Street,2023,False,True,28.5,2,Feb,Wednesday,False,Night,False
ORD-01918,2025-09-22,17,S01,C0641,Samosa,1,25.0,5,UPI,30.7,5.0,Snacks,Lucknow,Campus,2019,False,True,23.75,9,Sep,Monday,False,Evening,True
ORD-00480,2025-05-31,18,S03,C0177,Mango Shake,1,100.0,5,UPI,14.8,5.0,Cold Drinks,Delhi,Campus,2018,False,True,95.0,5,May,Saturday,True,Evening,False
ORD-01081,2025-03-30,16,S07,C0827,Filter Coffee,1,60.0,5,Card,20.7,5.0,Coffee,Jaipur,Street,2023,False,True,57.0,3,Mar,Sunday,True,Evening,False
ORD-02495,2025-11-19,18,S05,C0216,Veg Sandwich,2,90.0,0,UPI,25.7,5.0,Snacks,Pune,Mall,2022,False,True,180.0,11,Nov,Wednesday,False,Evening,False
ORD-01980,2025-03-20,17,S04,C0685,Maggi,2,70.0,15,UPI,13.4,5.0,Snacks,Delhi,Street,2020,False,True,119.0,3,Mar,Thursday,False,Evening,False
ORD-01111,2025-02-26,13,S08,C0842,Cutting Chai,3,20.0,5,Unknown,24.3,5.0,Tea,Indore,Street,2022,False,True,57.0,2,Feb,Wednesday,False,Lunch,False
ORD-02086,2025-04-06,22,S07,C0722,Cold Coffee,1,120.0,0,UPI,26.1,5.0,Cold Drinks,Jaipur,Street,2023,False,True,120.0,4,Apr,Sunday,True,Night,False
ORD-00838,2025-12-26,15,S05,C0589,Masala Chai,3,30.0,0,Cash,24.3,5.0,Tea,Pune,Mall,2022,False,True,90.0,12,Dec,Friday,False,Lunch,False
ORD-02528,2025-11-26,18,S06,C0112,Masala Chai,1,30.0,15,UPI,15.8,5.0,Tea,Pune,Campus,2021,False,True,25.5,11,Nov,Wednesday,False,Evening,False
ORD-02670,2025-06-20,18,S08,C0674,Veg Sandwich,2,90.0,0,UPI,26.0,5.0,Snacks,Indore,Street,2022,False,True,180.0,6,Jun,Friday,False,Evening,False
ORD-00194,2025-10-31,12,S04,C0720,Samosa,1,25.0,0,UPI,27.2,5.0,Snacks,Delhi,Street,2020,False,True,25.0,10,Oct,Friday,False,Lunch,False
ORD-01016,2025-03-06,10,S08,C0670,Cold Coffee,1,120.0,0,UPI,23.9,5.0,Cold Drinks,Indore,Street,2022,False,True,120.0,3,Mar,Thursday,False,Morning,False
ORD-02616,2025-06-30,10,S05,C0154,Filter Coffee,2,60.0,0,Card,29.1,5.0,Coffee,Pune,Mall,2022,False,True,120.0,6,Jun,Monday,False,Morning,False
ORD-01653,2025-04-04,19,S04,C0243,Cutting Chai,3,20.0,0,Card,23.4,5.0,Tea,Delhi,Street,2020,False,True,60.0,4,Apr,Friday,False,Evening,False
ORD-00591,2025-12-05,18,S02,C0386,Bun Maska,2,40.0,10,UPI,25.2,5.0,Snacks,Lucknow,Mall,2021,False,True,72.0,12,Dec,Friday,False,Evening,False
ORD-01733,2025-10-01,18,S03,C0386,Ginger Tea,2,35.0,5,UPI,21.6,5.0,Tea,Delhi,Campus,2018,True,True,66.5,10,Oct,Wednesday,False,Evening,False
ORD-00701,2025-03-30,9,S02,C0830,Maggi,3,70.0,5,UPI,25.1,5.0,Snacks,Lucknow,Mall,2021,False,True,199.5,3,Mar,Sunday,True,Morning,False
ORD-02333,2025-10-29,14,S01,C0400,Cutting Chai,1,20.0,0,Card,18.5,5.0,Tea,Lucknow,Campus,2019,False,True,20.0,10,Oct,Wednesday,False,Lunch,False
ORD-00659,2025-08-04,21,S07,C0663,Maggi,2,70.0,20,Card,19.5,5.0,Snacks,Jaipur,Street,2023,False,True,112.0,8,Aug,Monday,False,Night,False
ORD-00388,2025-12-14,19,S01,C0228,Maggi,1,70.0,5,Card,38.3,4.0,Snacks,Lucknow,Campus,2019,False,True,66.5,12,Dec,Sunday,True,Evening,True
ORD-00493,2025-08-27,20,S07,C0287,Veg Sandwich,3,90.0,5,Cash,25.4,5.0,Snacks,Jaipur,Street,2023,False,True,256.5,8,Aug,Wednesday,False,Night,False
ORD-02438,2025-08-31,12,S07,C0370,Cutting Chai,1,20.0,10,UPI,35.0,4.0,Tea,Jaipur,Street,2023,False,True,18.0,8,Aug,Sunday,True,Lunch,True
ORD-01832,2025-12-18,9,S06,C0149,Cutting Chai,2,20.0,0,Card,17.5,5.0,Tea,Pune,Campus,2021,False,True,40.0,12,Dec,Thursday,False,Morning,False
ORD-01691,2025-10-15,20,S01,C0083,Espresso,1,80.0,0,Card,24.0,,Coffee,Lucknow,Campus,2019,False,False,80.0,10,Oct,Wednesday,False,Night,False
ORD-02087,2025-05-10,18,S08,C0198,Bun Maska,1,40.0,0,Cash,28.4,4.0,Snacks,Indore,Street,2022,False,True,40.0,5,May,Saturday,True,Evening,False
ORD-01764,2025-02-02,19,S03,C0075,Filter Coffee,1,60.0,0,UPI,24.5,5.0,Coffee,Delhi,Campus,2018,False,True,60.0,2,Feb,Sunday,True,Evening,False
ORD-02978,2025-09-17,15,S08,C0115,Ginger Tea,4,35.0,5,UPI,29.1,5.0,Tea,Indore,Street,2022,False,True,133.0,9,Sep,Wednesday,False,Lunch,False
ORD-01730,2025-05-25,20,S01,C0352,Cold Coffee,3,120.0,15,Cash,27.0,5.0,Cold Drinks,Lucknow,Campus,2019,False,True,306.0,5,May,Sunday,True,Night,False
ORD-02869,2025-12-06,11,S03,C0545,Masala Chai,2,30.0,5,UPI,20.0,5.0,Tea,Delhi,Campus,2018,False,True,57.0,12,Dec,Saturday,True,Morning,False
ORD-02131,2025-03-15,12,S05,C0162,Ginger Tea,2,35.0,15,Cash,30.7,,Tea,Pune,Mall,2022,False,False,59.5,3,Mar,Saturday,True,Lunch,True
ORD-00973,2025-02-13,22,S02,C0282,Filter Coffee,1,60.0,15,UPI,21.3,5.0,Coffee,Lucknow,Mall,2021,False,True,51.0,2,Feb,Thursday,False,Night,False
ORD-01642,2025-02-05,19,S08,C0624,Masala Chai,1,30.0,10,UPI,29.1,3.0,Tea,Indore,Street,2022,False,True,27.0,2,Feb,Wednesday,False,Evening,False
ORD-02679,2025-09-29,16,S06,C0388,Bun Maska,2,40.0,0,UPI,26.4,5.0,Snacks,Pune,Campus,2021,False,True,80.0,9,Sep,Monday,False,Evening,False
ORD-02257,2025-11-29,12,S06,C0468,Espresso,1,80.0,0,UPI,19.8,5.0,Coffee,Pune,Campus,2021,False,True,80.0,11,Nov,Saturday,True,Lunch,False
ORD-00855,2025-03-19,10,S01,C0080,Samosa,3,25.0,20,UPI,21.6,5.0,Snacks,Lucknow,Campus,2019,True,True,60.0,3,Mar,Wednesday,False,Morning,False
ORD-02622,2025-12-17,13,S05,C0496,Cutting Chai,1,20.0,5,UPI,35.2,4.0,Tea,Pune,Mall,2022,False,True,19.0,12,Dec,Wednesday,False,Lunch,True
ORD-01812,2025-06-10,17,S05,C0426,Samosa,3,25.0,10,Card,21.7,5.0,Snacks,Pune,Mall,2022,False,True,67.5,6,Jun,Tuesday,False,Evening,False
ORD-00182,2025-11-23,9,S04,C0171,Cutting Chai,1,20.0,15,UPI,18.9,5.0,Tea,Delhi,Street,2020,False,True,17.0,11,Nov,Sunday,True,Morning,False
ORD-00817,2025-11-18,8,S05,C0236,Ginger Tea,3,35.0,20,UPI,23.8,5.0,Tea,Pune,Mall,2022,False,True,84.0,11,Nov,Tuesday,False,Morning,False
ORD-01483,2025-08-05,19,S05,C0280,Bun Maska,2,40.0,0,Card,37.7,3.0,Snacks,Pune,Mall,2022,False,True,80.0,8,Aug,Tuesday,False,Evening,True
ORD-00882,2025-08-08,10,S06,C0412,Maggi,1,70.0,10,UPI,29.3,,Snacks,Pune,Campus,2021,False,False,63.0,8,Aug,Friday,False,Morning,False
ORD-02485,2025-10-25,13,S06,C0693,Maggi,3,70.0,5,UPI,17.0,4.0,Snacks,Pune,Campus,2021,False,True,199.5,10,Oct,Saturday,True,Lunch,False
ORD-01165,2025-02-23,10,S08,C0792,Cold Coffee,1,120.0,0,UPI,18.2,5.0,Cold Drinks,Indore,Street,2022,False,True,120.0,2,Feb,Sunday,True,Morning,False
ORD-00051,2025-03-15,9,S04,C0285,Maggi,3,70.0,5,Unknown,20.8,5.0,Snacks,Delhi,Street,2020,False,True,199.5,3,Mar,Saturday,True,Morning,False
ORD-01838,2025-06-07,18,S06,C0688,Masala Chai,1,30.0,0,UPI,16.0,5.0,Tea,Pune,Campus,2021,False,True,30.0,6,Jun,Saturday,True,Evening,False
ORD-01533,2025-07-20,13,S03,C0096,Samosa,3,25.0,0,Unknown,28.1,4.0,Snacks,Delhi,Campus,2018,False,True,75.0,7,Jul,Sunday,True,Lunch,False
ORD-01982,2025-05-18,12,S08,C0767,Filter Coffee,1,60.0,0,Card,24.7,5.0,Coffee,Indore,Street,2022,True,True,60.0,5,May,Sunday,True,Lunch,False
ORD-00584,2025-05-26,19,S02,C0080,Samosa,1,25.0,10,UPI,27.2,5.0,Snacks,Lucknow,Mall,2021,False,True,22.5,5,May,Monday,False,Evening,False
ORD-02966,2025-07-18,10,S02,C0887,Cutting Chai,2,20.0,10,Card,30.3,5.0,Tea,Lucknow,Mall,2021,False,True,36.0,7,Jul,Friday,False,Morning,True
ORD-01652,2025-04-11,14,S02,C0668,Bun Maska,2,40.0,0,UPI,21.1,4.0,Snacks,Lucknow,Mall,2021,False,True,80.0,4,Apr,Friday,False,Lunch,False
ORD-02757,2025-11-14,21,S03,C0619,Masala Chai,1,30.0,0,Card,13.2,5.0,Tea,Delhi,Campus,2018,False,True,30.0,11,Nov,Friday,False,Night,False
ORD-00115,2025-03-06,14,S04,C0841,Espresso,1,80.0,10,Card,23.7,5.0,Coffee,Delhi,Street,2020,False,True,72.0,3,Mar,Thursday,False,Lunch,False
ORD-00336,2025-08-13,19,S03,C0766,Ginger Tea,1,35.0,5,Cash,31.9,5.0,Tea,Delhi,Campus,2018,False,True,33.25,8,Aug,Wednesday,False,Evening,True
ORD-00104,2025-12-20,18,S07,C0524,Samosa,1,25.0,10,UPI,19.0,5.0,Snacks,Jaipur,Street,2023,False,True,22.5,12,Dec,Saturday,True,Evening,False
ORD-02211,2025-12-31,17,S04,C0574,Ginger Tea,2,35.0,10,UPI,20.4,5.0,Tea,Delhi,Street,2020,False,True,63.0,12,Dec,Wednesday,False,Evening,False
ORD-01041,2025-02-03,8,S06,C0478,Ginger Tea,2,35.0,20,UPI,17.2,5.0,Tea,Pune,Campus,2021,False,True,56.0,2,Feb,Monday,False,Morning,False
ORD-00216,2025-09-27,18,S01,C0288,Bun Maska,1,40.0,0,Card,22.8,5.0,Snacks,Lucknow,Campus,2019,False,True,40.0,9,Sep,Saturday,True,Evening,False
ORD-00298,2025-10-20,21,S05,C0125,Cold Coffee,1,120.0,0,UPI,25.3,5.0,Cold Drinks,Pune,Mall,2022,False,True,120.0,10,Oct,Monday,False,Night,False
ORD-01578,2025-11-06,14,S01,C0277,Masala Chai,2,30.0,20,Cash,21.6,5.0,Tea,Lucknow,Campus,2019,True,True,48.0,11,Nov,Thursday,False,Lunch,False
ORD-00525,2025-02-13,9,S03,C0341,Filter Coffee,2,60.0,10,Cash,21.6,,Coffee,Delhi,Campus,2018,True,False,108.0,2,Feb,Thursday,False,Morning,False
ORD-00788,2025-04-27,13,S06,C0702,Cutting Chai,1,20.0,10,UPI,31.6,4.0,Tea,Pune,Campus,2021,False,True,18.0,4,Apr,Sunday,True,Lunch,True
ORD-01116,2025-01-26,14,S08,C0218,Cutting Chai,1,20.0,15,UPI,25.6,4.0,Tea,Indore,Street,2022,False,True,17.0,1,Jan,Sunday,True,Lunch,False
ORD-01752,2025-03-15,12,S03,C0373,Cold Coffee,2,120.0,5,Card,23.7,4.0,Cold Drinks,Delhi,Campus,2018,False,True,228.0,3,Mar,Saturday,True,Lunch,False
ORD-00314,2025-05-15,17,S01,C0419,Mango Shake,2,100.0,5,UPI,15.6,5.0,Cold Drinks,Lucknow,Campus,2019,False,True,190.0,5,May,Thursday,False,Evening,False
ORD-01839,2025-10-08,10,S06,C0361,Masala Chai,1,30.0,5,UPI,21.6,5.0,Tea,Pune,Campus,2021,True,True,28.5,10,Oct,Wednesday,False,Morning,False
ORD-02307,2025-07-10,12,S06,C0309,Cheesecake,1,150.0,0,UPI,32.5,3.0,Dessert,Pune,Campus,2021,False,True,150.0,7,Jul,Thursday,False,Lunch,True
ORD-01190,2025-08-27,12,S06,C0314,Espresso,1,80.0,10,Card,22.7,5.0,Coffee,Pune,Campus,2021,False,True,72.0,8,Aug,Wednesday,False,Lunch,False
ORD-02590,2025-05-27,12,S05,C0653,Mango Shake,1,100.0,5,UPI,26.5,4.0,Cold Drinks,Pune,Mall,2022,False,True,95.0,5,May,Tuesday,False,Lunch,False
ORD-02105,2025-08-10,20,S06,C0299,Veg Sandwich,3,90.0,15,UPI,32.7,5.0,Snacks,Pune,Campus,2021,False,True,229.5,8,Aug,Sunday,True,Night,True
ORD-01357,2025-07-10,15,S06,C0633,Brownie,2,110.0,0,Card,28.7,,Dessert,Pune,Campus,2021,False,False,220.0,7,Jul,Thursday,False,Lunch,False
ORD-02038,2025-01-09,15,S04,C0004,Masala Chai,1,30.0,0,Card,13.0,5.0,Tea,Delhi,Street,2020,False,True,30.0,1,Jan,Thursday,False,Lunch,False
ORD-01594,2025-05-28,14,S07,C0384,Ginger Tea,1,35.0,0,Card,18.4,5.0,Tea,Jaipur,Street,2023,False,True,35.0,5,May,Wednesday,False,Lunch,False
ORD-02325,2025-04-06,10,S07,C0793,Cutting Chai,1,20.0,5,UPI,16.3,5.0,Tea,Jaipur,Street,2023,False,True,19.0,4,Apr,Sunday,True,Morning,False
ORD-00233,2025-12-19,17,S07,C0420,Filter Coffee,1,60.0,0,UPI,19.7,5.0,Coffee,Jaipur,Street,2023,False,True,60.0,12,Dec,Friday,False,Evening,False
ORD-02084,2025-03-08,18,S05,C0358,Masala Chai,3,30.0,0,UPI,24.5,4.0,Tea,Pune,Mall,2022,False,True,90.0,3,Mar,Saturday,True,Evening,False
ORD-02577,2025-09-12,13,S01,C0545,Cheesecake,3,150.0,10,UPI,24.1,4.0,Dessert,Lucknow,Campus,2019,False,True,405.0,9,Sep,Friday,False,Lunch,False
ORD-02324,2025-01-30,20,S08,C0678,Masala Chai,1,30.0,0,Card,30.6,,Tea,Indore,Street,2022,False,False,30.0,1,Jan,Thursday,False,Night,True
ORD-02918,2025-11-08,18,S02,C0527,Samosa,1,25.0,0,UPI,23.4,5.0,Snacks,Lucknow,Mall,2021,False,True,25.0,11,Nov,Saturday,True,Evening,False
ORD-02547,2025-12-20,17,S06,C0161,Brownie,1,110.0,5,UPI,21.6,4.0,Dessert,Pune,Campus,2021,True,True,104.5,12,Dec,Saturday,True,Evening,False
ORD-01478,2025-12-29,14,S03,C0681,Cutting Chai,1,20.0,10,UPI,9.3,5.0,Tea,Delhi,Campus,2018,False,True,18.0,12,Dec,Monday,False,Lunch,False
ORD-01975,2025-03-05,17,S06,C0708,Mango Shake,4,100.0,0,Cash,16.3,,Cold Drinks,Pune,Campus,2021,False,False,400.0,3,Mar,Wednesday,False,Evening,False
ORD-00645,2025-08-16,20,S05,C0231,Masala Chai,3,30.0,5,UPI,39.3,3.0,Tea,Pune,Mall,2022,False,True,85.5,8,Aug,Saturday,True,Night,True
ORD-00859,2025-05-19,16,S02,C0045,Samosa,2,25.0,10,UPI,22.1,5.0,Snacks,Lucknow,Mall,2021,False,True,45.0,5,May,Monday,False,Evening,False
ORD-02611,2025-11-20,9,S01,C0119,Masala Chai,1,30.0,0,Cash,14.9,5.0,Tea,Lucknow,Campus,2019,False,True,30.0,11,Nov,Thursday,False,Morning,False
ORD-02479,2025-05-17,19,S03,C0376,Mango Shake,2,100.0,0,UPI,23.2,5.0,Cold Drinks,Delhi,Campus,2018,False,True,200.0,5,May,Saturday,True,Evening,False
ORD-02847,2025-03-26,19,S07,C0432,Brownie,3,110.0,0,UPI,27.4,4.0,Dessert,Jaipur,Street,2023,False,True,330.0,3,Mar,Wednesday,False,Evening,False
ORD-01602,2025-02-21,19,S08,C0482,Maggi,1,70.0,0,Card,35.9,3.0,Snacks,Indore,Street,2022,False,True,70.0,2,Feb,Friday,False,Evening,True
ORD-01205,2025-01-11,18,S05,C0540,Samosa,2,25.0,5,UPI,15.6,5.0,Snacks,Pune,Mall,2022,False,True,47.5,1,Jan,Saturday,True,Evening,False
ORD-01613,2025-10-09,20,S06,C0845,Samosa,1,25.0,10,UPI,21.6,5.0,Snacks,Pune,Campus,2021,True,True,22.5,10,Oct,Thursday,False,Night,False
ORD-01883,2025-05-30,19,S03,C0751,Mango Shake,2,100.0,5,UPI,21.5,5.0,Cold Drinks,Delhi,Campus,2018,False,True,190.0,5,May,Friday,False,Evening,False
ORD-02845,2025-03-18,14,S06,C0179,Espresso,2,80.0,0,UPI,22.1,,Coffee,Pune,Campus,2021,False,False,160.0,3,Mar,Tuesday,False,Lunch,False
ORD-01274,2025-08-02,13,S02,C0163,Maggi,2,70.0,0,UPI,37.2,4.0,Snacks,Lucknow,Mall,2021,False,True,140.0,8,Aug,Saturday,True,Lunch,True
ORD-00684,2025-06-15,13,S07,C0883,Cold Coffee,3,120.0,0,Cash,21.7,,Cold Drinks,Jaipur,Street,2023,False,False,360.0,6,Jun,Sunday,True,Lunch,False
ORD-02409,2025-05-01,16,S08,C0479,Filter Coffee,3,60.0,0,Card,24.7,5.0,Coffee,Indore,Street,2022,False,True,180.0,5,May,Thursday,False,Evening,False
ORD-00345,2025-10-13,17,S03,C0831,Cold Coffee,3,120.0,15,Cash,17.2,,Cold Drinks,Delhi,Campus,2018,False,False,306.0,10,Oct,Monday,False,Evening,False
ORD-00858,2025-11-17,17,S03,C0873,Ginger Tea,1,35.0,0,UPI,17.8,5.0,Tea,Delhi,Campus,2018,False,True,35.0,11,Nov,Monday,False,Evening,False
ORD-02253,2025-05-18,12,S06,C0362,Filter Coffee,4,60.0,10,UPI,24.2,5.0,Coffee,Pune,Campus,2021,False,True,216.0,5,May,Sunday,True,Lunch,False
ORD-00832,2025-07-21,12,S05,C0454,Samosa,1,25.0,5,Wallet,39.4,4.0,Snacks,Pune,Mall,2022,False,True,23.75,7,Jul,Monday,False,Lunch,True
ORD-00112,2025-03-15,13,S03,C0786,Cutting Chai,1,20.0,5,Card,23.9,5.0,Tea,Delhi,Campus,2018,False,True,19.0,3,Mar,Saturday,True,Lunch,False
ORD-01059,2025-07-18,18,S05,C0017,Filter Coffee,2,60.0,5,Card,31.0,4.0,Coffee,Pune,Mall,2022,False,True,114.0,7,Jul,Friday,False,Evening,True
ORD-01481,2025-06-03,21,S04,C0275,Cold Coffee,3,120.0,0,Cash,20.3,5.0,Cold Drinks,Delhi,Street,2020,False,True,360.0,6,Jun,Tuesday,False,Night,False
ORD-01635,2025-12-25,18,S01,C0816,Cold Coffee,2,120.0,10,UPI,21.6,5.0,Cold Drinks,Lucknow,Campus,2019,True,True,216.0,12,Dec,Thursday,False,Evening,False
ORD-02496,2025-07-10,13,S04,C0538,Cutting Chai,1,20.0,10,UPI,31.1,4.0,Tea,Delhi,Street,2020,False,True,18.0,7,Jul,Thursday,False,Lunch,True
ORD-02020,2025-05-17,18,S05,C0598,Cold Coffee,2,120.0,15,UPI,25.1,,Cold Drinks,Pune,Mall,2022,False,False,204.0,5,May,Saturday,True,Evening,False
ORD-01266,2025-10-22,14,S01,C0381,Cold Coffee,1,120.0,5,Cash,16.7,5.0,Cold Drinks,Lucknow,Campus,2019,False,True,114.0,10,Oct,Wednesday,False,Lunch,False
ORD-00420,2025-11-29,22,S06,C0589,Veg Sandwich,1,90.0,0,Wallet,23.5,5.0,Snacks,Pune,Campus,2021,False,True,90.0,11,Nov,Saturday,True,Night,False
ORD-01422,2025-06-26,11,S02,C0864,Ginger Tea,2,35.0,10,UPI,30.9,4.0,Tea,Lucknow,Mall,2021,False,True,63.0,6,Jun,Thursday,False,Morning,True
ORD-02424,2025-02-05,10,S08,C0185,Masala Chai,1,30.0,20,UPI,18.1,5.0,Tea,Indore,Street,2022,False,True,24.0,2,Feb,Wednesday,False,Morning,False
ORD-00119,2025-06-07,17,S07,C0391,Filter Coffee,1,60.0,0,UPI,20.8,5.0,Coffee,Jaipur,Street,2023,False,True,60.0,6,Jun,Saturday,True,Evening,False
ORD-02635,2025-07-10,15,S01,C0354,Masala Chai,4,30.0,0,UPI,18.4,5.0,Tea,Lucknow,Campus,2019,False,True,120.0,7,Jul,Thursday,False,Lunch,False
ORD-01288,2025-05-01,20,S01,C0828,Filter Coffee,2,60.0,20,UPI,24.7,4.0,Coffee,Lucknow,Campus,2019,False,True,96.0,5,May,Thursday,False,Night,False
ORD-02587,2025-05-03,19,S01,C0147,Mango Shake,3,100.0,10,UPI,25.6,4.0,Cold Drinks,Lucknow,Campus,2019,False,True,270.0,5,May,Saturday,True,Evening,False
ORD-00285,2025-07-28,15,S07,C0604,Cutting Chai,1,20.0,10,Cash,24.8,5.0,Tea,Jaipur,Street,2023,False,True,18.0,7,Jul,Monday,False,Lunch,False
ORD-00196,2025-03-07,10,S04,C0430,Filter Coffee,2,60.0,0,UPI,22.4,5.0,Coffee,Delhi,Street,2020,False,True,120.0,3,Mar,Friday,False,Morning,False
ORD-01550,2025-04-10,16,S01,C0331,Espresso,1,80.0,0,Card,20.0,5.0,Coffee,Lucknow,Campus,2019,False,True,80.0,4,Apr,Thursday,False,Evening,False
ORD-01231,2025-03-20,16,S03,C0106,Brownie,1,110.0,5,Cash,19.9,5.0,Dessert,Delhi,Campus,2018,False,True,104.5,3,Mar,Thursday,False,Evening,False
ORD-01233,2025-03-13,13,S02,C0278,Bun Maska,1,40.0,10,Cash,28.05,3.0,Snacks,Lucknow,Mall,2021,True,True,36.0,3,Mar,Thursday,False,Lunch,False
ORD-01074,2025-12-08,19,S04,C0836,Masala Chai,1,30.0,0,Card,32.1,4.0,Tea,Delhi,Street,2020,False,True,30.0,12,Dec,Monday,False,Evening,True
ORD-02247,2025-04-06,12,S01,C0437,Mango Shake,1,100.0,5,Cash,24.0,4.0,Cold Drinks,Lucknow,Campus,2019,False,True,95.0,4,Apr,Sunday,True,Lunch,False
ORD-00930,2025-09-26,16,S08,C0688,Maggi,1,70.0,5,Card,30.2,,Snacks,Indore,Street,2022,False,False,66.5,9,Sep,Friday,False,Evening,True
ORD-02540,2025-07-06,19,S02,C0197,Masala Chai,2,30.0,10,Card,42.8,4.0,Tea,Lucknow,Mall,2021,False,True,54.0,7,Jul,Sunday,True,Evening,True
ORD-01968,2025-11-07,21,S07,C0629,Cutting Chai,1,20.0,10,UPI,27.6,5.0,Tea,Jaipur,Street,2023,False,True,18.0,11,Nov,Friday,False,Night,False
ORD-01986,2025-12-05,12,S02,C0163,Cutting Chai,1,20.0,0,Cash,24.8,5.0,Tea,Lucknow,Mall,2021,False,True,20.0,12,Dec,Friday,False,Lunch,False
ORD-00417,2025-02-22,14,S04,C0129,Espresso,1,80.0,15,Card,22.0,5.0,Coffee,Delhi,Street,2020,False,True,68.0,2,Feb,Saturday,True,Lunch,False
ORD-00798,2025-03-02,13,S02,C0625,Bun Maska,2,40.0,0,Card,30.9,5.0,Snacks,Lucknow,Mall,2021,False,True,80.0,3,Mar,Sunday,True,Lunch,True
ORD-02560,2025-01-12,17,S07,C0603,Masala Chai,2,30.0,0,UPI,20.3,5.0,Tea,Jaipur,Street,2023,False,True,60.0,1,Jan,Sunday,True,Evening,False
ORD-01025,2025-08-30,12,S01,C0402,Veg Sandwich,4,90.0,0,Card,33.9,5.0,Snacks,Lucknow,Campus,2019,False,True,360.0,8,Aug,Saturday,True,Lunch,True
ORD-02070,2025-07-04,13,S08,C0191,Cold Coffee,1,120.0,10,Card,28.7,5.0,Cold Drinks,Indore,Street,2022,False,True,108.0,7,Jul,Friday,False,Lunch,False
ORD-00536,2025-03-18,13,S02,C0089,Bun Maska,1,40.0,20,UPI,28.9,4.0,Snacks,Lucknow,Mall,2021,False,True,32.0,3,Mar,Tuesday,False,Lunch,False
ORD-02944,2025-03-03,12,S06,C0779,Veg Sandwich,1,90.0,0,UPI,32.3,3.0,Snacks,Pune,Campus,2021,False,True,90.0,3,Mar,Monday,False,Lunch,True
ORD-01132,2025-07-08,10,S06,C0525,Samosa,3,25.0,10,UPI,24.5,5.0,Snacks,Pune,Campus,2021,False,True,67.5,7,Jul,Tuesday,False,Morning,False
ORD-00013,2025-08-23,20,S01,C0474,Bun Maska,2,40.0,15,Cash,23.2,,Snacks,Lucknow,Campus,2019,False,False,68.0,8,Aug,Saturday,True,Night,False
ORD-01700,2025-09-21,19,S05,C0784,Bun Maska,3,40.0,0,Cash,31.0,4.0,Snacks,Pune,Mall,2022,False,True,120.0,9,Sep,Sunday,True,Evening,True
ORD-01222,2025-03-19,18,S02,C0068,Masala Chai,2,30.0,10,Card,20.0,5.0,Tea,Lucknow,Mall,2021,False,True,54.0,3,Mar,Wednesday,False,Evening,False
ORD-00286,2025-06-01,10,S05,C0439,Samosa,1,25.0,0,UPI,27.8,4.0,Snacks,Pune,Mall,2022,False,True,25.0,6,Jun,Sunday,True,Morning,False
ORD-01155,2025-07-14,13,S07,C0363,Mango Shake,4,100.0,15,UPI,33.8,5.0,Cold Drinks,Jaipur,Street,2023,False,True,340.0,7,Jul,Monday,False,Lunch,True
ORD-01210,2025-06-02,13,S05,C0829,Ginger Tea,4,35.0,15,Cash,28.6,,Tea,Pune,Mall,2022,False,False,119.0,6,Jun,Monday,False,Lunch,False
ORD-01076,2025-04-28,18,S04,C0044,Cold Coffee,1,120.0,15,UPI,22.6,5.0,Cold Drinks,Delhi,Street,2020,False,True,102.0,4,Apr,Monday,False,Evening,False
ORD-02898,2025-03-16,12,S03,C0825,Veg Sandwich,1,90.0,0,Cash,30.4,4.0,Snacks,Delhi,Campus,2018,False,True,90.0,3,Mar,Sunday,True,Lunch,True
ORD-00610,2025-06-10,13,S01,C0631,Filter Coffee,4,60.0,15,UPI,31.7,5.0,Coffee,Lucknow,Campus,2019,False,True,204.0,6,Jun,Tuesday,False,Lunch,True
ORD-00900,2025-07-10,20,S08,C0381,Cutting Chai,1,20.0,0,Cash,31.7,3.0,Tea,Indore,Street,2022,False,True,20.0,7,Jul,Thursday,False,Night,True
ORD-00133,2025-08-01,14,S06,C0881,Masala Chai,2,30.0,0,UPI,22.9,,Tea,Pune,Campus,2021,False,False,60.0,8,Aug,Friday,False,Lunch,False
ORD-01396,2025-02-26,14,S08,C0697,Ginger Tea,3,35.0,15,UPI,21.7,5.0,Tea,Indore,Street,2022,False,True,89.25,2,Feb,Wednesday,False,Lunch,False
ORD-00566,2025-09-02,17,S06,C0833,Veg Sandwich,3,90.0,0,Card,22.5,4.0,Snacks,Pune,Campus,2021,False,True,270.0,9,Sep,Tuesday,False,Evening,False
ORD-01098,2025-10-25,21,S03,C0506,Samosa,1,25.0,0,Wallet,19.1,5.0,Snacks,Delhi,Campus,2018,False,True,25.0,10,Oct,Saturday,True,Night,False
ORD-01193,2025-11-16,13,S05,C0156,Filter Coffee,4,60.0,0,UPI,31.9,,Coffee,Pune,Mall,2022,False,False,240.0,11,Nov,Sunday,True,Lunch,True
ORD-01615,2025-11-01,17,S03,C0220,Cutting Chai,2,20.0,15,Cash,18.7,5.0,Tea,Delhi,Campus,2018,False,True,34.0,11,Nov,Saturday,True,Evening,False
ORD-00264,2025-02-22,20,S06,C0091,Ginger Tea,1,35.0,0,UPI,32.7,4.0,Tea,Pune,Campus,2021,False,True,35.0,2,Feb,Saturday,True,Night,True
ORD-01777,2025-09-18,20,S02,C0306,Filter Coffee,2,60.0,5,Card,35.2,4.0,Coffee,Lucknow,Mall,2021,False,True,114.0,9,Sep,Thursday,False,Night,True
ORD-02238,2025-04-27,19,S04,C0454,Cutting Chai,2,20.0,5,Card,24.7,4.0,Tea,Delhi,Street,2020,True,True,38.0,4,Apr,Sunday,True,Evening,False
ORD-00598,2025-08-20,13,S03,C0365,Maggi,1,70.0,5,Unknown,22.4,3.0,Snacks,Delhi,Campus,2018,False,True,66.5,8,Aug,Wednesday,False,Lunch,False
ORD-02702,2025-07-14,19,S04,C0643,Masala Chai,4,30.0,10,UPI,33.3,5.0,Tea,Delhi,Street,2020,False,True,108.0,7,Jul,Monday,False,Evening,True
ORD-02017,2025-04-13,16,S06,C0199,Cold Coffee,2,120.0,0,UPI,21.7,5.0,Cold Drinks,Pune,Campus,2021,False,True,240.0,4,Apr,Sunday,True,Evening,False
ORD-02010,2025-09-08,20,S05,C0163,Filter Coffee,1,60.0,10,Cash,38.8,5.0,Coffee,Pune,Mall,2022,False,True,54.0,9,Sep,Monday,False,Night,True
ORD-00429,2025-01-21,18,S04,C0802,Maggi,2,70.0,20,Wallet,20.5,,Snacks,Delhi,Street,2020,False,False,112.0,1,Jan,Tuesday,False,Evening,False
ORD-00085,2025-01-09,8,S01,C0187,Samosa,4,25.0,15,Card,13.7,5.0,Snacks,Lucknow,Campus,2019,False,True,85.0,1,Jan,Thursday,False,Morning,False
ORD-02422,2025-03-14,10,S07,C0452,Espresso,2,80.0,5,UPI,24.7,5.0,Coffee,Jaipur,Street,2023,True,True,152.0,3,Mar,Friday,False,Morning,False
ORD-01267,2025-03-04,15,S03,C0838,Filter Coffee,2,60.0,10,Card,25.0,5.0,Coffee,Delhi,Campus,2018,False,True,108.0,3,Mar,Tuesday,False,Lunch,False
ORD-02464,2025-08-04,13,S07,C0417,Bun Maska,1,40.0,0,Card,26.0,5.0,Snacks,Jaipur,Street,2023,False,True,40.0,8,Aug,Monday,False,Lunch,False
ORD-01045,2025-01-08,13,S08,C0831,Ginger Tea,1,35.0,20,Cash,28.3,5.0,Tea,Indore,Street,2022,False,True,28.0,1,Jan,Wednesday,False,Lunch,False
ORD-00840,2025-07-07,21,S08,C0882,Ginger Tea,2,35.0,20,Wallet,23.2,5.0,Tea,Indore,Street,2022,False,True,56.0,7,Jul,Monday,False,Night,False
ORD-01030,2025-05-28,18,S08,C0820,Maggi,1,70.0,0,UPI,24.2,3.0,Snacks,Indore,Street,2022,False,True,70.0,5,May,Wednesday,False,Evening,False
ORD-00514,2025-04-13,19,S06,C0251,Brownie,1,110.0,10,UPI,22.7,5.0,Dessert,Pune,Campus,2021,False,True,99.0,4,Apr,Sunday,True,Evening,False
ORD-02490,2025-08-10,18,S06,C0817,Bun Maska,2,40.0,0,UPI,29.2,4.0,Snacks,Pune,Campus,2021,False,True,80.0,8,Aug,Sunday,True,Evening,False
ORD-00270,2025-01-08,20,S01,C0505,Masala Chai,1,30.0,0,UPI,27.8,5.0,Tea,Lucknow,Campus,2019,False,True,30.0,1,Jan,Wednesday,False,Night,False
ORD-02515,2025-03-27,12,S03,C0032,Masala Chai,2,30.0,5,UPI,25.1,5.0,Tea,Delhi,Campus,2018,False,True,57.0,3,Mar,Thursday,False,Lunch,False
ORD-02223,2025-06-01,9,S03,C0096,Cutting Chai,2,20.0,15,UPI,15.5,5.0,Tea,Delhi,Campus,2018,False,True,34.0,6,Jun,Sunday,True,Morning,False
ORD-01490,2025-06-23,18,S01,C0678,Mango Shake,4,100.0,20,Cash,16.4,5.0,Cold Drinks,Lucknow,Campus,2019,False,True,320.0,6,Jun,Monday,False,Evening,False
ORD-02153,2025-10-09,12,S05,C0143,Espresso,3,80.0,15,UPI,25.5,5.0,Coffee,Pune,Mall,2022,False,True,204.0,10,Oct,Thursday,False,Lunch,False
ORD-00670,2025-05-30,20,S07,C0653,Mango Shake,2,100.0,15,UPI,28.7,4.0,Cold Drinks,Jaipur,Street,2023,False,True,170.0,5,May,Friday,False,Night,False
ORD-01868,2025-03-16,9,S02,C0137,Cutting Chai,1,20.0,15,Card,19.4,5.0,Tea,Lucknow,Mall,2021,False,True,17.0,3,Mar,Sunday,True,Morning,False
ORD-00291,2025-11-01,14,S06,C0868,Cutting Chai,2,20.0,10,Cash,15.0,5.0,Tea,Pune,Campus,2021,False,True,36.0,11,Nov,Saturday,True,Lunch,False
ORD-02268,2025-07-05,18,S02,C0229,Maggi,3,70.0,15,UPI,28.05,4.0,Snacks,Lucknow,Mall,2021,True,True,178.5,7,Jul,Saturday,True,Evening,False
ORD-00857,2025-09-25,18,S02,C0309,Veg Sandwich,2,90.0,0,Cash,33.7,5.0,Snacks,Lucknow,Mall,2021,False,True,180.0,9,Sep,Thursday,False,Evening,True
ORD-01833,2025-06-14,13,S01,C0864,Samosa,1,25.0,5,UPI,21.3,4.0,Snacks,Lucknow,Campus,2019,False,True,23.75,6,Jun,Saturday,True,Lunch,False
ORD-00600,2025-08-15,16,S03,C0643,Filter Coffee,2,60.0,0,Cash,22.4,5.0,Coffee,Delhi,Campus,2018,False,True,120.0,8,Aug,Friday,False,Evening,False
ORD-01727,2025-05-08,18,S01,C0639,Bun Maska,3,40.0,5,UPI,16.7,5.0,Snacks,Lucknow,Campus,2019,False,True,114.0,5,May,Thursday,False,Evening,False
ORD-01771,2025-07-31,8,S01,C0615,Samosa,1,25.0,20,UPI,21.6,5.0,Snacks,Lucknow,Campus,2019,True,True,20.0,7,Jul,Thursday,False,Morning,False
ORD-02826,2025-09-27,13,S07,C0402,Cutting Chai,3,20.0,10,Card,36.4,4.0,Tea,Jaipur,Street,2023,False,True,54.0,9,Sep,Saturday,True,Lunch,True
ORD-00939,2025-11-23,19,S01,C0310,Filter Coffee,2,60.0,10,UPI,17.2,5.0,Coffee,Lucknow,Campus,2019,False,True,108.0,11,Nov,Sunday,True,Evening,False
ORD-00304,2025-07-07,17,S02,C0847,Cheesecake,1,150.0,5,Wallet,26.2,4.0,Dessert,Lucknow,Mall,2021,False,True,142.5,7,Jul,Monday,False,Evening,False
ORD-02963,2025-02-07,19,S06,C0618,Filter Coffee,1,60.0,0,Card,16.1,5.0,Coffee,Pune,Campus,2021,False,True,60.0,2,Feb,Friday,False,Evening,False
ORD-02618,2025-11-10,10,S06,C0317,Bun Maska,1,40.0,10,Cash,17.7,5.0,Snacks,Pune,Campus,2021,False,True,36.0,11,Nov,Monday,False,Morning,False
ORD-01985,2025-08-14,18,S06,C0187,Ginger Tea,2,35.0,20,Cash,26.2,4.0,Tea,Pune,Campus,2021,False,True,56.0,8,Aug,Thursday,False,Evening,False
ORD-00484,2025-04-26,18,S06,C0335,Mango Shake,3,100.0,15,UPI,15.0,5.0,Cold Drinks,Pune,Campus,2021,False,True,255.0,4,Apr,Saturday,True,Evening,False
ORD-02730,2025-11-22,11,S03,C0690,Cutting Chai,1,20.0,5,UPI,18.7,5.0,Tea,Delhi,Campus,2018,False,True,19.0,11,Nov,Saturday,True,Morning,False
ORD-02626,2025-06-04,13,S01,C0894,Mango Shake,2,100.0,0,Cash,23.6,5.0,Cold Drinks,Lucknow,Campus,2019,False,True,200.0,6,Jun,Wednesday,False,Lunch,False
ORD-00389,2025-02-13,12,S08,C0480,Ginger Tea,2,35.0,10,Cash,26.8,5.0,Tea,Indore,Street,2022,False,True,63.0,2,Feb,Thursday,False,Lunch,False
ORD-00378,2025-06-09,11,S07,C0643,Maggi,2,70.0,15,UPI,23.4,3.0,Snacks,Jaipur,Street,2023,False,True,119.0,6,Jun,Monday,False,Morning,False
ORD-02747,2025-03-17,13,S06,C0642,Cutting Chai,3,20.0,0,UPI,28.3,4.0,Tea,Pune,Campus,2021,False,True,60.0,3,Mar,Monday,False,Lunch,False
ORD-02839,2025-05-17,18,S02,C0879,Cold Coffee,1,120.0,5,Card,27.3,4.0,Cold Drinks,Lucknow,Mall,2021,False,True,114.0,5,May,Saturday,True,Evening,False
ORD-02598,2025-05-29,15,S05,C0415,Cold Coffee,4,120.0,0,UPI,24.6,,Cold Drinks,Pune,Mall,2022,False,False,480.0,5,May,Thursday,False,Lunch,False
ORD-01852,2025-11-27,14,S07,C0476,Samosa,2,25.0,5,UPI,20.3,4.0,Snacks,Jaipur,Street,2023,False,True,47.5,11,Nov,Thursday,False,Lunch,False
ORD-00180,2025-10-01,8,S04,C0755,Cold Coffee,1,120.0,0,Cash,20.5,,Cold Drinks,Delhi,Street,2020,False,False,120.0,10,Oct,Wednesday,False,Morning,False
ORD-00569,2025-05-14,9,S05,C0609,Veg Sandwich,3,90.0,20,Card,22.2,,Snacks,Pune,Mall,2022,False,False,216.0,5,May,Wednesday,False,Morning,False
ORD-02964,2025-08-04,12,S05,C0167,Ginger Tea,1,35.0,20,Unknown,38.2,4.0,Tea,Pune,Mall,2022,False,True,28.0,8,Aug,Monday,False,Lunch,True
ORD-01234,2025-09-06,12,S03,C0312,Bun Maska,1,40.0,10,Card,31.8,3.0,Snacks,Delhi,Campus,2018,False,True,36.0,9,Sep,Saturday,True,Lunch,True
ORD-01505,2025-10-24,19,S04,C0104,Masala Chai,1,30.0,0,UPI,32.1,4.0,Tea,Delhi,Street,2020,False,True,30.0,10,Oct,Friday,False,Evening,True
ORD-00992,2025-10-02,13,S02,C0837,Filter Coffee,4,60.0,5,UPI,28.9,5.0,Coffee,Lucknow,Mall,2021,False,True,228.0,10,Oct,Thursday,False,Lunch,False
ORD-00979,2025-07-13,10,S07,C0683,Espresso,1,80.0,0,UPI,25.5,5.0,Coffee,Jaipur,Street,2023,False,True,80.0,7,Jul,Sunday,True,Morning,False
ORD-00173,2025-04-04,8,S03,C0241,Samosa,1,25.0,0,UPI,19.6,5.0,Snacks,Delhi,Campus,2018,False,True,25.0,4,Apr,Friday,False,Morning,False
ORD-01829,2025-12-03,17,S07,C0442,Bun Maska,2,40.0,5,UPI,23.0,5.0,Snacks,Jaipur,Street,2023,False,True,76.0,12,Dec,Wednesday,False,Evening,False
ORD-01442,2025-01-18,13,S07,C0085,Cutting Chai,3,20.0,0,Cash,28.1,4.0,Tea,Jaipur,Street,2023,False,True,60.0,1,Jan,Saturday,True,Lunch,False
ORD-02779,2025-04-05,13,S07,C0794,Samosa,2,25.0,15,UPI,29.9,4.0,Snacks,Jaipur,Street,2023,False,True,42.5,4,Apr,Saturday,True,Lunch,False
ORD-02913,2025-07-14,20,S05,C0296,Cold Coffee,1,120.0,10,Card,39.1,,Cold Drinks,Pune,Mall,2022,False,False,108.0,7,Jul,Monday,False,Night,True
ORD-02392,2025-10-04,14,S04,C0158,Filter Coffee,1,60.0,5,UPI,22.0,5.0,Coffee,Delhi,Street,2020,False,True,57.0,10,Oct,Saturday,True,Lunch,False
ORD-02353,2025-03-27,9,S07,C0151,Samosa,2,25.0,5,UPI,27.4,4.0,Snacks,Jaipur,Street,2023,False,True,47.5,3,Mar,Thursday,False,Morning,False
ORD-00053,2025-10-15,20,S07,C0283,Samosa,2,25.0,0,Cash,31.6,,Snacks,Jaipur,Street,2023,False,False,50.0,10,Oct,Wednesday,False,Night,True
ORD-00696,2025-07-13,13,S03,C0224,Filter Coffee,3,60.0,15,Card,35.4,4.0,Coffee,Delhi,Campus,2018,False,True,153.0,7,Jul,Sunday,True,Lunch,True
ORD-01618,2025-07-28,18,S06,C0654,Cold Coffee,2,120.0,20,UPI,17.9,5.0,Cold Drinks,Pune,Campus,2021,False,True,192.0,7,Jul,Monday,False,Evening,False
ORD-00094,2025-05-19,12,S05,C0182,Brownie,2,110.0,0,Card,31.8,4.0,Dessert,Pune,Mall,2022,False,True,220.0,5,May,Monday,False,Lunch,True
ORD-00898,2025-03-15,19,S01,C0815,Filter Coffee,1,60.0,5,Cash,23.0,5.0,Coffee,Lucknow,Campus,2019,False,True,57.0,3,Mar,Saturday,True,Evening,False
ORD-01654,2025-02-19,10,S01,C0335,Masala Chai,1,30.0,0,UPI,15.4,5.0,Tea,Lucknow,Campus,2019,False,True,30.0,2,Feb,Wednesday,False,Morning,False
ORD-02093,2025-07-28,18,S03,C0384,Ginger Tea,2,35.0,20,UPI,27.1,4.0,Tea,Delhi,Campus,2018,False,True,56.0,7,Jul,Monday,False,Evening,False
ORD-00434,2025-11-02,14,S08,C0460,Cutting Chai,2,20.0,20,UPI,17.3,5.0,Tea,Indore,Street,2022,False,True,32.0,11,Nov,Sunday,True,Lunch,False
ORD-02053,2025-06-15,20,S08,C0290,Mango Shake,3,100.0,20,Cash,25.6,5.0,Cold Drinks,Indore,Street,2022,False,True,240.0,6,Jun,Sunday,True,Night,False
ORD-00186,2025-08-30,22,S06,C0643,Masala Chai,1,30.0,0,UPI,21.6,5.0,Tea,Pune,Campus,2021,True,True,30.0,8,Aug,Saturday,True,Night,False
ORD-00889,2025-03-01,9,S05,C0630,Maggi,3,70.0,15,UPI,18.1,5.0,Snacks,Pune,Mall,2022,False,True,178.5,3,Mar,Saturday,True,Morning,False
ORD-01393,2025-02-12,17,S02,C0810,Filter Coffee,1,60.0,10,Card,23.4,5.0,Coffee,Lucknow,Mall,2021,False,True,54.0,2,Feb,Wednesday,False,Evening,False
ORD-00997,2025-08-22,13,S06,C0467,Masala Chai,2,30.0,15,UPI,29.9,4.0,Tea,Pune,Campus,2021,False,True,51.0,8,Aug,Friday,False,Lunch,False
ORD-01933,2025-10-11,18,S01,C0416,Bun Maska,1,40.0,5,Card,20.9,5.0,Snacks,Lucknow,Campus,2019,False,True,38.0,10,Oct,Saturday,True,Evening,False
ORD-02689,2025-04-04,17,S01,C0721,Bun Maska,3,40.0,10,Cash,18.8,,Snacks,Lucknow,Campus,2019,False,False,108.0,4,Apr,Friday,False,Evening,False
ORD-00438,2025-07-04,19,S03,C0056,Ginger Tea,2,35.0,0,UPI,35.4,,Tea,Delhi,Campus,2018,False,False,70.0,7,Jul,Friday,False,Evening,True
ORD-00725,2025-02-07,17,S04,C0864,Bun Maska,4,40.0,0,UPI,23.1,5.0,Snacks,Delhi,Street,2020,False,True,160.0,2,Feb,Friday,False,Evening,False
ORD-02740,2025-07-29,18,S05,C0760,Filter Coffee,2,60.0,10,UPI,29.1,4.0,Coffee,Pune,Mall,2022,False,True,108.0,7,Jul,Tuesday,False,Evening,False
ORD-01509,2025-03-20,8,S05,C0592,Bun Maska,2,40.0,0,Card,24.4,5.0,Snacks,Pune,Mall,2022,False,True,80.0,3,Mar,Thursday,False,Morning,False
ORD-02234,2025-12-13,19,S05,C0400,Ginger Tea,2,35.0,0,UPI,28.05,4.0,Tea,Pune,Mall,2022,True,True,70.0,12,Dec,Saturday,True,Evening,False
ORD-00130,2025-08-03,18,S01,C0642,Brownie,2,110.0,15,UPI,26.0,5.0,Dessert,Lucknow,Campus,2019,False,True,187.0,8,Aug,Sunday,True,Evening,False
ORD-02632,2025-07-01,16,S04,C0259,Cutting Chai,3,20.0,0,Card,24.7,5.0,Tea,Delhi,Street,2020,True,True,60.0,7,Jul,Tuesday,False,Evening,False
ORD-00143,2025-12-09,12,S01,C0069,Cheesecake,4,150.0,15,Cash,27.6,4.0,Dessert,Lucknow,Campus,2019,False,True,510.0,12,Dec,Tuesday,False,Lunch,False
ORD-00768,2025-01-12,18,S04,C0883,Cutting Chai,3,20.0,0,UPI,24.0,5.0,Tea,Delhi,Street,2020,False,True,60.0,1,Jan,Sunday,True,Evening,False
ORD-02440,2025-10-04,20,S02,C0881,Cutting Chai,3,20.0,10,Card,31.7,5.0,Tea,Lucknow,Mall,2021,False,True,54.0,10,Oct,Saturday,True,Night,True
ORD-01549,2025-04-25,17,S01,C0119,Samosa,1,25.0,0,Cash,12.2,5.0,Snacks,Lucknow,Campus,2019,False,True,25.0,4,Apr,Friday,False,Evening,False
ORD-01242,2025-04-27,8,S03,C0591,Veg Sandwich,3,90.0,0,Card,19.0,5.0,Snacks,Delhi,Campus,2018,False,True,270.0,4,Apr,Sunday,True,Morning,False
ORD-00661,2025-04-11,13,S03,C0221,Filter Coffee,2,60.0,20,UPI,22.7,,Coffee,Delhi,Campus,2018,False,False,96.0,4,Apr,Friday,False,Lunch,False
ORD-02559,2025-06-19,18,S03,C0035,Samosa,1,25.0,0,UPI,21.1,5.0,Snacks,Delhi,Campus,2018,False,True,25.0,6,Jun,Thursday,False,Evening,False
ORD-00844,2025-05-30,18,S03,C0460,Mango Shake,1,100.0,0,Card,22.6,4.0,Cold Drinks,Delhi,Campus,2018,False,True,100.0,5,May,Friday,False,Evening,False
ORD-01073,2025-06-12,13,S03,C0202,Cold Coffee,1,120.0,5,Card,24.6,5.0,Cold Drinks,Delhi,Campus,2018,False,True,114.0,6,Jun,Thursday,False,Lunch,False
ORD-02763,2025-02-06,9,S03,C0590,Samosa,3,25.0,5,Card,18.3,5.0,Snacks,Delhi,Campus,2018,False,True,71.25,2,Feb,Thursday,False,Morning,False
ORD-01363,2025-08-15,12,S08,C0512,Samosa,3,25.0,0,UPI,38.2,,Snacks,Indore,Street,2022,False,False,75.0,8,Aug,Friday,False,Lunch,True
ORD-02163,2025-05-24,12,S02,GUEST,Cutting Chai,2,20.0,15,UPI,24.1,4.0,Tea,Lucknow,Mall,2021,False,True,34.0,5,May,Saturday,True,Lunch,False
ORD-00419,2025-03-14,16,S07,C0690,Masala Chai,1,30.0,10,UPI,19.8,5.0,Tea,Jaipur,Street,2023,False,True,27.0,3,Mar,Friday,False,Evening,False
ORD-02380,2025-09-11,13,S04,C0356,Veg Sandwich,1,90.0,5,Card,40.4,,Snacks,Delhi,Street,2020,False,False,85.5,9,Sep,Thursday,False,Lunch,True
ORD-00464,2025-04-20,11,S03,C0880,Espresso,1,80.0,0,Cash,19.6,5.0,Coffee,Delhi,Campus,2018,False,True,80.0,4,Apr,Sunday,True,Morning,False
ORD-02843,2025-06-09,18,S01,C0321,Filter Coffee,2,60.0,0,UPI,21.6,5.0,Coffee,Lucknow,Campus,2019,True,True,120.0,6,Jun,Monday,False,Evening,False
ORD-00063,2025-07-26,15,S01,C0834,Cutting Chai,2,20.0,10,UPI,22.3,5.0,Tea,Lucknow,Campus,2019,False,True,36.0,7,Jul,Saturday,True,Lunch,False
ORD-02369,2025-05-14,17,S03,C0231,Veg Sandwich,4,90.0,20,Cash,18.5,5.0,Snacks,Delhi,Campus,2018,False,True,288.0,5,May,Wednesday,False,Evening,False
ORD-01889,2025-11-07,13,S06,C0015,Ginger Tea,1,35.0,10,Cash,23.5,5.0,Tea,Pune,Campus,2021,False,True,31.5,11,Nov,Friday,False,Lunch,False
ORD-01429,2025-10-12,14,S05,C0256,Cutting Chai,1,20.0,0,Card,27.3,5.0,Tea,Pune,Mall,2022,False,True,20.0,10,Oct,Sunday,True,Lunch,False
ORD-00146,2025-04-08,18,S06,C0748,Samosa,1,25.0,0,UPI,21.1,5.0,Snacks,Pune,Campus,2021,False,True,25.0,4,Apr,Tuesday,False,Evening,False
ORD-00563,2025-11-04,9,S01,C0200,Maggi,2,70.0,10,UPI,21.9,5.0,Snacks,Lucknow,Campus,2019,False,True,126.0,11,Nov,Tuesday,False,Morning,False
ORD-01787,2025-05-01,18,S06,C0246,Espresso,1,80.0,5,UPI,18.1,5.0,Coffee,Pune,Campus,2021,False,True,76.0,5,May,Thursday,False,Evening,False
ORD-02090,2025-06-20,17,S01,C0388,Espresso,2,80.0,0,UPI,21.6,5.0,Coffee,Lucknow,Campus,2019,True,True,160.0,6,Jun,Friday,False,Evening,False
ORD-02384,2025-01-04,16,S03,C0046,Masala Chai,3,30.0,0,UPI,21.6,,Tea,Delhi,Campus,2018,True,False,90.0,1,Jan,Saturday,True,Evening,False
ORD-00807,2025-09-11,18,S04,C0319,Samosa,3,25.0,20,UPI,27.1,4.0,Snacks,Delhi,Street,2020,False,True,60.0,9,Sep,Thursday,False,Evening,False
ORD-01953,2025-10-06,13,S08,C0742,Cutting Chai,2,20.0,15,Cash,23.2,5.0,Tea,Indore,Street,2022,False,True,34.0,10,Oct,Monday,False,Lunch,False
ORD-00058,2025-07-27,22,S05,C0257,Cutting Chai,2,20.0,15,UPI,26.3,4.0,Tea,Pune,Mall,2022,False,True,34.0,7,Jul,Sunday,True,Night,False
ORD-02439,2025-06-09,19,S08,C0329,Brownie,1,110.0,0,Unknown,38.0,,Dessert,Indore,Street,2022,False,False,110.0,6,Jun,Monday,False,Evening,True
ORD-00354,2025-07-28,18,S04,C0628,Ginger Tea,2,35.0,10,Card,24.6,,Tea,Delhi,Street,2020,False,False,63.0,7,Jul,Monday,False,Evening,False
ORD-01332,2025-07-01,19,S08,C0176,Brownie,2,110.0,5,UPI,29.7,5.0,Dessert,Indore,Street,2022,False,True,209.0,7,Jul,Tuesday,False,Evening,False
ORD-02933,2025-07-25,10,S01,C0305,Ginger Tea,3,35.0,15,Card,25.7,5.0,Tea,Lucknow,Campus,2019,False,True,89.25,7,Jul,Friday,False,Morning,False
ORD-01827,2025-07-08,18,S07,C0859,Cutting Chai,2,20.0,0,Card,28.8,5.0,Tea,Jaipur,Street,2023,False,True,40.0,7,Jul,Tuesday,False,Evening,False
ORD-01013,2025-06-22,9,S01,C0630,Maggi,2,70.0,20,Card,21.0,4.0,Snacks,Lucknow,Campus,2019,False,True,112.0,6,Jun,Sunday,True,Morning,False
ORD-01500,2025-08-30,19,S01,C0402,Bun Maska,1,40.0,10,UPI,34.3,4.0,Snacks,Lucknow,Campus,2019,False,True,36.0,8,Aug,Saturday,True,Evening,True
ORD-02579,2025-02-14,18,S05,C0273,Veg Sandwich,2,90.0,0,UPI,24.1,5.0,Snacks,Pune,Mall,2022,False,True,180.0,2,Feb,Friday,False,Evening,False
ORD-01195,2025-11-15,8,S07,C0042,Cutting Chai,1,20.0,0,UPI,18.6,4.0,Tea,Jaipur,Street,2023,False,True,20.0,11,Nov,Saturday,True,Morning,False
ORD-00928,2025-11-08,8,S08,C0840,Bun Maska,2,40.0,0,UPI,24.7,4.0,Snacks,Indore,Street,2022,True,True,80.0,11,Nov,Saturday,True,Morning,False
ORD-02076,2025-07-13,13,S04,C0088,Cutting Chai,2,20.0,0,Wallet,34.9,4.0,Tea,Delhi,Street,2020,False,True,40.0,7,Jul,Sunday,True,Lunch,True
ORD-02542,2025-06-09,9,S01,C0205,Mango Shake,2,100.0,20,UPI,22.6,5.0,Cold Drinks,Lucknow,Campus,2019,False,True,160.0,6,Jun,Monday,False,Morning,False
ORD-00924,2025-07-18,9,S04,C0351,Maggi,2,70.0,0,Cash,18.2,5.0,Snacks,Delhi,Street,2020,False,True,140.0,7,Jul,Friday,False,Morning,False
ORD-00269,2025-02-12,20,S01,C0487,Brownie,1,110.0,0,Wallet,19.9,5.0,Dessert,Lucknow,Campus,2019,False,True,110.0,2,Feb,Wednesday,False,Night,False
ORD-02306,2025-04-29,17,S01,C0560,Samosa,3,25.0,5,Cash,13.7,5.0,Snacks,Lucknow,Campus,2019,False,True,71.25,4,Apr,Tuesday,False,Evening,False
ORD-02746,2025-10-13,20,S03,C0284,Masala Chai,4,30.0,15,Card,26.8,4.0,Tea,Delhi,Campus,2018,False,True,102.0,10,Oct,Monday,False,Night,False
ORD-02030,2025-08-05,21,S05,C0420,Masala Chai,3,30.0,10,UPI,25.8,4.0,Tea,Pune,Mall,2022,False,True,81.0,8,Aug,Tuesday,False,Night,False
ORD-00306,2025-06-18,15,S01,C0846,Masala Chai,2,30.0,0,UPI,14.3,,Tea,Lucknow,Campus,2019,False,False,60.0,6,Jun,Wednesday,False,Lunch,False
ORD-02451,2025-08-29,19,S08,C0159,Masala Chai,1,30.0,10,Card,33.2,4.0,Tea,Indore,Street,2022,False,True,27.0,8,Aug,Friday,False,Evening,True
ORD-02829,2025-10-24,12,S02,C0108,Cold Coffee,2,120.0,5,UPI,28.5,4.0,Cold Drinks,Lucknow,Mall,2021,False,True,228.0,10,Oct,Friday,False,Lunch,False
ORD-02885,2025-07-20,13,S04,C0158,Espresso,1,80.0,10,Cash,29.3,5.0,Coffee,Delhi,Street,2020,False,True,72.0,7,Jul,Sunday,True,Lunch,False
ORD-02698,2025-01-12,16,S03,C0546,Maggi,2,70.0,15,Card,22.3,5.0,Snacks,Delhi,Campus,2018,False,True,119.0,1,Jan,Sunday,True,Evening,False
ORD-02739,2025-09-15,13,S07,C0854,Maggi,1,70.0,0,UPI,34.8,4.0,Snacks,Jaipur,Street,2023,False,True,70.0,9,Sep,Monday,False,Lunch,True
ORD-00791,2025-03-21,12,S03,C0290,Cutting Chai,2,20.0,10,UPI,36.9,5.0,Tea,Delhi,Campus,2018,False,True,36.0,3,Mar,Friday,False,Lunch,True
ORD-00369,2025-05-03,19,S05,C0341,Cutting Chai,1,20.0,5,UPI,29.1,5.0,Tea,Pune,Mall,2022,False,True,19.0,5,May,Saturday,True,Evening,False
ORD-00176,2025-01-17,22,S08,C0107,Masala Chai,3,30.0,0,Cash,19.5,5.0,Tea,Indore,Street,2022,False,True,90.0,1,Jan,Friday,False,Night,False
ORD-02972,2025-08-26,12,S03,C0265,Masala Chai,2,30.0,10,UPI,29.2,5.0,Tea,Delhi,Campus,2018,False,True,54.0,8,Aug,Tuesday,False,Lunch,False
ORD-02950,2025-11-16,14,S01,C0864,Cold Coffee,3,120.0,5,Card,17.4,5.0,Cold Drinks,Lucknow,Campus,2019,False,True,342.0,11,Nov,Sunday,True,Lunch,False
ORD-00557,2025-04-17,13,S07,C0836,Cold Coffee,3,120.0,0,UPI,26.4,,Cold Drinks,Jaipur,Street,2023,False,False,360.0,4,Apr,Thursday,False,Lunch,False
ORD-00329,2025-08-19,9,S03,C0117,Cold Coffee,2,120.0,0,UPI,20.7,5.0,Cold Drinks,Delhi,Campus,2018,False,True,240.0,8,Aug,Tuesday,False,Morning,False
ORD-02782,2025-02-08,16,S01,C0485,Cheesecake,3,150.0,10,UPI,18.5,5.0,Dessert,Lucknow,Campus,2019,False,True,405.0,2,Feb,Saturday,True,Evening,False
ORD-01532,2025-02-16,9,S01,C0616,Cutting Chai,1,20.0,0,Cash,11.8,5.0,Tea,Lucknow,Campus,2019,False,True,20.0,2,Feb,Sunday,True,Morning,False
ORD-01882,2025-08-21,20,S01,C0833,Mango Shake,1,100.0,0,Wallet,37.6,4.0,Cold Drinks,Lucknow,Campus,2019,False,True,100.0,8,Aug,Thursday,False,Night,True
ORD-02330,2025-07-01,21,S04,C0197,Ginger Tea,1,35.0,0,Cash,24.7,5.0,Tea,Delhi,Street,2020,True,True,35.0,7,Jul,Tuesday,False,Night,False
ORD-00153,2025-02-21,16,S03,C0791,Cutting Chai,1,20.0,15,Cash,10.0,5.0,Tea,Delhi,Campus,2018,False,True,17.0,2,Feb,Friday,False,Evening,False
ORD-02771,2025-03-01,13,S01,C0438,Veg Sandwich,3,90.0,0,UPI,26.7,4.0,Snacks,Lucknow,Campus,2019,False,True,270.0,3,Mar,Saturday,True,Lunch,False
ORD-01359,2025-09-09,18,S03,C0080,Espresso,2,80.0,5,Card,21.6,5.0,Coffee,Delhi,Campus,2018,True,True,152.0,9,Sep,Tuesday,False,Evening,False
ORD-01143,2025-10-31,13,S06,C0367,Masala Chai,1,30.0,0,Wallet,23.8,5.0,Tea,Pune,Campus,2021,False,True,30.0,10,Oct,Friday,False,Lunch,False
ORD-00895,2025-10-03,16,S01,C0846,Maggi,2,70.0,10,Wallet,11.7,5.0,Snacks,Lucknow,Campus,2019,False,True,126.0,10,Oct,Friday,False,Evening,False
ORD-00149,2025-06-10,13,S08,C0539,Veg Sandwich,1,90.0,0,Card,36.6,3.0,Snacks,Indore,Street,2022,False,True,90.0,6,Jun,Tuesday,False,Lunch,True
ORD-00729,2025-06-15,17,S06,C0661,Samosa,3,25.0,5,Card,20.4,5.0,Snacks,Pune,Campus,2021,False,True,71.25,6,Jun,Sunday,True,Evening,False
ORD-02882,2025-02-04,19,S08,C0055,Cutting Chai,1,20.0,10,UPI,26.2,4.0,Tea,Indore,Street,2022,False,True,18.0,2,Feb,Tuesday,False,Evening,False
ORD-02442,2025-02-28,12,S03,C0232,Bun Maska,1,40.0,10,Unknown,24.7,5.0,Snacks,Delhi,Campus,2018,False,True,36.0,2,Feb,Friday,False,Lunch,False
ORD-02168,2025-06-05,20,S08,C0491,Bun Maska,1,40.0,10,Card,28.8,5.0,Snacks,Indore,Street,2022,False,True,36.0,6,Jun,Thursday,False,Night,False
ORD-02831,2025-03-23,10,S01,C0646,Samosa,2,25.0,5,UPI,23.3,,Snacks,Lucknow,Campus,2019,False,False,47.5,3,Mar,Sunday,True,Morning,False
ORD-01466,2025-09-03,20,S01,GUEST,Cutting Chai,2,20.0,0,Cash,20.9,5.0,Tea,Lucknow,Campus,2019,False,True,40.0,9,Sep,Wednesday,False,Night,False
ORD-02448,2025-05-28,12,S06,C0835,Cold Coffee,1,120.0,10,UPI,25.1,5.0,Cold Drinks,Pune,Campus,2021,False,True,108.0,5,May,Wednesday,False,Lunch,False
ORD-01861,2025-08-01,13,S05,C0003,Cold Coffee,3,120.0,5,Wallet,41.6,,Cold Drinks,Pune,Mall,2022,False,False,342.0,8,Aug,Friday,False,Lunch,True
ORD-01854,2025-10-04,18,S04,C0779,Masala Chai,2,30.0,0,UPI,23.4,5.0,Tea,Delhi,Street,2020,False,True,60.0,10,Oct,Saturday,True,Evening,False
ORD-01723,2025-09-17,8,S01,C0142,Cutting Chai,1,20.0,10,UPI,26.9,4.0,Tea,Lucknow,Campus,2019,False,True,18.0,9,Sep,Wednesday,False,Morning,False
ORD-02175,2025-05-09,17,S01,C0665,Ginger Tea,1,35.0,0,Card,21.6,5.0,Tea,Lucknow,Campus,2019,True,True,35.0,5,May,Friday,False,Evening,False
ORD-02046,2025-01-16,19,S02,C0216,Cheesecake,4,150.0,0,Cash,28.5,,Dessert,Lucknow,Mall,2021,False,False,600.0,1,Jan,Thursday,False,Evening,False
ORD-01993,2025-05-04,17,S01,C0501,Samosa,2,25.0,5,Cash,23.5,5.0,Snacks,Lucknow,Campus,2019,False,True,47.5,5,May,Sunday,True,Evening,False
ORD-00951,2025-07-13,8,S05,C0785,Filter Coffee,2,60.0,0,UPI,30.6,4.0,Coffee,Pune,Mall,2022,False,True,120.0,7,Jul,Sunday,True,Morning,True
ORD-00921,2025-02-05,12,S06,C0758,Cutting Chai,1,20.0,5,UPI,31.2,4.0,Tea,Pune,Campus,2021,False,True,19.0,2,Feb,Wednesday,False,Lunch,True
ORD-02111,2025-07-09,13,S03,C0481,Cutting Chai,4,20.0,20,UPI,26.7,,Tea,Delhi,Campus,2018,False,False,64.0,7,Jul,Wednesday,False,Lunch,False
ORD-02948,2025-10-19,14,S06,C0005,Samosa,2,25.0,5,Card,16.6,5.0,Snacks,Pune,Campus,2021,False,True,47.5,10,Oct,Sunday,True,Lunch,False
ORD-00878,2025-04-27,20,S03,C0714,Brownie,4,110.0,0,UPI,25.3,,Dessert,Delhi,Campus,2018,False,False,440.0,4,Apr,Sunday,True,Night,False
ORD-00014,2025-10-28,13,S05,C0448,Samosa,2,25.0,0,UPI,28.05,4.0,Snacks,Pune,Mall,2022,True,True,50.0,10,Oct,Tuesday,False,Lunch,False
ORD-01383,2025-07-14,8,S08,C0586,Cutting Chai,3,20.0,0,UPI,28.4,4.0,Tea,Indore,Street,2022,False,True,60.0,7,Jul,Monday,False,Morning,False
ORD-00043,2025-09-13,13,S06,C0017,Bun Maska,2,40.0,20,Cash,21.6,,Snacks,Pune,Campus,2021,True,False,64.0,9,Sep,Saturday,True,Lunch,False
ORD-01410,2025-09-16,12,S02,C0861,Cutting Chai,1,20.0,0,UPI,35.6,4.0,Tea,Lucknow,Mall,2021,False,True,20.0,9,Sep,Tuesday,False,Lunch,True
ORD-00583,2025-02-08,12,S06,C0077,Ginger Tea,2,35.0,10,Wallet,24.6,5.0,Tea,Pune,Campus,2021,False,True,63.0,2,Feb,Saturday,True,Lunch,False
ORD-01421,2025-09-14,11,S01,C0702,Ginger Tea,4,35.0,0,Card,28.0,5.0,Tea,Lucknow,Campus,2019,False,True,140.0,9,Sep,Sunday,True,Morning,False
ORD-00529,2025-10-09,19,S04,C0758,Veg Sandwich,2,90.0,10,Cash,19.6,5.0,Snacks,Delhi,Street,2020,False,True,162.0,10,Oct,Thursday,False,Evening,False
ORD-02370,2025-07-10,19,S01,C0640,Ginger Tea,2,35.0,15,UPI,19.2,4.0,Tea,Lucknow,Campus,2019,False,True,59.5,7,Jul,Thursday,False,Evening,False
ORD-02423,2025-10-07,18,S06,C0771,Bun Maska,1,40.0,5,Card,12.9,,Snacks,Pune,Campus,2021,False,False,38.0,10,Oct,Tuesday,False,Evening,False
ORD-00145,2025-06-22,9,S05,GUEST,Veg Sandwich,1,90.0,0,Cash,22.2,5.0,Snacks,Pune,Mall,2022,False,True,90.0,6,Jun,Sunday,True,Morning,False
ORD-01405,2025-03-10,12,S04,C0586,Espresso,1,80.0,0,UPI,30.1,5.0,Coffee,Delhi,Street,2020,False,True,80.0,3,Mar,Monday,False,Lunch,True
ORD-00412,2025-08-26,13,S06,C0110,Masala Chai,2,30.0,10,Cash,29.6,,Tea,Pune,Campus,2021,False,False,54.0,8,Aug,Tuesday,False,Lunch,False
ORD-01420,2025-12-21,18,S01,C0429,Filter Coffee,1,60.0,5,UPI,19.6,5.0,Coffee,Lucknow,Campus,2019,False,True,57.0,12,Dec,Sunday,True,Evening,False
ORD-01489,2025-11-23,22,S02,C0228,Cutting Chai,2,20.0,5,Card,27.3,5.0,Tea,Lucknow,Mall,2021,False,True,38.0,11,Nov,Sunday,True,Night,False
ORD-02768,2025-09-04,19,S08,C0309,Samosa,2,25.0,5,UPI,32.9,3.0,Snacks,Indore,Street,2022,False,True,47.5,9,Sep,Thursday,False,Evening,True
ORD-02445,2025-06-25,13,S07,C0414,Brownie,3,110.0,10,UPI,34.8,3.0,Dessert,Jaipur,Street,2023,False,True,297.0,6,Jun,Wednesday,False,Lunch,True
ORD-02877,2025-04-11,19,S07,C0147,Mango Shake,3,100.0,20,Cash,23.9,4.0,Cold Drinks,Jaipur,Street,2023,False,True,240.0,4,Apr,Friday,False,Evening,False
ORD-01039,2025-06-10,16,S08,C0661,Cold Coffee,2,120.0,0,UPI,24.7,5.0,Cold Drinks,Indore,Street,2022,True,True,240.0,6,Jun,Tuesday,False,Evening,False
ORD-01836,2025-02-04,9,S03,C0597,Bun Maska,1,40.0,10,UPI,18.1,4.0,Snacks,Delhi,Campus,2018,False,True,36.0,2,Feb,Tuesday,False,Morning,False
ORD-02285,2025-03-16,20,S01,C0454,Cutting Chai,3,20.0,5,UPI,25.3,5.0,Tea,Lucknow,Campus,2019,False,True,57.0,3,Mar,Sunday,True,Night,False
ORD-00987,2025-05-05,19,S05,C0191,Filter Coffee,1,60.0,15,UPI,30.1,5.0,Coffee,Pune,Mall,2022,False,True,51.0,5,May,Monday,False,Evening,True
ORD-02157,2025-02-05,20,S07,C0660,Cutting Chai,2,20.0,10,UPI,27.5,4.0,Tea,Jaipur,Street,2023,False,True,36.0,2,Feb,Wednesday,False,Night,False
ORD-02855,2025-10-04,12,S04,C0691,Masala Chai,2,30.0,15,UPI,34.9,4.0,Tea,Delhi,Street,2020,False,True,51.0,10,Oct,Saturday,True,Lunch,True
ORD-00718,2025-02-07,9,S07,C0036,Bun Maska,3,40.0,10,UPI,32.6,4.0,Snacks,Jaipur,Street,2023,False,True,108.0,2,Feb,Friday,False,Morning,True
ORD-00884,2025-06-21,13,S07,C0567,Cold Coffee,2,120.0,15,Cash,33.4,5.0,Cold Drinks,Jaipur,Street,2023,False,True,204.0,6,Jun,Saturday,True,Lunch,True
ORD-00657,2025-11-08,14,S05,C0002,Masala Chai,1,30.0,0,UPI,27.8,5.0,Tea,Pune,Mall,2022,False,True,30.0,11,Nov,Saturday,True,Lunch,False
ORD-01805,2025-09-04,17,S02,C0581,Veg Sandwich,1,90.0,5,UPI,29.5,5.0,Snacks,Lucknow,Mall,2021,False,True,85.5,9,Sep,Thursday,False,Evening,False
ORD-02581,2025-01-10,16,S05,C0572,Mango Shake,1,100.0,10,UPI,18.1,4.0,Cold Drinks,Pune,Mall,2022,False,True,90.0,1,Jan,Friday,False,Evening,False
ORD-02270,2025-11-14,11,S03,C0553,Ginger Tea,2,35.0,5,Wallet,18.3,5.0,Tea,Delhi,Campus,2018,False,True,66.5,11,Nov,Friday,False,Morning,False
ORD-00171,2025-04-17,11,S08,C0331,Cheesecake,1,150.0,5,UPI,21.9,5.0,Dessert,Indore,Street,2022,False,True,142.5,4,Apr,Thursday,False,Morning,False
ORD-02564,2025-07-08,11,S02,C0636,Cutting Chai,2,20.0,10,UPI,27.6,5.0,Tea,Lucknow,Mall,2021,False,True,36.0,7,Jul,Tuesday,False,Morning,False
ORD-02165,2025-11-17,19,S03,C0050,Cold Coffee,2,120.0,0,UPI,23.6,5.0,Cold Drinks,Delhi,Campus,2018,False,True,240.0,11,Nov,Monday,False,Evening,False
ORD-00866,2025-11-26,14,S03,C0230,Cutting Chai,1,20.0,15,UPI,14.6,5.0,Tea,Delhi,Campus,2018,False,True,17.0,11,Nov,Wednesday,False,Lunch,False
ORD-00648,2025-07-07,16,S01,C0465,Filter Coffee,2,60.0,0,UPI,20.0,5.0,Coffee,Lucknow,Campus,2019,False,True,120.0,7,Jul,Monday,False,Evening,False
ORD-00548,2025-01-30,18,S05,C0812,Cheesecake,1,150.0,0,Card,26.9,5.0,Dessert,Pune,Mall,2022,False,True,150.0,1,Jan,Thursday,False,Evening,False
ORD-00778,2025-03-01,18,S04,C0796,Masala Chai,4,30.0,0,UPI,10.0,5.0,Tea,Delhi,Street,2020,False,True,120.0,3,Mar,Saturday,True,Evening,False
ORD-01658,2025-11-06,19,S06,C0588,Masala Chai,1,30.0,5,UPI,30.7,4.0,Tea,Pune,Campus,2021,False,True,28.5,11,Nov,Thursday,False,Evening,True
ORD-00856,2025-06-21,9,S03,C0884,Filter Coffee,3,60.0,10,Cash,21.6,5.0,Coffee,Delhi,Campus,2018,False,True,162.0,6,Jun,Saturday,True,Morning,False
ORD-02348,2025-11-01,9,S01,C0709,Samosa,4,25.0,15,Wallet,18.1,5.0,Snacks,Lucknow,Campus,2019,False,True,85.0,11,Nov,Saturday,True,Morning,False
ORD-01750,2025-06-14,11,S07,C0450,Cutting Chai,2,20.0,5,UPI,24.2,5.0,Tea,Jaipur,Street,2023,False,True,38.0,6,Jun,Saturday,True,Morning,False
ORD-00757,2025-05-01,19,S07,C0885,Filter Coffee,1,60.0,0,Cash,19.0,5.0,Coffee,Jaipur,Street,2023,False,True,60.0,5,May,Thursday,False,Evening,False
ORD-02735,2025-04-10,19,S06,C0184,Cutting Chai,3,20.0,10,UPI,21.4,5.0,Tea,Pune,Campus,2021,False,True,54.0,4,Apr,Thursday,False,Evening,False
ORD-02808,2025-09-24,16,S07,C0522,Veg Sandwich,3,90.0,0,UPI,31.6,5.0,Snacks,Jaipur,Street,2023,False,True,270.0,9,Sep,Wednesday,False,Evening,True
ORD-02594,2025-02-15,18,S04,C0756,Masala Chai,4,30.0,15,UPI,23.4,5.0,Tea,Delhi,Street,2020,False,True,102.0,2,Feb,Saturday,True,Evening,False
ORD-02818,2025-08-06,12,S07,C0510,Cutting Chai,4,20.0,20,UPI,31.7,4.0,Tea,Jaipur,Street,2023,False,True,64.0,8,Aug,Wednesday,False,Lunch,True
ORD-02426,2025-09-22,18,S05,C0743,Samosa,3,25.0,5,UPI,26.9,5.0,Snacks,Pune,Mall,2022,False,True,71.25,9,Sep,Monday,False,Evening,False
ORD-01254,2025-08-15,13,S05,C0441,Cold Coffee,1,120.0,0,Cash,28.2,5.0,Cold Drinks,Pune,Mall,2022,False,True,120.0,8,Aug,Friday,False,Lunch,False
ORD-00498,2025-08-17,10,S04,C0589,Bun Maska,1,40.0,0,UPI,27.5,4.0,Snacks,Delhi,Street,2020,False,True,40.0,8,Aug,Sunday,True,Morning,False
ORD-00800,2025-09-16,14,S01,C0227,Cutting Chai,3,20.0,10,UPI,20.2,5.0,Tea,Lucknow,Campus,2019,False,True,54.0,9,Sep,Tuesday,False,Lunch,False
ORD-01741,2025-03-31,21,S04,C0659,Cutting Chai,2,20.0,5,UPI,23.4,5.0,Tea,Delhi,Street,2020,False,True,38.0,3,Mar,Monday,False,Night,False
ORD-02870,2025-01-14,12,S05,C0144,Masala Chai,2,30.0,0,Card,35.8,4.0,Tea,Pune,Mall,2022,False,True,60.0,1,Jan,Tuesday,False,Lunch,True
ORD-02195,2025-08-07,18,S08,C0756,Maggi,2,70.0,15,UPI,28.3,5.0,Snacks,Indore,Street,2022,False,True,119.0,8,Aug,Thursday,False,Evening,False
ORD-00705,2025-04-14,13,S04,C0132,Masala Chai,2,30.0,0,UPI,25.5,5.0,Tea,Delhi,Street,2020,False,True,60.0,4,Apr,Monday,False,Lunch,False
ORD-00658,2025-04-20,9,S08,C0565,Cold Coffee,2,120.0,10,UPI,18.8,5.0,Cold Drinks,Indore,Street,2022,False,True,216.0,4,Apr,Sunday,True,Morning,False
ORD-01010,2025-06-18,13,S04,C0260,Mango Shake,2,100.0,0,Cash,23.5,,Cold Drinks,Delhi,Street,2020,False,False,200.0,6,Jun,Wednesday,False,Lunch,False
ORD-01225,2025-03-04,18,S06,C0622,Cutting Chai,1,20.0,5,UPI,12.3,,Tea,Pune,Campus,2021,False,False,19.0,3,Mar,Tuesday,False,Evening,False
ORD-01180,2025-03-17,18,S03,C0136,Maggi,1,70.0,20,Card,17.3,4.0,Snacks,Delhi,Campus,2018,False,True,56.0,3,Mar,Monday,False,Evening,False
ORD-02925,2025-01-23,12,S04,C0339,Filter Coffee,4,60.0,0,UPI,30.8,,Coffee,Delhi,Street,2020,False,False,240.0,1,Jan,Thursday,False,Lunch,True
ORD-02292,2025-09-16,13,S08,C0408,Espresso,1,80.0,5,Card,40.9,4.0,Coffee,Indore,Street,2022,False,True,76.0,9,Sep,Tuesday,False,Lunch,True
ORD-02007,2025-06-28,19,S04,C0494,Bun Maska,2,40.0,15,Cash,17.4,5.0,Snacks,Delhi,Street,2020,False,True,68.0,6,Jun,Saturday,True,Evening,False
ORD-01531,2025-04-23,18,S01,C0835,Bun Maska,2,40.0,10,Cash,21.9,5.0,Snacks,Lucknow,Campus,2019,False,True,72.0,4,Apr,Wednesday,False,Evening,False
ORD-00601,2025-06-24,16,S01,C0677,Espresso,1,80.0,10,UPI,20.3,4.0,Coffee,Lucknow,Campus,2019,False,True,72.0,6,Jun,Tuesday,False,Evening,False
ORD-02036,2025-10-13,20,S07,C0884,Cutting Chai,2,20.0,10,UPI,30.4,,Tea,Jaipur,Street,2023,False,False,36.0,10,Oct,Monday,False,Night,True
ORD-01577,2025-10-17,19,S08,C0212,Veg Sandwich,1,90.0,5,UPI,26.6,,Snacks,Indore,Street,2022,False,False,85.5,10,Oct,Friday,False,Evening,False
ORD-02992,2025-10-27,12,S02,C0868,Samosa,1,25.0,0,Card,37.8,4.0,Snacks,Lucknow,Mall,2021,False,True,25.0,10,Oct,Monday,False,Lunch,True
ORD-02705,2025-09-16,10,S04,C0846,Cold Coffee,3,120.0,0,UPI,22.4,4.0,Cold Drinks,Delhi,Street,2020,False,True,360.0,9,Sep,Tuesday,False,Morning,False
ORD-01512,2025-03-14,19,S04,C0640,Cold Coffee,1,120.0,0,Wallet,29.8,4.0,Cold Drinks,Delhi,Street,2020,False,True,120.0,3,Mar,Friday,False,Evening,False
ORD-02230,2025-08-27,19,S06,C0810,Cutting Chai,2,20.0,0,UPI,27.8,5.0,Tea,Pune,Campus,2021,False,True,40.0,8,Aug,Wednesday,False,Evening,False
ORD-00732,2025-01-19,13,S04,C0101,Maggi,2,70.0,0,Cash,27.7,5.0,Snacks,Delhi,Street,2020,False,True,140.0,1,Jan,Sunday,True,Lunch,False
ORD-00289,2025-07-11,14,S03,C0795,Masala Chai,1,30.0,20,UPI,23.8,5.0,Tea,Delhi,Campus,2018,False,True,24.0,7,Jul,Friday,False,Lunch,False
ORD-01825,2025-09-27,13,S08,C0523,Filter Coffee,1,60.0,0,UPI,36.4,4.0,Coffee,Indore,Street,2022,False,True,60.0,9,Sep,Saturday,True,Lunch,True
ORD-00654,2025-03-29,18,S04,C0532,Cutting Chai,1,20.0,10,Cash,24.7,5.0,Tea,Delhi,Street,2020,True,True,18.0,3,Mar,Saturday,True,Evening,False
ORD-00637,2025-09-04,17,S01,GUEST,Veg Sandwich,2,90.0,0,UPI,22.9,5.0,Snacks,Lucknow,Campus,2019,False,True,180.0,9,Sep,Thursday,False,Evening,False
ORD-00110,2025-11-26,13,S05,C0481,Maggi,3,70.0,0,UPI,32.2,3.0,Snacks,Pune,Mall,2022,False,True,210.0,11,Nov,Wednesday,False,Lunch,True
ORD-02974,2025-12-06,13,S01,C0754,Cheesecake,2,150.0,15,Card,21.6,4.0,Dessert,Lucknow,Campus,2019,True,True,255.0,12,Dec,Saturday,True,Lunch,False
ORD-00766,2025-01-04,16,S05,C0339,Bun Maska,1,40.0,0,UPI,21.9,5.0,Snacks,Pune,Mall,2022,False,True,40.0,1,Jan,Saturday,True,Evening,False
ORD-01265,2025-07-30,13,S05,C0632,Samosa,4,25.0,0,Card,32.1,4.0,Snacks,Pune,Mall,2022,False,True,100.0,7,Jul,Wednesday,False,Lunch,True
ORD-01206,2025-01-19,17,S03,C0364,Samosa,2,25.0,5,Cash,14.4,5.0,Snacks,Delhi,Campus,2018,False,True,47.5,1,Jan,Sunday,True,Evening,False
ORD-02685,2025-04-14,19,S02,C0348,Cold Coffee,2,120.0,0,Card,27.6,5.0,Cold Drinks,Lucknow,Mall,2021,False,True,240.0,4,Apr,Monday,False,Evening,False
ORD-02408,2025-04-19,13,S06,C0120,Ginger Tea,1,35.0,10,UPI,23.8,5.0,Tea,Pune,Campus,2021,False,True,31.5,4,Apr,Saturday,True,Lunch,False
ORD-02749,2025-07-01,13,S06,C0156,Brownie,3,110.0,20,UPI,33.9,3.0,Dessert,Pune,Campus,2021,False,True,264.0,7,Jul,Tuesday,False,Lunch,True
ORD-01849,2025-05-31,19,S02,C0249,Cutting Chai,3,20.0,15,Cash,39.8,4.0,Tea,Lucknow,Mall,2021,False,True,51.0,5,May,Saturday,True,Evening,True
ORD-01034,2025-11-28,10,S01,C0017,Filter Coffee,1,60.0,0,UPI,17.2,4.0,Coffee,Lucknow,Campus,2019,False,True,60.0,11,Nov,Friday,False,Morning,False
ORD-00376,2025-02-23,12,S02,C0459,Ginger Tea,1,35.0,0,Card,32.6,3.0,Tea,Lucknow,Mall,2021,False,True,35.0,2,Feb,Sunday,True,Lunch,True
ORD-02441,2025-12-31,13,S06,C0012,Masala Chai,1,30.0,0,UPI,25.1,5.0,Tea,Pune,Campus,2021,False,True,30.0,12,Dec,Wednesday,False,Lunch,False
ORD-02939,2025-03-31,13,S04,C0171,Samosa,1,25.0,10,Card,26.1,5.0,Snacks,Delhi,Street,2020,False,True,22.5,3,Mar,Monday,False,Lunch,False
ORD-01026,2025-04-21,10,S04,C0842,Brownie,4,110.0,0,UPI,24.5,5.0,Dessert,Delhi,Street,2020,False,True,440.0,4,Apr,Monday,False,Morning,False
ORD-02193,2025-09-21,18,S01,C0753,Masala Chai,1,30.0,10,UPI,25.9,4.0,Tea,Lucknow,Campus,2019,False,True,27.0,9,Sep,Sunday,True,Evening,False
ORD-00129,2025-02-08,13,S04,C0768,Mango Shake,1,100.0,0,UPI,24.7,3.0,Cold Drinks,Delhi,Street,2020,True,True,100.0,2,Feb,Saturday,True,Lunch,False
ORD-01526,2025-03-06,14,S02,C0288,Cold Coffee,2,120.0,0,Card,27.0,4.0,Cold Drinks,Lucknow,Mall,2021,False,True,240.0,3,Mar,Thursday,False,Lunch,False
ORD-01017,2025-09-05,18,S03,C0694,Cutting Chai,1,20.0,10,UPI,20.2,5.0,Tea,Delhi,Campus,2018,False,True,18.0,9,Sep,Friday,False,Evening,False
ORD-00409,2025-02-08,18,S05,C0453,Filter Coffee,1,60.0,10,UPI,24.3,5.0,Coffee,Pune,Mall,2022,False,True,54.0,2,Feb,Saturday,True,Evening,False
ORD-02568,2025-02-06,18,S04,C0667,Masala Chai,1,30.0,0,UPI,24.5,4.0,Tea,Delhi,Street,2020,False,True,30.0,2,Feb,Thursday,False,Evening,False
ORD-02518,2025-03-24,14,S02,C0132,Cutting Chai,1,20.0,0,UPI,25.4,,Tea,Lucknow,Mall,2021,False,False,20.0,3,Mar,Monday,False,Lunch,False
ORD-02483,2025-02-08,10,S07,C0064,Cutting Chai,1,20.0,15,Wallet,20.3,4.0,Tea,Jaipur,Street,2023,False,True,17.0,2,Feb,Saturday,True,Morning,False
ORD-00627,2025-10-17,12,S05,C0441,Maggi,1,70.0,5,UPI,29.3,,Snacks,Pune,Mall,2022,False,False,66.5,10,Oct,Friday,False,Lunch,False
ORD-02630,2025-03-30,18,S07,C0567,Ginger Tea,2,35.0,5,UPI,24.7,4.0,Tea,Jaipur,Street,2023,False,True,66.5,3,Mar,Sunday,True,Evening,False
ORD-01321,2025-07-01,19,S01,C0525,Veg Sandwich,3,90.0,0,Cash,34.4,5.0,Snacks,Lucknow,Campus,2019,False,True,270.0,7,Jul,Tuesday,False,Evening,True
ORD-00355,2025-06-20,18,S03,C0456,Cold Coffee,1,120.0,0,UPI,13.8,,Cold Drinks,Delhi,Campus,2018,False,False,120.0,6,Jun,Friday,False,Evening,False
ORD-00537,2025-07-11,20,S01,C0179,Cutting Chai,2,20.0,0,UPI,28.6,5.0,Tea,Lucknow,Campus,2019,False,True,40.0,7,Jul,Friday,False,Night,False
ORD-00700,2025-04-20,12,S05,C0437,Cold Coffee,1,120.0,5,UPI,32.1,5.0,Cold Drinks,Pune,Mall,2022,False,True,114.0,4,Apr,Sunday,True,Lunch,True
ORD-01863,2025-12-28,13,S01,C0678,Cutting Chai,1,20.0,5,Cash,35.6,,Tea,Lucknow,Campus,2019,False,False,19.0,12,Dec,Sunday,True,Lunch,True
ORD-02715,2025-11-10,19,S01,C0768,Masala Chai,2,30.0,10,UPI,21.3,5.0,Tea,Lucknow,Campus,2019,False,True,54.0,11,Nov,Monday,False,Evening,False
ORD-01191,2025-06-14,21,S04,C0682,Masala Chai,1,30.0,0,Card,22.0,5.0,Tea,Delhi,Street,2020,False,True,30.0,6,Jun,Saturday,True,Night,False
ORD-01795,2025-11-29,10,S05,C0900,Cutting Chai,2,20.0,0,UPI,22.0,5.0,Tea,Pune,Mall,2022,False,True,40.0,11,Nov,Saturday,True,Morning,False
ORD-01294,2025-04-27,13,S01,C0182,Mango Shake,2,100.0,0,UPI,22.9,5.0,Cold Drinks,Lucknow,Campus,2019,False,True,200.0,4,Apr,Sunday,True,Lunch,False
ORD-02731,2025-01-02,20,S02,C0210,Cutting Chai,1,20.0,10,UPI,32.4,,Tea,Lucknow,Mall,2021,False,False,18.0,1,Jan,Thursday,False,Night,True
ORD-00691,2025-04-14,14,S04,C0015,Masala Chai,1,30.0,0,UPI,24.7,5.0,Tea,Delhi,Street,2020,True,True,30.0,4,Apr,Monday,False,Lunch,False
ORD-02367,2025-04-06,11,S01,C0735,Cold Coffee,1,120.0,15,Wallet,21.6,5.0,Cold Drinks,Lucknow,Campus,2019,True,True,102.0,4,Apr,Sunday,True,Morning,False
ORD-00406,2025-11-17,17,S06,C0824,Bun Maska,3,40.0,10,UPI,18.1,5.0,Snacks,Pune,Campus,2021,False,True,108.0,11,Nov,Monday,False,Evening,False
ORD-00175,2025-03-02,20,S04,C0836,Samosa,2,25.0,20,UPI,27.0,4.0,Snacks,Delhi,Street,2020,False,True,40.0,3,Mar,Sunday,True,Night,False
ORD-00520,2025-10-29,10,S03,C0615,Bun Maska,2,40.0,0,Cash,19.2,5.0,Snacks,Delhi,Campus,2018,False,True,80.0,10,Oct,Wednesday,False,Morning,False
ORD-00302,2025-02-19,13,S04,C0029,Cutting Chai,1,20.0,5,UPI,35.0,5.0,Tea,Delhi,Street,2020,False,True,19.0,2,Feb,Wednesday,False,Lunch,True
ORD-01536,2025-06-25,13,S08,C0380,Cutting Chai,1,20.0,5,UPI,28.1,5.0,Tea,Indore,Street,2022,False,True,19.0,6,Jun,Wednesday,False,Lunch,False
ORD-00935,2025-10-10,20,S05,C0269,Cold Coffee,3,120.0,20,UPI,32.3,4.0,Cold Drinks,Pune,Mall,2022,False,True,288.0,10,Oct,Friday,False,Night,True
ORD-00057,2025-06-17,18,S01,C0026,Mango Shake,3,100.0,0,Cash,25.2,5.0,Cold Drinks,Lucknow,Campus,2019,False,True,300.0,6,Jun,Tuesday,False,Evening,False
ORD-02320,2025-12-02,12,S04,C0266,Cutting Chai,4,20.0,5,UPI,28.6,5.0,Tea,Delhi,Street,2020,False,True,76.0,12,Dec,Tuesday,False,Lunch,False
ORD-00901,2025-06-21,12,S03,C0487,Cutting Chai,1,20.0,0,Unknown,25.4,4.0,Tea,Delhi,Campus,2018,False,True,20.0,6,Jun,Saturday,True,Lunch,False
ORD-02952,2025-10-11,14,S04,C0144,Espresso,2,80.0,10,UPI,23.5,5.0,Coffee,Delhi,Street,2020,False,True,144.0,10,Oct,Saturday,True,Lunch,False
ORD-00815,2025-02-16,21,S04,C0420,Ginger Tea,1,35.0,0,UPI,20.5,5.0,Tea,Delhi,Street,2020,False,True,35.0,2,Feb,Sunday,True,Night,False
ORD-01879,2025-07-19,13,S08,C0199,Filter Coffee,1,60.0,10,Wallet,35.2,4.0,Coffee,Indore,Street,2022,False,True,54.0,7,Jul,Saturday,True,Lunch,True
ORD-02267,2025-10-02,17,S08,C0729,Ginger Tea,1,35.0,15,UPI,22.9,,Tea,Indore,Street,2022,False,False,29.75,10,Oct,Thursday,False,Evening,False
ORD-02827,2025-06-19,15,S06,C0238,Samosa,3,25.0,15,Card,21.0,4.0,Snacks,Pune,Campus,2021,False,True,63.75,6,Jun,Thursday,False,Lunch,False
ORD-01224,2025-08-24,18,S01,C0064,Cutting Chai,3,20.0,0,UPI,15.1,5.0,Tea,Lucknow,Campus,2019,False,True,60.0,8,Aug,Sunday,True,Evening,False
ORD-00487,2025-06-22,18,S02,C0600,Samosa,1,25.0,0,Card,21.1,5.0,Snacks,Lucknow,Mall,2021,False,True,25.0,6,Jun,Sunday,True,Evening,False
ORD-00587,2025-03-07,13,S01,C0335,Filter Coffee,1,60.0,0,UPI,29.3,4.0,Coffee,Lucknow,Campus,2019,False,True,60.0,3,Mar,Friday,False,Lunch,False
ORD-01790,2025-01-29,11,S02,C0534,Mango Shake,1,100.0,10,Card,24.8,,Cold Drinks,Lucknow,Mall,2021,False,False,90.0,1,Jan,Wednesday,False,Morning,False
ORD-02243,2025-05-15,16,S08,C0464,Espresso,1,80.0,15,Card,28.6,4.0,Coffee,Indore,Street,2022,False,True,68.0,5,May,Thursday,False,Evening,False
ORD-00502,2025-11-20,18,S03,C0438,Espresso,4,80.0,0,UPI,17.6,5.0,Coffee,Delhi,Campus,2018,False,True,320.0,11,Nov,Thursday,False,Evening,False
ORD-00775,2025-01-02,19,S04,C0438,Bun Maska,1,40.0,5,UPI,23.8,5.0,Snacks,Delhi,Street,2020,False,True,38.0,1,Jan,Thursday,False,Evening,False
ORD-02198,2025-07-06,11,S02,C0820,Ginger Tea,1,35.0,0,UPI,26.3,5.0,Tea,Lucknow,Mall,2021,False,True,35.0,7,Jul,Sunday,True,Morning,False
ORD-02889,2025-02-09,19,S06,C0787,Bun Maska,2,40.0,15,Card,28.7,5.0,Snacks,Pune,Campus,2021,False,True,68.0,2,Feb,Sunday,True,Evening,False
ORD-00050,2025-02-21,14,S04,C0432,Cutting Chai,4,20.0,10,UPI,21.0,4.0,Tea,Delhi,Street,2020,False,True,72.0,2,Feb,Friday,False,Lunch,False
ORD-02466,2025-09-26,18,S04,C0197,Veg Sandwich,2,90.0,10,Cash,27.6,5.0,Snacks,Delhi,Street,2020,False,True,162.0,9,Sep,Friday,False,Evening,False
ORD-02118,2025-01-15,13,S03,C0891,Samosa,1,25.0,0,UPI,21.8,5.0,Snacks,Delhi,Campus,2018,False,True,25.0,1,Jan,Wednesday,False,Lunch,False
ORD-01089,2025-06-25,11,S02,C0112,Masala Chai,1,30.0,15,UPI,26.1,5.0,Tea,Lucknow,Mall,2021,False,True,25.5,6,Jun,Wednesday,False,Morning,False
ORD-01926,2025-01-18,11,S02,C0801,Cutting Chai,4,20.0,5,UPI,22.3,4.0,Tea,Lucknow,Mall,2021,False,True,76.0,1,Jan,Saturday,True,Morning,False
ORD-02160,2025-01-16,12,S03,C0829,Cutting Chai,3,20.0,20,UPI,29.8,3.0,Tea,Delhi,Campus,2018,False,True,48.0,1,Jan,Thursday,False,Lunch,False
ORD-00168,2025-10-23,10,S04,C0336,Cutting Chai,3,20.0,20,Cash,25.1,5.0,Tea,Delhi,Street,2020,False,True,48.0,10,Oct,Thursday,False,Morning,False
ORD-01713,2025-12-24,16,S04,C0726,Espresso,2,80.0,20,UPI,22.6,5.0,Coffee,Delhi,Street,2020,False,True,128.0,12,Dec,Wednesday,False,Evening,False
ORD-00877,2025-05-25,19,S01,C0838,Masala Chai,3,30.0,10,Card,21.6,5.0,Tea,Lucknow,Campus,2019,False,True,81.0,5,May,Sunday,True,Evening,False
ORD-02200,2025-08-30,9,S02,C0697,Cold Coffee,3,120.0,5,UPI,25.7,4.0,Cold Drinks,Lucknow,Mall,2021,False,True,342.0,8,Aug,Saturday,True,Morning,False
ORD-00662,2025-11-20,19,S08,C0216,Maggi,2,70.0,0,Wallet,32.3,5.0,Snacks,Indore,Street,2022,False,True,140.0,11,Nov,Thursday,False,Evening,True
ORD-00564,2025-08-21,17,S08,C0866,Cutting Chai,1,20.0,20,UPI,24.3,5.0,Tea,Indore,Street,2022,False,True,16.0,8,Aug,Thursday,False,Evening,False
ORD-01940,2025-01-16,20,S05,C0353,Masala Chai,2,30.0,15,UPI,33.8,,Tea,Pune,Mall,2022,False,False,51.0,1,Jan,Thursday,False,Night,True
ORD-01856,2025-12-31,12,S07,C0740,Maggi,1,70.0,5,UPI,24.8,5.0,Snacks,Jaipur,Street,2023,False,True,66.5,12,Dec,Wednesday,False,Lunch,False
ORD-02061,2025-12-12,14,S05,C0423,Masala Chai,4,30.0,0,UPI,28.9,5.0,Tea,Pune,Mall,2022,False,True,120.0,12,Dec,Friday,False,Lunch,False
ORD-01694,2025-09-27,12,S02,C0703,Veg Sandwich,1,90.0,0,UPI,38.7,3.0,Snacks,Lucknow,Mall,2021,False,True,90.0,9,Sep,Saturday,True,Lunch,True
ORD-00170,2025-12-14,13,S06,C0608,Espresso,2,80.0,10,UPI,26.3,4.0,Coffee,Pune,Campus,2021,False,True,144.0,12,Dec,Sunday,True,Lunch,False
ORD-01293,2025-07-22,19,S07,C0413,Masala Chai,1,30.0,10,UPI,34.0,4.0,Tea,Jaipur,Street,2023,False,True,27.0,7,Jul,Tuesday,False,Evening,True
ORD-00991,2025-08-16,13,S01,C0192,Cheesecake,1,150.0,5,UPI,27.2,4.0,Dessert,Lucknow,Campus,2019,False,True,142.5,8,Aug,Saturday,True,Lunch,False
ORD-01835,2025-03-21,13,S05,C0205,Ginger Tea,3,35.0,10,Wallet,32.1,,Tea,Pune,Mall,2022,False,False,94.5,3,Mar,Friday,False,Lunch,True
ORD-01474,2025-07-01,19,S04,C0701,Masala Chai,4,30.0,0,UPI,25.0,5.0,Tea,Delhi,Street,2020,False,True,120.0,7,Jul,Tuesday,False,Evening,False
ORD-01201,2025-07-26,18,S03,C0403,Cutting Chai,3,20.0,15,Cash,20.6,5.0,Tea,Delhi,Campus,2018,False,True,51.0,7,Jul,Saturday,True,Evening,False
ORD-02478,2025-03-12,20,S04,C0309,Espresso,2,80.0,15,UPI,27.1,5.0,Coffee,Delhi,Street,2020,False,True,136.0,3,Mar,Wednesday,False,Night,False
ORD-01078,2025-06-28,11,S08,C0882,Mango Shake,1,100.0,10,Card,22.4,5.0,Cold Drinks,Indore,Street,2022,False,True,90.0,6,Jun,Saturday,True,Morning,False
ORD-02344,2025-04-16,12,S03,C0537,Mango Shake,2,100.0,0,Card,17.3,,Cold Drinks,Delhi,Campus,2018,False,False,200.0,4,Apr,Wednesday,False,Lunch,False
ORD-00478,2025-08-11,19,S04,C0336,Maggi,3,70.0,5,UPI,39.5,3.0,Snacks,Delhi,Street,2020,False,True,199.5,8,Aug,Monday,False,Evening,True
ORD-00382,2025-12-08,14,S07,C0867,Veg Sandwich,1,90.0,5,Card,27.0,5.0,Snacks,Jaipur,Street,2023,False,True,85.5,12,Dec,Monday,False,Lunch,False
ORD-00534,2025-08-23,16,S01,C0622,Cutting Chai,4,20.0,5,UPI,26.8,5.0,Tea,Lucknow,Campus,2019,False,True,76.0,8,Aug,Saturday,True,Evening,False
ORD-02342,2025-01-26,11,S05,C0340,Masala Chai,1,30.0,0,UPI,19.9,5.0,Tea,Pune,Mall,2022,False,True,30.0,1,Jan,Sunday,True,Morning,False
ORD-02226,2025-04-03,12,S01,C0236,Cold Coffee,3,120.0,20,UPI,25.3,5.0,Cold Drinks,Lucknow,Campus,2019,False,True,288.0,4,Apr,Thursday,False,Lunch,False
ORD-00782,2025-12-02,16,S03,C0438,Bun Maska,2,40.0,10,UPI,16.4,,Snacks,Delhi,Campus,2018,False,False,72.0,12,Dec,Tuesday,False,Evening,False
ORD-01304,2025-04-05,17,S04,C0116,Cold Coffee,4,120.0,15,UPI,19.7,5.0,Cold Drinks,Delhi,Street,2020,False,True,408.0,4,Apr,Saturday,True,Evening,False
ORD-01903,2025-11-06,14,S08,C0225,Masala Chai,2,30.0,10,UPI,18.2,5.0,Tea,Indore,Street,2022,False,True,54.0,11,Nov,Thursday,False,Lunch,False
ORD-02265,2025-07-25,9,S06,C0789,Filter Coffee,2,60.0,10,UPI,28.9,4.0,Coffee,Pune,Campus,2021,False,True,108.0,7,Jul,Friday,False,Morning,False
ORD-00360,2025-08-08,9,S04,C0045,Samosa,1,25.0,20,UPI,25.1,4.0,Snacks,Delhi,Street,2020,False,True,20.0,8,Aug,Friday,False,Morning,False
ORD-00056,2025-10-12,21,S01,C0276,Cold Coffee,3,120.0,5,UPI,22.6,5.0,Cold Drinks,Lucknow,Campus,2019,False,True,342.0,10,Oct,Sunday,True,Night,False
ORD-00577,2025-11-29,10,S04,C0611,Bun Maska,4,40.0,5,UPI,20.3,5.0,Snacks,Delhi,Street,2020,False,True,152.0,11,Nov,Saturday,True,Morning,False
ORD-01285,2025-12-05,12,S08,C0002,Maggi,1,70.0,20,UPI,30.8,4.0,Snacks,Indore,Street,2022,False,True,56.0,12,Dec,Friday,False,Lunch,True
ORD-02147,2025-02-04,10,S02,C0208,Maggi,3,70.0,0,UPI,13.1,5.0,Snacks,Lucknow,Mall,2021,False,True,210.0,2,Feb,Tuesday,False,Morning,False
ORD-02815,2025-01-11,15,S08,C0355,Filter Coffee,3,60.0,0,UPI,22.5,4.0,Coffee,Indore,Street,2022,False,True,180.0,1,Jan,Saturday,True,Lunch,False
ORD-01820,2025-08-15,13,S04,C0164,Cold Coffee,4,120.0,15,UPI,33.3,4.0,Cold Drinks,Delhi,Street,2020,False,True,408.0,8,Aug,Friday,False,Lunch,True
ORD-02375,2025-05-14,9,S05,C0612,Samosa,1,25.0,0,UPI,25.0,4.0,Snacks,Pune,Mall,2022,False,True,25.0,5,May,Wednesday,False,Morning,False
ORD-02102,2025-02-17,9,S02,C0359,Cutting Chai,2,20.0,0,Card,26.8,,Tea,Lucknow,Mall,2021,False,False,40.0,2,Feb,Monday,False,Morning,False
ORD-01888,2025-03-10,20,S02,C0432,Samosa,2,25.0,15,UPI,29.5,5.0,Snacks,Lucknow,Mall,2021,False,True,42.5,3,Mar,Monday,False,Night,False
ORD-02502,2025-09-07,16,S06,C0891,Cold Coffee,1,120.0,20,Unknown,25.1,5.0,Cold Drinks,Pune,Campus,2021,False,True,96.0,9,Sep,Sunday,True,Evening,False
ORD-00755,2025-09-07,17,S04,C0845,Espresso,1,80.0,20,Card,30.1,5.0,Coffee,Delhi,Street,2020,False,True,64.0,9,Sep,Sunday,True,Evening,True
ORD-01360,2025-03-01,18,S06,C0745,Bun Maska,3,40.0,0,Card,15.2,4.0,Snacks,Pune,Campus,2021,False,True,120.0,3,Mar,Saturday,True,Evening,False
ORD-01395,2025-11-01,18,S07,C0837,Cutting Chai,1,20.0,0,Card,18.7,4.0,Tea,Jaipur,Street,2023,False,True,20.0,11,Nov,Saturday,True,Evening,False
ORD-01850,2025-10-05,16,S06,C0027,Bun Maska,1,40.0,0,Card,13.0,5.0,Snacks,Pune,Campus,2021,False,True,40.0,10,Oct,Sunday,True,Evening,False
ORD-01286,2025-12-07,11,S08,C0264,Masala Chai,2,30.0,10,UPI,26.7,,Tea,Indore,Street,2022,False,False,54.0,12,Dec,Sunday,True,Morning,False
ORD-00809,2025-07-05,14,S04,C0177,Brownie,3,110.0,20,UPI,25.8,5.0,Dessert,Delhi,Street,2020,False,True,264.0,7,Jul,Saturday,True,Lunch,False
ORD-00232,2025-06-02,19,S04,C0303,Cutting Chai,2,20.0,20,UPI,27.9,5.0,Tea,Delhi,Street,2020,False,True,32.0,6,Jun,Monday,False,Evening,False
ORD-02720,2025-07-23,22,S01,C0192,Masala Chai,1,30.0,0,UPI,20.0,5.0,Tea,Lucknow,Campus,2019,False,True,30.0,7,Jul,Wednesday,False,Night,False
ORD-02467,2025-10-30,14,S03,C0384,Veg Sandwich,1,90.0,0,Unknown,24.4,,Snacks,Delhi,Campus,2018,False,False,90.0,10,Oct,Thursday,False,Lunch,False
ORD-01908,2025-01-26,8,S07,C0812,Masala Chai,3,30.0,5,UPI,22.0,,Tea,Jaipur,Street,2023,False,False,85.5,1,Jan,Sunday,True,Morning,False
ORD-02120,2025-03-29,18,S06,C0041,Cold Coffee,2,120.0,0,UPI,18.0,5.0,Cold Drinks,Pune,Campus,2021,False,True,240.0,3,Mar,Saturday,True,Evening,False
ORD-01869,2025-07-12,18,S05,C0871,Espresso,1,80.0,0,Card,31.2,,Coffee,Pune,Mall,2022,False,False,80.0,7,Jul,Saturday,True,Evening,True
ORD-00131,2025-03-04,9,S03,C0829,Filter Coffee,2,60.0,5,Cash,18.2,5.0,Coffee,Delhi,Campus,2018,False,True,114.0,3,Mar,Tuesday,False,Morning,False
ORD-00078,2025-08-30,18,S03,C0437,Samosa,2,25.0,20,UPI,18.2,5.0,Snacks,Delhi,Campus,2018,False,True,40.0,8,Aug,Saturday,True,Evening,False
ORD-02550,2025-04-18,18,S06,C0502,Cold Coffee,1,120.0,0,UPI,12.5,5.0,Cold Drinks,Pune,Campus,2021,False,True,120.0,4,Apr,Friday,False,Evening,False
ORD-01415,2025-02-16,13,S06,C0115,Cutting Chai,2,20.0,0,UPI,31.8,4.0,Tea,Pune,Campus,2021,False,True,40.0,2,Feb,Sunday,True,Lunch,True
ORD-01307,2025-08-07,16,S01,C0226,Cold Coffee,1,120.0,20,UPI,18.5,,Cold Drinks,Lucknow,Campus,2019,False,False,96.0,8,Aug,Thursday,False,Evening,False
ORD-01665,2025-12-01,12,S01,C0160,Espresso,2,80.0,10,UPI,29.8,4.0,Coffee,Lucknow,Campus,2019,False,True,144.0,12,Dec,Monday,False,Lunch,False
ORD-02358,2025-07-02,20,S01,C0528,Filter Coffee,4,60.0,20,Card,36.3,4.0,Coffee,Lucknow,Campus,2019,False,True,192.0,7,Jul,Wednesday,False,Night,True
ORD-02973,2025-02-16,21,S07,GUEST,Filter Coffee,1,60.0,5,Card,13.0,5.0,Coffee,Jaipur,Street,2023,False,True,57.0,2,Feb,Sunday,True,Night,False
ORD-00728,2025-01-25,12,S03,C0748,Cutting Chai,2,20.0,10,Unknown,21.5,5.0,Tea,Delhi,Campus,2018,False,True,36.0,1,Jan,Saturday,True,Lunch,False
ORD-00618,2025-05-07,9,S07,C0052,Ginger Tea,1,35.0,5,UPI,14.9,5.0,Tea,Jaipur,Street,2023,False,True,33.25,5,May,Wednesday,False,Morning,False
ORD-02124,2025-03-12,9,S02,C0743,Cold Coffee,4,120.0,5,Card,32.2,5.0,Cold Drinks,Lucknow,Mall,2021,False,True,456.0,3,Mar,Wednesday,False,Morning,True
ORD-02186,2025-03-03,14,S08,C0547,Maggi,2,70.0,0,UPI,20.4,4.0,Snacks,Indore,Street,2022,False,True,140.0,3,Mar,Monday,False,Lunch,False
ORD-01759,2025-11-26,21,S03,C0850,Masala Chai,1,30.0,0,UPI,16.1,,Tea,Delhi,Campus,2018,False,False,30.0,11,Nov,Wednesday,False,Night,False
ORD-02909,2025-12-03,14,S04,C0058,Cutting Chai,2,20.0,5,UPI,22.5,5.0,Tea,Delhi,Street,2020,False,True,38.0,12,Dec,Wednesday,False,Lunch,False
ORD-00231,2025-02-21,9,S08,C0222,Ginger Tea,2,35.0,5,UPI,23.8,4.0,Tea,Indore,Street,2022,False,True,66.5,2,Feb,Friday,False,Morning,False
ORD-00373,2025-05-13,18,S08,C0173,Veg Sandwich,4,90.0,0,Cash,20.9,5.0,Snacks,Indore,Street,2022,False,True,360.0,5,May,Tuesday,False,Evening,False
ORD-02427,2025-01-26,19,S07,C0637,Maggi,1,70.0,0,UPI,26.7,5.0,Snacks,Jaipur,Street,2023,False,True,70.0,1,Jan,Sunday,True,Evening,False
ORD-02989,2025-02-28,21,S01,C0466,Maggi,2,70.0,5,Card,12.9,5.0,Snacks,Lucknow,Campus,2019,False,True,133.0,2,Feb,Friday,False,Night,False
ORD-01322,2025-06-20,16,S01,C0585,Mango Shake,2,100.0,0,UPI,10.7,5.0,Cold Drinks,Lucknow,Campus,2019,False,True,200.0,6,Jun,Friday,False,Evening,False
ORD-02396,2025-12-28,18,S04,C0203,Ginger Tea,3,35.0,0,UPI,32.5,4.0,Tea,Delhi,Street,2020,False,True,105.0,12,Dec,Sunday,True,Evening,True
ORD-01173,2025-04-05,20,S06,C0143,Cheesecake,1,150.0,15,Cash,19.7,5.0,Dessert,Pune,Campus,2021,False,True,127.5,4,Apr,Saturday,True,Night,False
ORD-00280,2025-11-07,21,S01,C0705,Masala Chai,4,30.0,10,Cash,22.8,,Tea,Lucknow,Campus,2019,False,False,108.0,11,Nov,Friday,False,Night,False
ORD-01273,2025-05-25,17,S01,C0174,Bun Maska,3,40.0,15,UPI,23.7,5.0,Snacks,Lucknow,Campus,2019,False,True,102.0,5,May,Sunday,True,Evening,False
ORD-00660,2025-05-25,14,S04,C0424,Masala Chai,2,30.0,0,Cash,24.2,5.0,Tea,Delhi,Street,2020,False,True,60.0,5,May,Sunday,True,Lunch,False
ORD-01072,2025-08-11,20,S02,C0889,Samosa,1,25.0,0,UPI,39.9,4.0,Snacks,Lucknow,Mall,2021,False,True,25.0,8,Aug,Monday,False,Night,True
ORD-00551,2025-06-21,20,S07,C0122,Veg Sandwich,2,90.0,5,UPI,17.5,5.0,Snacks,Jaipur,Street,2023,False,True,171.0,6,Jun,Saturday,True,Night,False
ORD-02762,2025-12-02,15,S01,C0822,Maggi,2,70.0,5,UPI,20.9,5.0,Snacks,Lucknow,Campus,2019,False,True,133.0,12,Dec,Tuesday,False,Lunch,False
ORD-02321,2025-01-12,13,S01,C0571,Masala Chai,1,30.0,5,UPI,24.8,5.0,Tea,Lucknow,Campus,2019,False,True,28.5,1,Jan,Sunday,True,Lunch,False
ORD-01623,2025-10-23,20,S01,C0226,Samosa,2,25.0,10,UPI,24.1,5.0,Snacks,Lucknow,Campus,2019,False,True,45.0,10,Oct,Thursday,False,Night,False
ORD-00567,2025-10-06,12,S05,C0475,Maggi,2,70.0,5,Card,31.2,5.0,Snacks,Pune,Mall,2022,False,True,133.0,10,Oct,Monday,False,Lunch,True
ORD-01101,2025-01-04,22,S03,C0727,Cutting Chai,2,20.0,0,Cash,12.1,5.0,Tea,Delhi,Campus,2018,False,True,40.0,1,Jan,Saturday,True,Night,False
ORD-01528,2025-06-24,18,S06,C0433,Samosa,1,25.0,0,Card,13.5,5.0,Snacks,Pune,Campus,2021,False,True,25.0,6,Jun,Tuesday,False,Evening,False
ORD-01271,2025-12-21,18,S07,C0601,Cheesecake,4,150.0,0,UPI,24.7,5.0,Dessert,Jaipur,Street,2023,True,True,600.0,12,Dec,Sunday,True,Evening,False
ORD-01056,2025-09-04,11,S03,C0887,Veg Sandwich,4,90.0,0,UPI,31.0,4.0,Snacks,Delhi,Campus,2018,False,True,360.0,9,Sep,Thursday,False,Morning,True
ORD-02759,2025-09-04,13,S03,C0679,Cutting Chai,1,20.0,0,UPI,26.9,4.0,Tea,Delhi,Campus,2018,False,True,20.0,9,Sep,Thursday,False,Lunch,False
ORD-01276,2025-04-27,10,S06,C0083,Masala Chai,1,30.0,20,Cash,21.6,5.0,Tea,Pune,Campus,2021,True,True,24.0,4,Apr,Sunday,True,Morning,False
ORD-01593,2025-12-13,17,S07,C0744,Samosa,1,25.0,10,UPI,24.7,5.0,Snacks,Jaipur,Street,2023,True,True,22.5,12,Dec,Saturday,True,Evening,False
ORD-00330,2025-04-16,17,S02,C0645,Filter Coffee,1,60.0,5,UPI,30.7,3.0,Coffee,Lucknow,Mall,2021,False,True,57.0,4,Apr,Wednesday,False,Evening,True
ORD-01974,2025-05-15,14,S01,C0483,Maggi,1,70.0,5,UPI,17.0,4.0,Snacks,Lucknow,Campus,2019,False,True,66.5,5,May,Thursday,False,Lunch,False
ORD-00821,2025-01-19,19,S06,C0692,Samosa,2,25.0,0,UPI,26.7,5.0,Snacks,Pune,Campus,2021,False,True,50.0,1,Jan,Sunday,True,Evening,False
ORD-00403,2025-10-12,16,S01,C0700,Cold Coffee,1,120.0,10,UPI,15.5,5.0,Cold Drinks,Lucknow,Campus,2019,False,True,108.0,10,Oct,Sunday,True,Evening,False
ORD-01684,2025-04-16,20,S07,C0034,Bun Maska,2,40.0,10,UPI,28.3,4.0,Snacks,Jaipur,Street,2023,False,True,72.0,4,Apr,Wednesday,False,Night,False
ORD-00165,2025-07-22,15,S08,GUEST,Mango Shake,2,100.0,0,UPI,24.6,,Cold Drinks,Indore,Street,2022,False,False,200.0,7,Jul,Tuesday,False,Lunch,False
ORD-00325,2025-11-06,15,S05,C0401,Espresso,3,80.0,0,UPI,25.1,,Coffee,Pune,Mall,2022,False,False,240.0,11,Nov,Thursday,False,Lunch,False
ORD-02347,2025-11-11,18,S05,C0301,Samosa,2,25.0,0,UPI,23.2,,Snacks,Pune,Mall,2022,False,False,50.0,11,Nov,Tuesday,False,Evening,False
ORD-02935,2025-09-01,20,S07,C0160,Cutting Chai,2,20.0,15,UPI,30.0,3.0,Tea,Jaipur,Street,2023,False,True,34.0,9,Sep,Monday,False,Night,False
ORD-00579,2025-11-07,10,S08,C0655,Samosa,2,25.0,0,Card,17.0,5.0,Snacks,Indore,Street,2022,False,True,50.0,11,Nov,Friday,False,Morning,False
ORD-01913,2025-11-26,18,S04,C0253,Ginger Tea,1,35.0,15,UPI,22.9,4.0,Tea,Delhi,Street,2020,False,True,29.75,11,Nov,Wednesday,False,Evening,False
ORD-00849,2025-02-24,13,S02,C0137,Cutting Chai,4,20.0,0,UPI,35.3,5.0,Tea,Lucknow,Mall,2021,False,True,80.0,2,Feb,Monday,False,Lunch,True
ORD-00495,2025-10-15,9,S07,C0890,Masala Chai,1,30.0,10,UPI,20.5,5.0,Tea,Jaipur,Street,2023,False,True,27.0,10,Oct,Wednesday,False,Morning,False
ORD-02750,2025-01-12,19,S04,C0810,Brownie,3,110.0,15,Card,24.4,4.0,Dessert,Delhi,Street,2020,False,True,280.5,1,Jan,Sunday,True,Evening,False
ORD-02770,2025-12-28,12,S01,C0612,Samosa,2,25.0,0,Cash,23.0,,Snacks,Lucknow,Campus,2019,False,False,50.0,12,Dec,Sunday,True,Lunch,False
ORD-00656,2025-05-08,19,S03,C0536,Masala Chai,2,30.0,5,UPI,22.5,5.0,Tea,Delhi,Campus,2018,False,True,57.0,5,May,Thursday,False,Evening,False
ORD-00319,2025-04-19,19,S04,C0731,Cutting Chai,1,20.0,5,Card,27.8,5.0,Tea,Delhi,Street,2020,False,True,19.0,4,Apr,Saturday,True,Evening,False
ORD-02180,2025-12-20,17,S03,C0871,Filter Coffee,1,60.0,0,Cash,23.6,5.0,Coffee,Delhi,Campus,2018,False,True,60.0,12,Dec,Saturday,True,Evening,False
ORD-02132,2025-10-04,13,S08,C0480,Cutting Chai,3,20.0,20,Cash,30.5,5.0,Tea,Indore,Street,2022,False,True,48.0,10,Oct,Saturday,True,Lunch,True
ORD-01760,2025-12-03,20,S05,C0067,Maggi,3,70.0,5,UPI,31.6,5.0,Snacks,Pune,Mall,2022,False,True,199.5,12,Dec,Wednesday,False,Night,True
ORD-01003,2025-02-16,12,S05,C0611,Veg Sandwich,1,90.0,10,UPI,33.3,5.0,Snacks,Pune,Mall,2022,False,True,81.0,2,Feb,Sunday,True,Lunch,True
ORD-02764,2025-04-26,10,S06,C0702,Maggi,1,70.0,0,UPI,17.0,5.0,Snacks,Pune,Campus,2021,False,True,70.0,4,Apr,Saturday,True,Morning,False
ORD-01706,2025-12-27,17,S04,C0638,Cutting Chai,1,20.0,10,Cash,24.9,5.0,Tea,Delhi,Street,2020,False,True,18.0,12,Dec,Saturday,True,Evening,False
ORD-00001,2025-10-10,20,S04,C0645,Veg Sandwich,1,90.0,5,UPI,27.2,,Snacks,Delhi,Street,2020,False,False,85.5,10,Oct,Friday,False,Night,False
ORD-00243,2025-03-27,8,S01,C0634,Maggi,1,70.0,5,UPI,23.6,5.0,Snacks,Lucknow,Campus,2019,False,True,66.5,3,Mar,Thursday,False,Morning,False
ORD-00054,2025-08-31,19,S02,C0506,Bun Maska,2,40.0,5,Card,30.8,4.0,Snacks,Lucknow,Mall,2021,False,True,76.0,8,Aug,Sunday,True,Evening,True
ORD-01811,2025-03-23,13,S01,C0745,Cold Coffee,3,120.0,0,Cash,30.4,3.0,Cold Drinks,Lucknow,Campus,2019,False,True,360.0,3,Mar,Sunday,True,Lunch,True
ORD-02236,2025-11-16,17,S01,C0772,Cold Coffee,1,120.0,5,UPI,18.6,5.0,Cold Drinks,Lucknow,Campus,2019,False,True,114.0,11,Nov,Sunday,True,Evening,False
ORD-02858,2025-06-07,17,S08,C0380,Mango Shake,2,100.0,0,UPI,21.1,5.0,Cold Drinks,Indore,Street,2022,False,True,200.0,6,Jun,Saturday,True,Evening,False
ORD-02210,2025-02-08,10,S08,C0094,Masala Chai,2,30.0,0,Cash,26.4,5.0,Tea,Indore,Street,2022,False,True,60.0,2,Feb,Saturday,True,Morning,False
ORD-01535,2025-01-26,11,S03,C0456,Filter Coffee,1,60.0,5,Cash,18.7,5.0,Coffee,Delhi,Campus,2018,False,True,57.0,1,Jan,Sunday,True,Morning,False
ORD-00367,2025-10-10,18,S04,C0239,Samosa,4,25.0,20,UPI,21.4,5.0,Snacks,Delhi,Street,2020,False,True,80.0,10,Oct,Friday,False,Evening,False
ORD-00007,2025-10-05,10,S06,C0498,Mango Shake,1,100.0,0,UPI,17.4,5.0,Cold Drinks,Pune,Campus,2021,False,True,100.0,10,Oct,Sunday,True,Morning,False
ORD-00236,2025-10-21,13,S01,C0714,Masala Chai,3,30.0,15,UPI,18.8,5.0,Tea,Lucknow,Campus,2019,False,True,76.5,10,Oct,Tuesday,False,Lunch,False
ORD-02821,2025-04-16,19,S03,C0448,Samosa,2,25.0,0,Card,22.0,4.0,Snacks,Delhi,Campus,2018,False,True,50.0,4,Apr,Wednesday,False,Evening,False
ORD-00836,2025-07-26,8,S02,C0729,Filter Coffee,2,60.0,0,UPI,30.4,4.0,Coffee,Lucknow,Mall,2021,False,True,120.0,7,Jul,Saturday,True,Morning,True
ORD-01388,2025-04-20,17,S01,C0858,Cutting Chai,2,20.0,15,Card,18.3,5.0,Tea,Lucknow,Campus,2019,False,True,34.0,4,Apr,Sunday,True,Evening,False
ORD-00465,2025-07-31,22,S05,C0094,Bun Maska,3,40.0,15,UPI,31.2,,Snacks,Pune,Mall,2022,False,False,102.0,7,Jul,Thursday,False,Night,True
ORD-02969,2025-07-29,16,S08,C0501,Samosa,1,25.0,10,Card,27.3,5.0,Snacks,Indore,Street,2022,False,True,22.5,7,Jul,Tuesday,False,Evening,False
ORD-01482,2025-01-25,9,S08,C0866,Cold Coffee,3,120.0,0,UPI,21.0,5.0,Cold Drinks,Indore,Street,2022,False,True,360.0,1,Jan,Saturday,True,Morning,False
ORD-02457,2025-08-10,12,S08,C0117,Cutting Chai,2,20.0,0,UPI,22.4,4.0,Tea,Indore,Street,2022,False,True,40.0,8,Aug,Sunday,True,Lunch,False
ORD-01147,2025-10-01,8,S03,C0719,Masala Chai,3,30.0,20,Cash,16.4,5.0,Tea,Delhi,Campus,2018,False,True,72.0,10,Oct,Wednesday,False,Morning,False
ORD-02281,2025-06-03,9,S04,C0649,Brownie,1,110.0,5,Card,19.0,4.0,Dessert,Delhi,Street,2020,False,True,104.5,6,Jun,Tuesday,False,Morning,False
ORD-00268,2025-02-26,20,S07,C0889,Samosa,1,25.0,0,UPI,31.5,,Snacks,Jaipur,Street,2023,False,False,25.0,2,Feb,Wednesday,False,Night,True
ORD-00738,2025-04-20,11,S05,C0493,Samosa,3,25.0,20,UPI,22.4,4.0,Snacks,Pune,Mall,2022,False,True,60.0,4,Apr,Sunday,True,Morning,False
ORD-01737,2025-11-20,13,S06,C0028,Mango Shake,2,100.0,5,UPI,27.8,5.0,Cold Drinks,Pune,Campus,2021,False,True,190.0,11,Nov,Thursday,False,Lunch,False
ORD-01297,2025-02-04,18,S06,C0630,Ginger Tea,1,35.0,5,Cash,15.6,5.0,Tea,Pune,Campus,2021,False,True,33.25,2,Feb,Tuesday,False,Evening,False
ORD-02947,2025-04-29,10,S01,C0545,Masala Chai,1,30.0,0,UPI,17.5,,Tea,Lucknow,Campus,2019,False,False,30.0,4,Apr,Tuesday,False,Morning,False
ORD-00106,2025-09-19,18,S08,C0125,Samosa,2,25.0,10,UPI,24.5,5.0,Snacks,Indore,Street,2022,False,True,45.0,9,Sep,Friday,False,Evening,False
ORD-02037,2025-12-10,16,S04,C0012,Maggi,2,70.0,15,Wallet,19.1,5.0,Snacks,Delhi,Street,2020,False,True,119.0,12,Dec,Wednesday,False,Evening,False
ORD-02378,2025-08-09,13,S07,C0344,Bun Maska,2,40.0,10,UPI,32.4,5.0,Snacks,Jaipur,Street,2023,False,True,72.0,8,Aug,Saturday,True,Lunch,True
ORD-02204,2025-03-09,11,S05,C0010,Espresso,1,80.0,10,UPI,28.3,4.0,Coffee,Pune,Mall,2022,False,True,72.0,3,Mar,Sunday,True,Morning,False
ORD-01705,2025-06-22,11,S04,C0179,Cutting Chai,1,20.0,0,Card,22.7,5.0,Tea,Delhi,Street,2020,False,True,20.0,6,Jun,Sunday,True,Morning,False
ORD-00316,2025-04-30,21,S04,C0431,Masala Chai,2,30.0,0,Card,18.4,5.0,Tea,Delhi,Street,2020,False,True,60.0,4,Apr,Wednesday,False,Night,False
ORD-02357,2025-06-28,16,S06,C0222,Mango Shake,2,100.0,0,Card,24.8,4.0,Cold Drinks,Pune,Campus,2021,False,True,200.0,6,Jun,Saturday,True,Evening,False
ORD-02519,2025-07-20,12,S05,C0230,Masala Chai,1,30.0,0,UPI,40.4,4.0,Tea,Pune,Mall,2022,False,True,30.0,7,Jul,Sunday,True,Lunch,True
ORD-00036,2025-03-11,13,S07,C0803,Samosa,1,25.0,15,UPI,26.4,5.0,Snacks,Jaipur,Street,2023,False,True,21.25,3,Mar,Tuesday,False,Lunch,False
ORD-00327,2025-10-21,16,S07,C0080,Filter Coffee,1,60.0,5,Card,26.3,5.0,Coffee,Jaipur,Street,2023,False,True,57.0,10,Oct,Tuesday,False,Evening,False
ORD-02072,2025-06-13,10,S04,C0518,Cold Coffee,1,120.0,10,Wallet,23.5,4.0,Cold Drinks,Delhi,Street,2020,False,True,108.0,6,Jun,Friday,False,Morning,False
ORD-01761,2025-05-02,11,S03,C0647,Cold Coffee,3,120.0,5,Card,23.7,,Cold Drinks,Delhi,Campus,2018,False,False,342.0,5,May,Friday,False,Morning,False
ORD-01722,2025-03-22,13,S07,C0736,Cold Coffee,2,120.0,0,Card,20.7,5.0,Cold Drinks,Jaipur,Street,2023,False,True,240.0,3,Mar,Saturday,True,Lunch,False
ORD-02254,2025-08-03,12,S07,C0795,Veg Sandwich,1,90.0,0,Card,33.0,4.0,Snacks,Jaipur,Street,2023,False,True,90.0,8,Aug,Sunday,True,Lunch,True
ORD-02817,2025-04-13,18,S07,C0789,Espresso,2,80.0,10,Card,26.5,5.0,Coffee,Jaipur,Street,2023,False,True,144.0,4,Apr,Sunday,True,Evening,False
ORD-00261,2025-02-23,22,S08,C0510,Masala Chai,1,30.0,5,UPI,15.8,5.0,Tea,Indore,Street,2022,False,True,28.5,2,Feb,Sunday,True,Night,False
ORD-02319,2025-06-30,18,S03,C0411,Cold Coffee,1,120.0,10,UPI,15.0,5.0,Cold Drinks,Delhi,Campus,2018,False,True,108.0,6,Jun,Monday,False,Evening,False
ORD-00114,2025-07-31,15,S08,C0321,Samosa,3,25.0,0,Card,33.0,3.0,Snacks,Indore,Street,2022,False,True,75.0,7,Jul,Thursday,False,Lunch,True
ORD-01724,2025-07-25,11,S03,C0625,Samosa,1,25.0,10,UPI,23.3,,Snacks,Delhi,Campus,2018,False,False,22.5,7,Jul,Friday,False,Morning,False
ORD-00334,2025-11-10,17,S04,C0103,Cutting Chai,2,20.0,0,Wallet,19.6,5.0,Tea,Delhi,Street,2020,False,True,40.0,11,Nov,Monday,False,Evening,False
ORD-01972,2025-12-20,20,S01,C0348,Masala Chai,4,30.0,0,UPI,25.2,,Tea,Lucknow,Campus,2019,False,False,120.0,12,Dec,Saturday,True,Night,False
ORD-02691,2025-12-13,12,S04,C0142,Filter Coffee,4,60.0,15,UPI,24.6,,Coffee,Delhi,Street,2020,False,False,204.0,12,Dec,Saturday,True,Lunch,False
ORD-00260,2025-08-05,14,S02,C0472,Masala Chai,1,30.0,10,UPI,35.2,5.0,Tea,Lucknow,Mall,2021,False,True,27.0,8,Aug,Tuesday,False,Lunch,True
ORD-01082,2025-11-30,12,S07,C0003,Cutting Chai,2,20.0,5,UPI,24.7,4.0,Tea,Jaipur,Street,2023,True,True,38.0,11,Nov,Sunday,True,Lunch,False
ORD-01943,2025-06-01,15,S06,C0229,Mango Shake,1,100.0,10,UPI,13.3,5.0,Cold Drinks,Pune,Campus,2021,False,True,90.0,6,Jun,Sunday,True,Lunch,False
ORD-01236,2025-02-06,12,S07,C0062,Masala Chai,1,30.0,0,UPI,21.3,4.0,Tea,Jaipur,Street,2023,False,True,30.0,2,Feb,Thursday,False,Lunch,False
ORD-01110,2025-03-12,13,S01,C0401,Cold Coffee,3,120.0,0,Cash,26.4,,Cold Drinks,Lucknow,Campus,2019,False,False,360.0,3,Mar,Wednesday,False,Lunch,False
ORD-01495,2025-06-06,20,S08,C0145,Filter Coffee,1,60.0,10,Wallet,26.7,5.0,Coffee,Indore,Street,2022,False,True,54.0,6,Jun,Friday,False,Night,False
ORD-00907,2025-06-30,17,S06,C0061,Veg Sandwich,2,90.0,10,UPI,22.8,4.0,Snacks,Pune,Campus,2021,False,True,162.0,6,Jun,Monday,False,Evening,False
ORD-00065,2025-08-20,12,S03,C0445,Filter Coffee,2,60.0,0,UPI,25.0,5.0,Coffee,Delhi,Campus,2018,False,True,120.0,8,Aug,Wednesday,False,Lunch,False
ORD-01736,2025-09-30,15,S03,C0605,Bun Maska,2,40.0,15,Card,21.6,5.0,Snacks,Delhi,Campus,2018,True,True,68.0,9,Sep,Tuesday,False,Lunch,False
ORD-02892,2025-12-25,11,S06,C0369,Espresso,1,80.0,0,UPI,24.3,5.0,Coffee,Pune,Campus,2021,False,True,80.0,12,Dec,Thursday,False,Morning,False
ORD-01461,2025-10-09,21,S04,C0801,Filter Coffee,1,60.0,0,Card,20.5,,Coffee,Delhi,Street,2020,False,False,60.0,10,Oct,Thursday,False,Night,False
ORD-01488,2025-06-21,9,S01,C0164,Cutting Chai,4,20.0,0,Card,10.4,5.0,Tea,Lucknow,Campus,2019,False,True,80.0,6,Jun,Saturday,True,Morning,False
ORD-02013,2025-02-21,18,S06,C0193,Cutting Chai,4,20.0,10,Cash,24.7,5.0,Tea,Pune,Campus,2021,False,True,72.0,2,Feb,Friday,False,Evening,False
ORD-00516,2025-03-05,21,S04,C0013,Bun Maska,1,40.0,10,UPI,27.6,5.0,Snacks,Delhi,Street,2020,False,True,36.0,3,Mar,Wednesday,False,Night,False
ORD-01455,2025-05-08,13,S08,C0649,Mango Shake,1,100.0,0,UPI,31.1,5.0,Cold Drinks,Indore,Street,2022,False,True,100.0,5,May,Thursday,False,Lunch,True
ORD-02906,2025-08-25,18,S02,C0641,Maggi,1,70.0,10,UPI,31.3,4.0,Snacks,Lucknow,Mall,2021,False,True,63.0,8,Aug,Monday,False,Evening,True
ORD-02092,2025-11-08,12,S01,C0386,Samosa,3,25.0,5,UPI,18.2,5.0,Snacks,Lucknow,Campus,2019,False,True,71.25,11,Nov,Saturday,True,Lunch,False
ORD-02499,2025-10-26,16,S05,C0882,Masala Chai,1,30.0,5,UPI,19.0,5.0,Tea,Pune,Mall,2022,False,True,28.5,10,Oct,Sunday,True,Evening,False
ORD-02011,2025-01-18,17,S08,C0449,Cutting Chai,2,20.0,15,UPI,24.5,5.0,Tea,Indore,Street,2022,False,True,34.0,1,Jan,Saturday,True,Evening,False
ORD-00308,2025-08-22,21,S07,C0083,Masala Chai,1,30.0,15,UPI,25.1,5.0,Tea,Jaipur,Street,2023,False,True,25.5,8,Aug,Friday,False,Night,False
ORD-01284,2025-08-20,21,S01,C0331,Masala Chai,1,30.0,0,Card,25.7,5.0,Tea,Lucknow,Campus,2019,False,True,30.0,8,Aug,Wednesday,False,Night,False
ORD-00310,2025-02-21,18,S06,C0496,Masala Chai,1,30.0,0,UPI,14.6,5.0,Tea,Pune,Campus,2021,False,True,30.0,2,Feb,Friday,False,Evening,False
ORD-01564,2025-11-28,12,S04,C0518,Bun Maska,2,40.0,0,UPI,28.0,4.0,Snacks,Delhi,Street,2020,False,True,80.0,11,Nov,Friday,False,Lunch,False
ORD-00646,2025-11-09,16,S01,C0768,Samosa,2,25.0,15,UPI,21.7,5.0,Snacks,Lucknow,Campus,2019,False,True,42.5,11,Nov,Sunday,True,Evening,False
ORD-01303,2025-10-04,17,S07,C0899,Cheesecake,3,150.0,20,UPI,23.7,5.0,Dessert,Jaipur,Street,2023,False,True,360.0,10,Oct,Saturday,True,Evening,False
ORD-00253,2025-06-15,18,S04,C0536,Filter Coffee,3,60.0,10,Cash,18.8,5.0,Coffee,Delhi,Street,2020,False,True,162.0,6,Jun,Sunday,True,Evening,False
ORD-01912,2025-03-07,17,S01,C0757,Espresso,1,80.0,0,UPI,15.8,5.0,Coffee,Lucknow,Campus,2019,False,True,80.0,3,Mar,Friday,False,Evening,False
ORD-00092,2025-09-12,16,S01,C0497,Maggi,2,70.0,0,Wallet,21.6,,Snacks,Lucknow,Campus,2019,True,False,140.0,9,Sep,Friday,False,Evening,False
ORD-00730,2025-07-08,21,S05,C0247,Bun Maska,4,40.0,10,UPI,27.5,4.0,Snacks,Pune,Mall,2022,False,True,144.0,7,Jul,Tuesday,False,Night,False
ORD-02960,2025-11-30,12,S05,C0514,Cutting Chai,2,20.0,0,UPI,27.4,4.0,Tea,Pune,Mall,2022,False,True,40.0,11,Nov,Sunday,True,Lunch,False
ORD-02809,2025-03-09,12,S08,C0023,Masala Chai,1,30.0,5,UPI,28.6,5.0,Tea,Indore,Street,2022,False,True,28.5,3,Mar,Sunday,True,Lunch,False
ORD-00473,2025-02-13,8,S08,C0329,Filter Coffee,2,60.0,0,Cash,17.0,4.0,Coffee,Indore,Street,2022,False,True,120.0,2,Feb,Thursday,False,Morning,False
ORD-02501,2025-01-13,16,S01,C0236,Masala Chai,1,30.0,0,UPI,15.8,,Tea,Lucknow,Campus,2019,False,False,30.0,1,Jan,Monday,False,Evening,False
ORD-00380,2025-09-24,11,S04,C0395,Brownie,3,110.0,0,Cash,21.4,5.0,Dessert,Delhi,Street,2020,False,True,330.0,9,Sep,Wednesday,False,Morning,False
ORD-02644,2025-11-11,17,S03,C0158,Cutting Chai,3,20.0,10,UPI,21.0,5.0,Tea,Delhi,Campus,2018,False,True,54.0,11,Nov,Tuesday,False,Evening,False
ORD-02699,2025-05-24,19,S02,C0343,Veg Sandwich,2,90.0,5,Card,28.05,5.0,Snacks,Lucknow,Mall,2021,True,True,171.0,5,May,Saturday,True,Evening,False
ORD-00958,2025-07-08,10,S05,C0235,Brownie,2,110.0,5,Card,32.7,5.0,Dessert,Pune,Mall,2022,False,True,209.0,7,Jul,Tuesday,False,Morning,True
ORD-02636,2025-06-06,16,S04,C0762,Samosa,2,25.0,10,Cash,18.6,4.0,Snacks,Delhi,Street,2020,False,True,45.0,6,Jun,Friday,False,Evening,False
ORD-00698,2025-08-04,14,S01,C0558,Masala Chai,1,30.0,10,UPI,27.1,,Tea,Lucknow,Campus,2019,False,False,27.0,8,Aug,Monday,False,Lunch,False
ORD-00470,2025-07-05,12,S07,C0696,Brownie,1,110.0,0,UPI,34.0,,Dessert,Jaipur,Street,2023,False,False,110.0,7,Jul,Saturday,True,Lunch,True
ORD-00981,2025-12-27,13,S08,C0859,Masala Chai,1,30.0,0,UPI,31.3,5.0,Tea,Indore,Street,2022,False,True,30.0,12,Dec,Saturday,True,Lunch,True
ORD-02778,2025-07-07,13,S07,C0870,Cold Coffee,1,120.0,0,Card,28.1,5.0,Cold Drinks,Jaipur,Street,2023,False,True,120.0,7,Jul,Monday,False,Lunch,False
ORD-02660,2025-03-24,22,S04,C0034,Bun Maska,1,40.0,0,Card,24.0,5.0,Snacks,Delhi,Street,2020,False,True,40.0,3,Mar,Monday,False,Night,False
ORD-01487,2025-12-25,10,S03,C0439,Samosa,2,25.0,0,UPI,20.6,5.0,Snacks,Delhi,Campus,2018,False,True,50.0,12,Dec,Thursday,False,Morning,False
ORD-00362,2025-02-13,14,S05,C0024,Cutting Chai,1,20.0,5,Cash,19.0,4.0,Tea,Pune,Mall,2022,False,True,19.0,2,Feb,Thursday,False,Lunch,False
ORD-01462,2025-07-17,18,S05,C0702,Filter Coffee,3,60.0,5,Card,34.0,4.0,Coffee,Pune,Mall,2022,False,True,171.0,7,Jul,Thursday,False,Evening,True
ORD-02410,2025-12-07,11,S06,C0174,Bun Maska,2,40.0,10,Cash,19.6,,Snacks,Pune,Campus,2021,False,False,72.0,12,Dec,Sunday,True,Morning,False
ORD-01735,2025-11-13,12,S07,C0719,Maggi,2,70.0,15,Wallet,23.2,4.0,Snacks,Jaipur,Street,2023,False,True,119.0,11,Nov,Thursday,False,Lunch,False
ORD-02859,2025-09-30,17,S02,C0542,Cold Coffee,1,120.0,0,Card,26.5,5.0,Cold Drinks,Lucknow,Mall,2021,False,True,120.0,9,Sep,Tuesday,False,Evening,False
ORD-02851,2025-05-19,10,S03,C0504,Cheesecake,1,150.0,5,UPI,22.3,,Dessert,Delhi,Campus,2018,False,False,142.5,5,May,Monday,False,Morning,False
ORD-00431,2025-12-05,16,S04,C0276,Filter Coffee,2,60.0,0,Card,25.5,5.0,Coffee,Delhi,Street,2020,False,True,120.0,12,Dec,Friday,False,Evening,False
ORD-00631,2025-12-04,19,S06,C0287,Masala Chai,2,30.0,0,UPI,24.9,5.0,Tea,Pune,Campus,2021,False,True,60.0,12,Dec,Thursday,False,Evening,False
ORD-02962,2025-12-20,11,S03,C0281,Masala Chai,3,30.0,0,UPI,16.2,5.0,Tea,Delhi,Campus,2018,False,True,90.0,12,Dec,Saturday,True,Morning,False
ORD-01502,2025-12-17,9,S06,C0121,Ginger Tea,1,35.0,0,UPI,24.2,5.0,Tea,Pune,Campus,2021,False,True,35.0,12,Dec,Wednesday,False,Morning,False
ORD-02161,2025-06-13,11,S03,C0327,Cheesecake,2,150.0,5,UPI,18.6,5.0,Dessert,Delhi,Campus,2018,False,True,285.0,6,Jun,Friday,False,Morning,False
ORD-00428,2025-11-07,14,S03,C0288,Veg Sandwich,4,90.0,15,Cash,19.3,5.0,Snacks,Delhi,Campus,2018,False,True,306.0,11,Nov,Friday,False,Lunch,False
ORD-02383,2025-02-24,15,S01,C0496,Bun Maska,3,40.0,10,UPI,21.6,4.0,Snacks,Lucknow,Campus,2019,True,True,108.0,2,Feb,Monday,False,Lunch,False
ORD-02079,2025-04-20,12,S08,C0035,Cold Coffee,3,120.0,5,UPI,27.4,5.0,Cold Drinks,Indore,Street,2022,False,True,342.0,4,Apr,Sunday,True,Lunch,False
ORD-02492,2025-05-27,8,S08,C0076,Samosa,2,25.0,10,UPI,17.7,5.0,Snacks,Indore,Street,2022,False,True,45.0,5,May,Tuesday,False,Morning,False
ORD-01347,2025-06-05,17,S03,C0804,Bun Maska,3,40.0,15,Card,22.9,4.0,Snacks,Delhi,Campus,2018,False,True,102.0,6,Jun,Thursday,False,Evening,False
ORD-00736,2025-09-13,17,S08,C0844,Brownie,1,110.0,20,Card,27.9,,Dessert,Indore,Street,2022,False,False,88.0,9,Sep,Saturday,True,Evening,False
ORD-02534,2025-01-06,18,S08,C0337,Cutting Chai,1,20.0,0,Cash,20.0,5.0,Tea,Indore,Street,2022,False,True,20.0,1,Jan,Monday,False,Evening,False
ORD-01464,2025-04-27,18,S08,C0632,Brownie,1,110.0,0,Cash,24.5,5.0,Dessert,Indore,Street,2022,False,True,110.0,4,Apr,Sunday,True,Evening,False
ORD-01978,2025-12-11,12,S08,C0608,Cutting Chai,2,20.0,20,UPI,29.9,,Tea,Indore,Street,2022,False,False,32.0,12,Dec,Thursday,False,Lunch,False
ORD-01146,2025-04-28,20,S06,C0744,Filter Coffee,1,60.0,0,UPI,20.0,5.0,Coffee,Pune,Campus,2021,False,True,60.0,4,Apr,Monday,False,Night,False
ORD-01351,2025-10-18,12,S01,C0566,Cutting Chai,1,20.0,10,UPI,21.7,,Tea,Lucknow,Campus,2019,False,False,18.0,10,Oct,Saturday,True,Lunch,False
ORD-02835,2025-09-07,12,S03,C0023,Cold Coffee,1,120.0,15,UPI,38.6,4.0,Cold Drinks,Delhi,Campus,2018,False,True,102.0,9,Sep,Sunday,True,Lunch,True
ORD-01780,2025-06-21,15,S06,C0309,Samosa,1,25.0,5,Card,8.2,5.0,Snacks,Pune,Campus,2021,False,True,23.75,6,Jun,Saturday,True,Lunch,False
ORD-02260,2025-06-06,12,S05,C0842,Ginger Tea,4,35.0,15,UPI,36.0,4.0,Tea,Pune,Mall,2022,False,True,119.0,6,Jun,Friday,False,Lunch,True
ORD-01568,2025-01-06,19,S05,C0027,Masala Chai,2,30.0,0,UPI,25.5,5.0,Tea,Pune,Mall,2022,False,True,60.0,1,Jan,Monday,False,Evening,False
ORD-00560,2025-06-29,18,S02,C0698,Mango Shake,4,100.0,0,Card,16.1,5.0,Cold Drinks,Lucknow,Mall,2021,False,True,400.0,6,Jun,Sunday,True,Evening,False
ORD-01113,2025-08-15,13,S06,C0771,Bun Maska,2,40.0,0,UPI,32.4,4.0,Snacks,Pune,Campus,2021,False,True,80.0,8,Aug,Friday,False,Lunch,True
ORD-02351,2025-01-21,9,S08,C0888,Maggi,1,70.0,0,Card,21.2,5.0,Snacks,Indore,Street,2022,False,True,70.0,1,Jan,Tuesday,False,Morning,False
ORD-01020,2025-06-14,18,S05,C0388,Samosa,4,25.0,0,UPI,21.8,4.0,Snacks,Pune,Mall,2022,False,True,100.0,6,Jun,Saturday,True,Evening,False
ORD-00416,2025-03-29,17,S01,C0687,Cutting Chai,2,20.0,20,Card,15.5,5.0,Tea,Lucknow,Campus,2019,False,True,32.0,3,Mar,Saturday,True,Evening,False
ORD-00408,2025-11-02,10,S02,C0716,Cutting Chai,1,20.0,0,Wallet,24.4,5.0,Tea,Lucknow,Mall,2021,False,True,20.0,11,Nov,Sunday,True,Morning,False
ORD-00226,2025-12-04,19,S01,GUEST,Bun Maska,1,40.0,0,UPI,20.9,,Snacks,Lucknow,Campus,2019,False,False,40.0,12,Dec,Thursday,False,Evening,False
ORD-01683,2025-10-01,19,S04,C0718,Bun Maska,1,40.0,0,UPI,24.7,,Snacks,Delhi,Street,2020,False,False,40.0,10,Oct,Wednesday,False,Evening,False
ORD-00870,2025-03-16,21,S05,C0456,Espresso,3,80.0,0,UPI,30.2,4.0,Coffee,Pune,Mall,2022,False,True,240.0,3,Mar,Sunday,True,Night,True
ORD-00296,2025-11-26,13,S07,C0395,Brownie,1,110.0,10,Card,27.8,5.0,Dessert,Jaipur,Street,2023,False,True,99.0,11,Nov,Wednesday,False,Lunch,False
ORD-01042,2025-09-01,16,S02,C0817,Bun Maska,1,40.0,5,UPI,31.0,5.0,Snacks,Lucknow,Mall,2021,False,True,38.0,9,Sep,Monday,False,Evening,True
ORD-00748,2025-06-07,20,S04,C0017,Maggi,2,70.0,0,Cash,24.7,4.0,Snacks,Delhi,Street,2020,True,True,140.0,6,Jun,Saturday,True,Night,False
ORD-01002,2025-06-17,18,S08,C0831,Cold Coffee,1,120.0,10,UPI,29.1,5.0,Cold Drinks,Indore,Street,2022,False,True,108.0,6,Jun,Tuesday,False,Evening,False
ORD-00980,2025-03-10,10,S06,C0083,Samosa,3,25.0,15,UPI,17.7,5.0,Snacks,Pune,Campus,2021,False,True,63.75,3,Mar,Monday,False,Morning,False
ORD-00769,2025-02-10,18,S07,C0680,Cold Coffee,1,120.0,10,Wallet,24.7,5.0,Cold Drinks,Jaipur,Street,2023,True,True,108.0,2,Feb,Monday,False,Evening,False
ORD-02116,2025-12-05,16,S08,C0354,Maggi,3,70.0,0,Wallet,23.3,5.0,Snacks,Indore,Street,2022,False,True,210.0,12,Dec,Friday,False,Evening,False
ORD-02645,2025-04-17,17,S03,C0100,Mango Shake,1,100.0,0,UPI,15.4,5.0,Cold Drinks,Delhi,Campus,2018,False,True,100.0,4,Apr,Thursday,False,Evening,False
ORD-02710,2025-08-23,18,S03,C0086,Samosa,2,25.0,10,Card,18.8,5.0,Snacks,Delhi,Campus,2018,False,True,45.0,8,Aug,Saturday,True,Evening,False
ORD-00971,2025-04-03,18,S06,C0060,Brownie,1,110.0,0,UPI,17.6,,Dessert,Pune,Campus,2021,False,False,110.0,4,Apr,Thursday,False,Evening,False
ORD-02823,2025-01-20,19,S05,C0726,Samosa,1,25.0,0,UPI,28.5,,Snacks,Pune,Mall,2022,False,False,25.0,1,Jan,Monday,False,Evening,False
ORD-00030,2025-09-07,9,S02,C0055,Filter Coffee,2,60.0,5,Card,32.9,4.0,Coffee,Lucknow,Mall,2021,False,True,114.0,9,Sep,Sunday,True,Morning,True
ORD-01963,2025-07-28,21,S06,C0518,Espresso,4,80.0,15,UPI,26.7,5.0,Coffee,Pune,Campus,2021,False,True,272.0,7,Jul,Monday,False,Night,False
ORD-00842,2025-10-18,12,S08,C0123,Samosa,2,25.0,5,Wallet,26.8,,Snacks,Indore,Street,2022,False,False,47.5,10,Oct,Saturday,True,Lunch,False
ORD-02350,2025-01-09,21,S01,C0716,Cutting Chai,1,20.0,15,UPI,19.8,5.0,Tea,Lucknow,Campus,2019,False,True,17.0,1,Jan,Thursday,False,Night,False
ORD-02158,2025-04-12,20,S02,C0704,Mango Shake,3,100.0,15,UPI,29.2,5.0,Cold Drinks,Lucknow,Mall,2021,False,True,255.0,4,Apr,Saturday,True,Night,False
ORD-00616,2025-09-25,14,S01,C0297,Samosa,2,25.0,10,UPI,24.9,,Snacks,Lucknow,Campus,2019,False,False,45.0,9,Sep,Thursday,False,Lunch,False
ORD-02262,2025-12-27,20,S01,C0450,Espresso,1,80.0,10,Card,23.6,,Coffee,Lucknow,Campus,2019,False,False,72.0,12,Dec,Saturday,True,Night,False
ORD-02816,2025-07-23,18,S03,C0239,Bun Maska,2,40.0,5,UPI,19.1,5.0,Snacks,Delhi,Campus,2018,False,True,76.0,7,Jul,Wednesday,False,Evening,False
ORD-01370,2025-05-06,22,S08,C0814,Cold Coffee,1,120.0,10,Cash,18.9,5.0,Cold Drinks,Indore,Street,2022,False,True,108.0,5,May,Tuesday,False,Night,False
ORD-01336,2025-11-09,21,S08,C0821,Masala Chai,1,30.0,0,UPI,16.4,5.0,Tea,Indore,Street,2022,False,True,30.0,11,Nov,Sunday,True,Night,False
ORD-01033,2025-07-05,18,S02,C0631,Samosa,1,25.0,0,Cash,27.7,,Snacks,Lucknow,Mall,2021,False,False,25.0,7,Jul,Saturday,True,Evening,False
ORD-02694,2025-12-27,12,S01,C0576,Veg Sandwich,2,90.0,0,UPI,23.3,5.0,Snacks,Lucknow,Campus,2019,False,True,180.0,12,Dec,Saturday,True,Lunch,False
ORD-00831,2025-08-11,19,S04,C0789,Espresso,2,80.0,0,UPI,37.1,5.0,Coffee,Delhi,Street,2020,False,True,160.0,8,Aug,Monday,False,Evening,True
ORD-01281,2025-05-11,18,S06,C0637,Masala Chai,4,30.0,0,Cash,12.0,5.0,Tea,Pune,Campus,2021,False,True,120.0,5,May,Sunday,True,Evening,False
ORD-00872,2025-01-09,19,S05,C0869,Cutting Chai,4,20.0,0,Wallet,32.6,5.0,Tea,Pune,Mall,2022,False,True,80.0,1,Jan,Thursday,False,Evening,True
ORD-01753,2025-11-21,18,S08,C0875,Cutting Chai,1,20.0,15,UPI,16.4,5.0,Tea,Indore,Street,2022,False,True,17.0,11,Nov,Friday,False,Evening,False
ORD-01170,2025-02-03,10,S01,C0372,Ginger Tea,3,35.0,0,UPI,10.9,5.0,Tea,Lucknow,Campus,2019,False,True,105.0,2,Feb,Monday,False,Morning,False
ORD-00954,2025-03-01,15,S05,C0600,Bun Maska,1,40.0,5,UPI,21.1,5.0,Snacks,Pune,Mall,2022,False,True,38.0,3,Mar,Saturday,True,Lunch,False
ORD-00727,2025-03-31,12,S01,C0840,Brownie,3,110.0,15,Cash,19.9,5.0,Dessert,Lucknow,Campus,2019,False,True,280.5,3,Mar,Monday,False,Lunch,False
ORD-01579,2025-12-29,12,S01,C0676,Ginger Tea,1,35.0,15,UPI,28.8,5.0,Tea,Lucknow,Campus,2019,False,True,29.75,12,Dec,Monday,False,Lunch,False
ORD-01807,2025-01-27,13,S07,C0871,Ginger Tea,2,35.0,0,Wallet,23.9,4.0,Tea,Jaipur,Street,2023,False,True,70.0,1,Jan,Monday,False,Lunch,False
ORD-00372,2025-04-09,9,S01,C0015,Masala Chai,1,30.0,0,UPI,19.9,5.0,Tea,Lucknow,Campus,2019,False,True,30.0,4,Apr,Wednesday,False,Morning,False
ORD-01331,2025-10-11,13,S02,C0054,Masala Chai,1,30.0,0,Card,23.9,5.0,Tea,Lucknow,Mall,2021,False,True,30.0,10,Oct,Saturday,True,Lunch,False
ORD-01566,2025-06-18,14,S08,C0825,Samosa,2,25.0,10,UPI,26.6,5.0,Snacks,Indore,Street,2022,False,True,45.0,6,Jun,Wednesday,False,Lunch,False
ORD-01075,2025-11-08,11,S07,C0747,Masala Chai,2,30.0,0,Card,20.5,5.0,Tea,Jaipur,Street,2023,False,True,60.0,11,Nov,Saturday,True,Morning,False
ORD-02512,2025-06-03,22,S04,C0135,Mango Shake,1,100.0,20,Card,25.7,5.0,Cold Drinks,Delhi,Street,2020,False,True,80.0,6,Jun,Tuesday,False,Night,False
ORD-02054,2025-11-04,14,S06,C0105,Masala Chai,1,30.0,15,Cash,14.8,5.0,Tea,Pune,Campus,2021,False,True,25.5,11,Nov,Tuesday,False,Lunch,False
ORD-02468,2025-08-05,13,S04,GUEST,Masala Chai,1,30.0,0,Cash,24.7,4.0,Tea,Delhi,Street,2020,True,True,30.0,8,Aug,Tuesday,False,Lunch,False
ORD-02713,2025-04-02,9,S07,C0480,Cheesecake,2,150.0,15,Card,23.2,5.0,Dessert,Jaipur,Street,2023,False,True,255.0,4,Apr,Wednesday,False,Morning,False
ORD-02824,2025-12-15,18,S06,C0212,Masala Chai,2,30.0,15,UPI,11.7,5.0,Tea,Pune,Campus,2021,False,True,51.0,12,Dec,Monday,False,Evening,False
ORD-02856,2025-12-09,13,S02,C0094,Bun Maska,1,40.0,10,UPI,24.7,5.0,Snacks,Lucknow,Mall,2021,False,True,36.0,12,Dec,Tuesday,False,Lunch,False
ORD-00402,2025-12-01,18,S02,C0327,Bun Maska,1,40.0,10,Card,28.3,5.0,Snacks,Lucknow,Mall,2021,False,True,36.0,12,Dec,Monday,False,Evening,False
ORD-01028,2025-05-14,11,S02,C0208,Samosa,4,25.0,5,UPI,32.4,4.0,Snacks,Lucknow,Mall,2021,False,True,95.0,5,May,Wednesday,False,Morning,True
ORD-00827,2025-08-06,20,S01,C0582,Cutting Chai,2,20.0,15,UPI,26.6,5.0,Tea,Lucknow,Campus,2019,False,True,34.0,8,Aug,Wednesday,False,Night,False
ORD-02879,2025-07-13,9,S02,C0498,Bun Maska,1,40.0,0,Card,32.4,4.0,Snacks,Lucknow,Mall,2021,False,True,40.0,7,Jul,Sunday,True,Morning,True
ORD-01872,2025-06-10,10,S01,C0056,Filter Coffee,2,60.0,5,Card,14.1,5.0,Coffee,Lucknow,Campus,2019,False,True,114.0,6,Jun,Tuesday,False,Morning,False
ORD-00159,2025-09-23,12,S01,C0651,Maggi,2,70.0,0,Wallet,22.5,5.0,Snacks,Lucknow,Campus,2019,False,True,140.0,9,Sep,Tuesday,False,Lunch,False
ORD-00942,2025-11-05,12,S04,C0295,Masala Chai,2,30.0,5,UPI,22.2,5.0,Tea,Delhi,Street,2020,False,True,57.0,11,Nov,Wednesday,False,Lunch,False
ORD-00804,2025-08-05,18,S03,C0062,Cutting Chai,4,20.0,0,UPI,25.6,,Tea,Delhi,Campus,2018,False,False,80.0,8,Aug,Tuesday,False,Evening,False
ORD-00197,2025-08-07,17,S07,C0541,Cold Coffee,3,120.0,0,UPI,26.6,5.0,Cold Drinks,Jaipur,Street,2023,False,True,360.0,8,Aug,Thursday,False,Evening,False
ORD-00761,2025-09-17,20,S01,C0571,Cheesecake,2,150.0,15,UPI,22.1,4.0,Dessert,Lucknow,Campus,2019,False,True,255.0,9,Sep,Wednesday,False,Night,False
ORD-02846,2025-08-03,15,S05,C0334,Maggi,1,70.0,0,Card,25.1,5.0,Snacks,Pune,Mall,2022,False,True,70.0,8,Aug,Sunday,True,Lunch,False
ORD-00765,2025-12-02,14,S03,C0733,Masala Chai,1,30.0,5,Cash,17.5,5.0,Tea,Delhi,Campus,2018,False,True,28.5,12,Dec,Tuesday,False,Lunch,False
ORD-01171,2025-05-24,16,S04,C0341,Brownie,3,110.0,20,Wallet,23.4,5.0,Dessert,Delhi,Street,2020,False,True,264.0,5,May,Saturday,True,Evening,False
ORD-02967,2025-04-27,18,S04,C0792,Bun Maska,3,40.0,10,UPI,25.0,5.0,Snacks,Delhi,Street,2020,False,True,108.0,4,Apr,Sunday,True,Evening,False
ORD-02794,2025-12-27,11,S06,C0472,Masala Chai,3,30.0,15,UPI,21.6,4.0,Tea,Pune,Campus,2021,True,True,76.5,12,Dec,Saturday,True,Morning,False
ORD-02796,2025-07-31,18,S05,C0754,Samosa,2,25.0,10,Card,32.9,5.0,Snacks,Pune,Mall,2022,False,True,45.0,7,Jul,Thursday,False,Evening,True
ORD-00888,2025-02-17,19,S03,C0578,Veg Sandwich,1,90.0,0,Card,23.3,5.0,Snacks,Delhi,Campus,2018,False,True,90.0,2,Feb,Monday,False,Evening,False
ORD-02398,2025-03-11,18,S06,C0226,Ginger Tea,3,35.0,0,Unknown,19.0,,Tea,Pune,Campus,2021,False,False,105.0,3,Mar,Tuesday,False,Evening,False
ORD-00169,2025-04-26,11,S03,C0671,Masala Chai,1,30.0,0,Cash,21.3,5.0,Tea,Delhi,Campus,2018,False,True,30.0,4,Apr,Saturday,True,Morning,False
ORD-00756,2025-03-25,14,S01,C0240,Ginger Tea,1,35.0,10,Cash,17.6,5.0,Tea,Lucknow,Campus,2019,False,True,31.5,3,Mar,Tuesday,False,Lunch,False
ORD-01151,2025-02-22,15,S05,C0501,Cutting Chai,1,20.0,10,Cash,20.3,5.0,Tea,Pune,Mall,2022,False,True,18.0,2,Feb,Saturday,True,Lunch,False
ORD-00294,2025-02-06,9,S08,C0833,Ginger Tea,2,35.0,10,UPI,22.5,4.0,Tea,Indore,Street,2022,False,True,63.0,2,Feb,Thursday,False,Morning,False
ORD-02060,2025-01-19,9,S08,C0725,Masala Chai,1,30.0,0,Cash,22.0,4.0,Tea,Indore,Street,2022,False,True,30.0,1,Jan,Sunday,True,Morning,False
ORD-00161,2025-02-09,13,S06,C0800,Brownie,1,110.0,0,UPI,23.7,4.0,Dessert,Pune,Campus,2021,False,True,110.0,2,Feb,Sunday,True,Lunch,False
ORD-02345,2025-09-21,18,S07,C0601,Ginger Tea,1,35.0,0,UPI,27.6,5.0,Tea,Jaipur,Street,2023,False,True,35.0,9,Sep,Sunday,True,Evening,False
ORD-02657,2025-05-24,13,S02,C0357,Maggi,3,70.0,20,Card,32.3,5.0,Snacks,Lucknow,Mall,2021,False,True,168.0,5,May,Saturday,True,Lunch,True
ORD-02363,2025-06-24,20,S04,C0197,Cutting Chai,4,20.0,20,Cash,25.5,5.0,Tea,Delhi,Street,2020,False,True,64.0,6,Jun,Tuesday,False,Night,False
ORD-02880,2025-01-01,17,S04,C0863,Cutting Chai,1,20.0,10,Wallet,24.7,,Tea,Delhi,Street,2020,False,False,18.0,1,Jan,Wednesday,False,Evening,False
ORD-01697,2025-03-10,15,S03,C0590,Filter Coffee,1,60.0,0,UPI,16.4,5.0,Coffee,Delhi,Campus,2018,False,True,60.0,3,Mar,Monday,False,Lunch,False
ORD-00238,2025-10-14,18,S06,C0864,Ginger Tea,2,35.0,0,UPI,21.2,5.0,Tea,Pune,Campus,2021,False,True,70.0,10,Oct,Tuesday,False,Evening,False
ORD-00363,2025-02-12,17,S04,C0459,Espresso,2,80.0,0,Card,26.5,5.0,Coffee,Delhi,Street,2020,False,True,160.0,2,Feb,Wednesday,False,Evening,False
ORD-00923,2025-08-14,17,S04,C0315,Ginger Tea,1,35.0,0,Cash,30.8,5.0,Tea,Delhi,Street,2020,False,True,35.0,8,Aug,Thursday,False,Evening,True
ORD-00549,2025-10-03,16,S06,C0769,Masala Chai,2,30.0,0,UPI,14.2,5.0,Tea,Pune,Campus,2021,False,True,60.0,10,Oct,Friday,False,Evening,False
ORD-01354,2025-04-21,18,S05,C0214,Masala Chai,3,30.0,10,Cash,21.2,5.0,Tea,Pune,Mall,2022,False,True,81.0,4,Apr,Monday,False,Evening,False
ORD-01408,2025-02-04,18,S05,C0738,Cutting Chai,1,20.0,10,Card,27.0,4.0,Tea,Pune,Mall,2022,False,True,18.0,2,Feb,Tuesday,False,Evening,False
ORD-02421,2025-02-15,18,S03,C0683,Ginger Tea,2,35.0,20,UPI,19.0,5.0,Tea,Delhi,Campus,2018,False,True,56.0,2,Feb,Saturday,True,Evening,False
ORD-00565,2025-08-25,18,S04,C0015,Brownie,2,110.0,0,Card,27.4,5.0,Dessert,Delhi,Street,2020,False,True,220.0,8,Aug,Monday,False,Evening,False
ORD-01828,2025-06-25,16,S01,C0337,Cold Coffee,1,120.0,10,UPI,24.6,5.0,Cold Drinks,Lucknow,Campus,2019,False,True,108.0,6,Jun,Wednesday,False,Evening,False
ORD-00845,2025-02-04,12,S05,C0719,Brownie,3,110.0,0,Card,19.9,5.0,Dessert,Pune,Mall,2022,False,True,330.0,2,Feb,Tuesday,False,Lunch,False
ORD-02716,2025-03-24,20,S01,C0088,Cutting Chai,2,20.0,0,UPI,26.3,5.0,Tea,Lucknow,Campus,2019,False,True,40.0,3,Mar,Monday,False,Night,False
ORD-02129,2025-02-02,9,S05,C0694,Maggi,1,70.0,15,UPI,22.3,5.0,Snacks,Pune,Mall,2022,False,True,59.5,2,Feb,Sunday,True,Morning,False
ORD-01744,2025-12-16,19,S08,C0454,Cutting Chai,2,20.0,10,Cash,25.2,4.0,Tea,Indore,Street,2022,False,True,36.0,12,Dec,Tuesday,False,Evening,False
ORD-02683,2025-02-26,20,S06,C0422,Masala Chai,2,30.0,20,UPI,25.8,5.0,Tea,Pune,Campus,2021,False,True,48.0,2,Feb,Wednesday,False,Night,False
ORD-00578,2025-08-03,18,S06,C0115,Cutting Chai,1,20.0,20,Card,22.8,5.0,Tea,Pune,Campus,2021,False,True,16.0,8,Aug,Sunday,True,Evening,False
ORD-02395,2025-08-06,20,S01,C0173,Filter Coffee,2,60.0,10,UPI,27.6,4.0,Coffee,Lucknow,Campus,2019,False,True,108.0,8,Aug,Wednesday,False,Night,False
ORD-02836,2025-08-23,20,S01,C0331,Masala Chai,3,30.0,0,UPI,25.4,,Tea,Lucknow,Campus,2019,False,False,90.0,8,Aug,Saturday,True,Night,False
ORD-01389,2025-11-26,10,S01,C0830,Samosa,2,25.0,5,UPI,16.3,5.0,Snacks,Lucknow,Campus,2019,False,True,47.5,11,Nov,Wednesday,False,Morning,False
ORD-01453,2025-11-12,19,S04,C0769,Cold Coffee,1,120.0,0,UPI,29.2,4.0,Cold Drinks,Delhi,Street,2020,False,True,120.0,11,Nov,Wednesday,False,Evening,False
ORD-02600,2025-12-13,9,S04,C0151,Ginger Tea,1,35.0,10,UPI,24.7,5.0,Tea,Delhi,Street,2020,True,True,31.5,12,Dec,Saturday,True,Morning,False
ORD-01308,2025-09-01,10,S07,C0317,Ginger Tea,1,35.0,0,Wallet,24.7,5.0,Tea,Jaipur,Street,2023,True,True,35.0,9,Sep,Monday,False,Morning,False
ORD-01844,2025-12-10,19,S05,C0898,Ginger Tea,2,35.0,10,Card,25.5,4.0,Tea,Pune,Mall,2022,False,True,63.0,12,Dec,Wednesday,False,Evening,False
ORD-00086,2025-02-02,9,S07,C0687,Cutting Chai,3,20.0,10,UPI,20.7,5.0,Tea,Jaipur,Street,2023,False,True,54.0,2,Feb,Sunday,True,Morning,False
ORD-01189,2025-02-20,12,S02,C0813,Masala Chai,4,30.0,0,UPI,33.0,4.0,Tea,Lucknow,Mall,2021,False,True,120.0,2,Feb,Thursday,False,Lunch,True
ORD-01239,2025-03-06,13,S04,C0741,Cold Coffee,1,120.0,0,UPI,29.5,5.0,Cold Drinks,Delhi,Street,2020,False,True,120.0,3,Mar,Thursday,False,Lunch,False
ORD-02673,2025-05-26,15,S08,C0689,Cold Coffee,1,120.0,5,Card,21.8,5.0,Cold Drinks,Indore,Street,2022,False,True,114.0,5,May,Monday,False,Lunch,False
ORD-02687,2025-03-29,12,S07,C0491,Masala Chai,1,30.0,0,Wallet,30.7,4.0,Tea,Jaipur,Street,2023,False,True,30.0,3,Mar,Saturday,True,Lunch,True
ORD-02864,2025-02-08,19,S05,C0236,Samosa,2,25.0,0,Card,30.6,5.0,Snacks,Pune,Mall,2022,False,True,50.0,2,Feb,Saturday,True,Evening,True
ORD-02926,2025-08-03,13,S04,C0061,Cutting Chai,1,20.0,10,Card,38.0,,Tea,Delhi,Street,2020,False,False,18.0,8,Aug,Sunday,True,Lunch,True
ORD-01521,2025-04-17,20,S01,C0690,Cutting Chai,3,20.0,10,UPI,23.1,5.0,Tea,Lucknow,Campus,2019,False,True,54.0,4,Apr,Thursday,False,Night,False
ORD-00874,2025-05-18,12,S03,C0585,Cutting Chai,2,20.0,10,Cash,24.9,5.0,Tea,Delhi,Campus,2018,False,True,36.0,5,May,Sunday,True,Lunch,False
ORD-01923,2025-06-24,18,S07,C0584,Espresso,3,80.0,5,Cash,22.9,5.0,Coffee,Jaipur,Street,2023,False,True,228.0,6,Jun,Tuesday,False,Evening,False
ORD-01130,2025-12-28,13,S03,C0079,Maggi,1,70.0,0,Cash,25.5,5.0,Snacks,Delhi,Campus,2018,False,True,70.0,12,Dec,Sunday,True,Lunch,False
ORD-00423,2025-01-03,17,S06,C0526,Cold Coffee,2,120.0,5,UPI,23.5,3.0,Cold Drinks,Pune,Campus,2021,False,True,228.0,1,Jan,Friday,False,Evening,False
ORD-01219,2025-09-05,9,S03,C0228,Brownie,2,110.0,10,UPI,21.6,5.0,Dessert,Delhi,Campus,2018,True,True,198.0,9,Sep,Friday,False,Morning,False
ORD-01441,2025-03-28,13,S08,C0608,Masala Chai,1,30.0,10,UPI,25.9,4.0,Tea,Indore,Street,2022,False,True,27.0,3,Mar,Friday,False,Lunch,False
ORD-02706,2025-06-21,14,S04,C0857,Cold Coffee,1,120.0,0,Cash,16.5,5.0,Cold Drinks,Delhi,Street,2020,False,True,120.0,6,Jun,Saturday,True,Lunch,False
ORD-02310,2025-11-24,12,S08,C0334,Cutting Chai,3,20.0,0,UPI,23.7,5.0,Tea,Indore,Street,2022,False,True,60.0,11,Nov,Monday,False,Lunch,False
ORD-02434,2025-04-28,19,S05,C0575,Cold Coffee,3,120.0,15,UPI,29.6,4.0,Cold Drinks,Pune,Mall,2022,False,True,306.0,4,Apr,Monday,False,Evening,False
ORD-02021,2025-08-26,14,S02,C0703,Maggi,2,70.0,10,Cash,34.6,4.0,Snacks,Lucknow,Mall,2021,False,True,126.0,8,Aug,Tuesday,False,Lunch,True
ORD-00745,2025-07-05,19,S01,C0490,Masala Chai,2,30.0,15,UPI,22.1,5.0,Tea,Lucknow,Campus,2019,False,True,51.0,7,Jul,Saturday,True,Evening,False
ORD-01099,2025-11-10,10,S02,C0376,Mango Shake,1,100.0,10,Cash,26.7,5.0,Cold Drinks,Lucknow,Mall,2021,False,True,90.0,11,Nov,Monday,False,Morning,False
ORD-00500,2025-07-06,12,S05,C0282,Veg Sandwich,1,90.0,0,UPI,27.5,4.0,Snacks,Pune,Mall,2022,False,True,90.0,7,Jul,Sunday,True,Lunch,False
ORD-01203,2025-10-30,14,S01,C0072,Masala Chai,1,30.0,5,UPI,17.2,5.0,Tea,Lucknow,Campus,2019,False,True,28.5,10,Oct,Thursday,False,Lunch,False
ORD-00938,2025-02-14,12,S05,C0112,Cold Coffee,2,120.0,0,UPI,26.6,5.0,Cold Drinks,Pune,Mall,2022,False,True,240.0,2,Feb,Friday,False,Lunch,False
ORD-02937,2025-04-28,20,S02,C0705,Filter Coffee,1,60.0,5,Card,31.7,,Coffee,Lucknow,Mall,2021,False,False,57.0,4,Apr,Monday,False,Night,True
ORD-02242,2025-01-23,9,S08,C0226,Cutting Chai,2,20.0,0,UPI,26.9,5.0,Tea,Indore,Street,2022,False,True,40.0,1,Jan,Thursday,False,Morning,False
ORD-00694,2025-04-29,9,S07,C0202,Mango Shake,2,100.0,0,Cash,24.7,3.0,Cold Drinks,Jaipur,Street,2023,True,True,200.0,4,Apr,Tuesday,False,Morning,False
ORD-02787,2025-09-08,17,S05,C0808,Maggi,1,70.0,15,UPI,28.05,4.0,Snacks,Pune,Mall,2022,True,True,59.5,9,Sep,Monday,False,Evening,False
ORD-01659,2025-05-26,15,S01,C0372,Mango Shake,2,100.0,10,UPI,21.6,5.0,Cold Drinks,Lucknow,Campus,2019,True,True,180.0,5,May,Monday,False,Lunch,False
ORD-00087,2025-09-21,12,S04,C0481,Cutting Chai,1,20.0,10,UPI,29.7,5.0,Tea,Delhi,Street,2020,False,True,18.0,9,Sep,Sunday,True,Lunch,False
ORD-00603,2025-11-26,18,S03,C0576,Filter Coffee,1,60.0,15,Cash,19.9,5.0,Coffee,Delhi,Campus,2018,False,True,51.0,11,Nov,Wednesday,False,Evening,False
ORD-02850,2025-05-18,9,S08,C0160,Bun Maska,2,40.0,0,UPI,20.2,,Snacks,Indore,Street,2022,False,False,80.0,5,May,Sunday,True,Morning,False
ORD-00018,2025-01-24,13,S07,C0111,Masala Chai,2,30.0,15,Cash,35.3,4.0,Tea,Jaipur,Street,2023,False,True,51.0,1,Jan,Friday,False,Lunch,True
ORD-00682,2025-03-15,8,S08,C0821,Cutting Chai,1,20.0,0,Cash,23.3,5.0,Tea,Indore,Street,2022,False,True,20.0,3,Mar,Saturday,True,Morning,False
ORD-01714,2025-11-19,11,S02,C0103,Maggi,2,70.0,0,UPI,31.3,4.0,Snacks,Lucknow,Mall,2021,False,True,140.0,11,Nov,Wednesday,False,Morning,True
ORD-01311,2025-05-24,8,S03,C0575,Mango Shake,2,100.0,5,Card,23.1,5.0,Cold Drinks,Delhi,Campus,2018,False,True,190.0,5,May,Saturday,True,Morning,False
ORD-01400,2025-05-25,19,S06,C0431,Bun Maska,2,40.0,0,UPI,21.6,5.0,Snacks,Pune,Campus,2021,True,True,80.0,5,May,Sunday,True,Evening,False
ORD-02943,2025-10-25,12,S01,C0271,Masala Chai,1,30.0,10,UPI,25.3,5.0,Tea,Lucknow,Campus,2019,False,True,27.0,10,Oct,Saturday,True,Lunch,False
ORD-01641,2025-10-03,18,S01,C0789,Cutting Chai,1,20.0,0,Cash,21.6,5.0,Tea,Lucknow,Campus,2019,True,True,20.0,10,Oct,Friday,False,Evening,False
ORD-01058,2025-03-15,13,S01,C0519,Brownie,2,110.0,5,Cash,27.4,4.0,Dessert,Lucknow,Campus,2019,False,True,209.0,3,Mar,Saturday,True,Lunch,False
ORD-01853,2025-07-02,17,S05,C0342,Veg Sandwich,1,90.0,0,UPI,26.4,5.0,Snacks,Pune,Mall,2022,False,True,90.0,7,Jul,Wednesday,False,Evening,False
ORD-00138,2025-06-26,17,S02,C0620,Masala Chai,1,30.0,10,Cash,21.9,5.0,Tea,Lucknow,Mall,2021,False,True,27.0,6,Jun,Thursday,False,Evening,False
ORD-00474,2025-02-18,9,S05,C0812,Ginger Tea,3,35.0,0,UPI,29.1,4.0,Tea,Pune,Mall,2022,False,True,105.0,2,Feb,Tuesday,False,Morning,False
ORD-02372,2025-04-30,14,S04,C0826,Cheesecake,1,150.0,0,UPI,21.4,5.0,Dessert,Delhi,Street,2020,False,True,150.0,4,Apr,Wednesday,False,Lunch,False
ORD-02145,2025-04-23,10,S05,C0507,Cold Coffee,2,120.0,5,Cash,31.0,5.0,Cold Drinks,Pune,Mall,2022,False,True,228.0,4,Apr,Wednesday,False,Morning,True
ORD-02099,2025-02-15,11,S04,C0458,Bun Maska,1,40.0,20,Card,16.4,5.0,Snacks,Delhi,Street,2020,False,True,32.0,2,Feb,Saturday,True,Morning,False
ORD-02602,2025-09-01,10,S01,C0782,Masala Chai,4,30.0,15,Card,17.9,5.0,Tea,Lucknow,Campus,2019,False,True,102.0,9,Sep,Monday,False,Morning,False
ORD-01510,2025-09-29,19,S05,C0347,Ginger Tea,2,35.0,15,Cash,34.3,4.0,Tea,Pune,Mall,2022,False,True,59.5,9,Sep,Monday,False,Evening,True
ORD-01277,2025-03-12,18,S03,C0409,Filter Coffee,1,60.0,5,UPI,16.6,5.0,Coffee,Delhi,Campus,2018,False,True,57.0,3,Mar,Wednesday,False,Evening,False
ORD-00411,2025-08-31,13,S01,C0096,Samosa,4,25.0,10,Wallet,28.4,4.0,Snacks,Lucknow,Campus,2019,False,True,90.0,8,Aug,Sunday,True,Lunch,False
ORD-01814,2025-03-28,18,S02,C0859,Brownie,2,110.0,10,Card,22.3,5.0,Dessert,Lucknow,Mall,2021,False,True,198.0,3,Mar,Friday,False,Evening,False
ORD-01877,2025-04-09,12,S05,C0189,Filter Coffee,2,60.0,0,UPI,29.7,5.0,Coffee,Pune,Mall,2022,False,True,120.0,4,Apr,Wednesday,False,Lunch,False
ORD-00212,2025-08-01,13,S06,C0661,Samosa,1,25.0,0,UPI,28.5,4.0,Snacks,Pune,Campus,2021,False,True,25.0,8,Aug,Friday,False,Lunch,False
ORD-01857,2025-03-23,17,S02,C0573,Espresso,3,80.0,15,UPI,31.2,5.0,Coffee,Lucknow,Mall,2021,False,True,204.0,3,Mar,Sunday,True,Evening,True
ORD-00934,2025-10-05,12,S06,C0823,Masala Chai,4,30.0,10,UPI,21.6,5.0,Tea,Pune,Campus,2021,False,True,108.0,10,Oct,Sunday,True,Lunch,False
ORD-00643,2025-01-18,20,S02,C0578,Bun Maska,1,40.0,0,Card,28.2,5.0,Snacks,Lucknow,Mall,2021,False,True,40.0,1,Jan,Saturday,True,Night,False
ORD-02791,2025-11-02,18,S08,C0794,Bun Maska,3,40.0,10,Cash,22.5,4.0,Snacks,Indore,Street,2022,False,True,108.0,11,Nov,Sunday,True,Evening,False
ORD-01450,2025-03-15,12,S04,C0011,Masala Chai,1,30.0,0,Card,29.8,5.0,Tea,Delhi,Street,2020,False,True,30.0,3,Mar,Saturday,True,Lunch,False
ORD-00742,2025-02-10,13,S03,C0708,Masala Chai,2,30.0,0,Card,19.0,4.0,Tea,Delhi,Campus,2018,False,True,60.0,2,Feb,Monday,False,Lunch,False
ORD-00037,2025-02-17,20,S08,C0559,Espresso,3,80.0,5,Card,30.0,4.0,Coffee,Indore,Street,2022,False,True,228.0,2,Feb,Monday,False,Night,False
ORD-00715,2025-10-15,8,S05,C0642,Veg Sandwich,2,90.0,0,Cash,30.1,,Snacks,Pune,Mall,2022,False,False,180.0,10,Oct,Wednesday,False,Morning,True
ORD-02546,2025-05-17,18,S04,C0851,Espresso,1,80.0,5,Card,24.5,4.0,Coffee,Delhi,Street,2020,False,True,76.0,5,May,Saturday,True,Evening,False
ORD-02155,2025-08-09,12,S05,C0737,Masala Chai,4,30.0,5,Cash,28.05,3.0,Tea,Pune,Mall,2022,True,True,114.0,8,Aug,Saturday,True,Lunch,False
ORD-00995,2025-12-04,13,S07,C0768,Cutting Chai,2,20.0,15,Wallet,25.6,5.0,Tea,Jaipur,Street,2023,False,True,34.0,12,Dec,Thursday,False,Lunch,False
ORD-01742,2025-03-26,19,S04,C0260,Cutting Chai,2,20.0,5,UPI,29.9,4.0,Tea,Delhi,Street,2020,False,True,38.0,3,Mar,Wednesday,False,Evening,False
ORD-02628,2025-05-05,22,S08,C0375,Bun Maska,3,40.0,5,UPI,27.1,,Snacks,Indore,Street,2022,False,False,114.0,5,May,Monday,False,Night,False
ORD-01152,2025-11-17,20,S06,C0417,Filter Coffee,1,60.0,10,Cash,20.6,5.0,Coffee,Pune,Campus,2021,False,True,54.0,11,Nov,Monday,False,Night,False
ORD-02553,2025-08-23,17,S07,C0294,Ginger Tea,1,35.0,5,UPI,27.6,5.0,Tea,Jaipur,Street,2023,False,True,33.25,8,Aug,Saturday,True,Evening,False
ORD-02006,2025-11-20,10,S06,C0706,Ginger Tea,2,35.0,15,Wallet,18.7,,Tea,Pune,Campus,2021,False,False,59.5,11,Nov,Thursday,False,Morning,False
ORD-00860,2025-07-08,16,S01,C0553,Masala Chai,4,30.0,5,Wallet,29.9,4.0,Tea,Lucknow,Campus,2019,False,True,114.0,7,Jul,Tuesday,False,Evening,False
ORD-01676,2025-12-09,17,S04,C0352,Masala Chai,1,30.0,20,UPI,15.9,5.0,Tea,Delhi,Street,2020,False,True,24.0,12,Dec,Tuesday,False,Evening,False
ORD-01680,2025-07-12,14,S08,C0174,Maggi,1,70.0,0,Card,19.1,5.0,Snacks,Indore,Street,2022,False,True,70.0,7,Jul,Saturday,True,Lunch,False
ORD-01758,2025-12-21,15,S01,C0580,Cheesecake,2,150.0,5,Cash,20.0,5.0,Dessert,Lucknow,Campus,2019,False,True,285.0,12,Dec,Sunday,True,Lunch,False
ORD-01954,2025-12-21,19,S01,C0663,Brownie,4,110.0,15,Cash,18.8,5.0,Dessert,Lucknow,Campus,2019,False,True,374.0,12,Dec,Sunday,True,Evening,False
ORD-00634,2025-05-17,13,S05,C0426,Cold Coffee,3,120.0,5,Card,28.1,5.0,Cold Drinks,Pune,Mall,2022,False,True,342.0,5,May,Saturday,True,Lunch,False
ORD-02174,2025-02-25,21,S04,C0526,Masala Chai,1,30.0,5,UPI,20.4,5.0,Tea,Delhi,Street,2020,False,True,28.5,2,Feb,Tuesday,False,Night,False
ORD-01438,2025-07-08,20,S03,C0661,Cutting Chai,3,20.0,0,UPI,34.1,5.0,Tea,Delhi,Campus,2018,False,True,60.0,7,Jul,Tuesday,False,Night,True
ORD-00072,2025-05-30,13,S01,C0611,Brownie,3,110.0,0,UPI,26.8,5.0,Dessert,Lucknow,Campus,2019,False,True,330.0,5,May,Friday,False,Lunch,False
ORD-02462,2025-09-06,14,S06,C0632,Masala Chai,1,30.0,10,Wallet,22.8,5.0,Tea,Pune,Campus,2021,False,True,27.0,9,Sep,Saturday,True,Lunch,False
ORD-02178,2025-10-28,18,S05,C0439,Masala Chai,3,30.0,15,UPI,20.5,,Tea,Pune,Mall,2022,False,False,76.5,10,Oct,Tuesday,False,Evening,False
ORD-01269,2025-07-01,19,S08,C0829,Bun Maska,3,40.0,5,UPI,34.7,5.0,Snacks,Indore,Street,2022,False,True,114.0,7,Jul,Tuesday,False,Evening,True
ORD-02338,2025-05-16,15,S01,C0853,Samosa,1,25.0,15,UPI,14.7,5.0,Snacks,Lucknow,Campus,2019,False,True,21.25,5,May,Friday,False,Lunch,False
ORD-00071,2025-03-20,12,S08,C0839,Masala Chai,1,30.0,10,Cash,35.6,3.0,Tea,Indore,Street,2022,False,True,27.0,3,Mar,Thursday,False,Lunch,True
ORD-01107,2025-02-12,13,S05,C0402,Samosa,2,25.0,15,UPI,33.2,5.0,Snacks,Pune,Mall,2022,False,True,42.5,2,Feb,Wednesday,False,Lunch,True
ORD-00511,2025-01-27,17,S07,C0681,Brownie,1,110.0,0,Wallet,23.8,5.0,Dessert,Jaipur,Street,2023,False,True,110.0,1,Jan,Monday,False,Evening,False
ORD-02738,2025-07-13,19,S03,C0032,Samosa,2,25.0,5,UPI,29.0,4.0,Snacks,Delhi,Campus,2018,False,True,47.5,7,Jul,Sunday,True,Evening,False
ORD-00081,2025-08-31,15,S02,C0492,Cutting Chai,3,20.0,15,UPI,19.8,5.0,Tea,Lucknow,Mall,2021,False,True,51.0,8,Aug,Sunday,True,Lunch,False
ORD-01789,2025-11-09,8,S04,C0375,Masala Chai,2,30.0,0,Card,22.8,4.0,Tea,Delhi,Street,2020,False,True,60.0,11,Nov,Sunday,True,Morning,False
ORD-00720,2025-12-15,8,S04,C0370,Ginger Tea,2,35.0,0,UPI,27.0,5.0,Tea,Delhi,Street,2020,False,True,70.0,12,Dec,Monday,False,Morning,False
ORD-02185,2025-07-12,9,S03,C0836,Masala Chai,1,30.0,20,Card,25.0,5.0,Tea,Delhi,Campus,2018,False,True,24.0,7,Jul,Saturday,True,Morning,False
ORD-01704,2025-08-22,18,S05,C0273,Filter Coffee,2,60.0,5,Card,28.8,5.0,Coffee,Pune,Mall,2022,False,True,114.0,8,Aug,Friday,False,Evening,False
ORD-02536,2025-08-02,12,S02,C0512,Bun Maska,2,40.0,10,Cash,37.9,5.0,Snacks,Lucknow,Mall,2021,False,True,72.0,8,Aug,Saturday,True,Lunch,True
ORD-01866,2025-11-10,12,S04,C0033,Masala Chai,1,30.0,0,UPI,22.2,5.0,Tea,Delhi,Street,2020,False,True,30.0,11,Nov,Monday,False,Lunch,False
ORD-00941,2025-04-07,20,S06,C0459,Masala Chai,1,30.0,10,Card,28.3,5.0,Tea,Pune,Campus,2021,False,True,27.0,4,Apr,Monday,False,Night,False
ORD-02798,2025-05-10,13,S05,C0461,Maggi,1,70.0,0,Card,22.8,5.0,Snacks,Pune,Mall,2022,False,True,70.0,5,May,Saturday,True,Lunch,False
ORD-00655,2025-11-08,20,S04,C0148,Cutting Chai,1,20.0,0,UPI,21.8,5.0,Tea,Delhi,Street,2020,False,True,20.0,11,Nov,Saturday,True,Night,False
ORD-00337,2025-02-04,14,S04,C0165,Filter Coffee,2,60.0,0,UPI,13.9,5.0,Coffee,Delhi,Street,2020,False,True,120.0,2,Feb,Tuesday,False,Lunch,False
ORD-02591,2025-10-08,14,S04,C0057,Filter Coffee,2,60.0,20,Unknown,20.3,5.0,Coffee,Delhi,Street,2020,False,True,96.0,10,Oct,Wednesday,False,Lunch,False
ORD-01353,2025-04-14,17,S08,C0362,Samosa,1,25.0,10,UPI,21.4,5.0,Snacks,Indore,Street,2022,False,True,22.5,4,Apr,Monday,False,Evening,False
ORD-00633,2025-01-14,12,S08,C0592,Espresso,3,80.0,20,Cash,24.5,4.0,Coffee,Indore,Street,2022,False,True,192.0,1,Jan,Tuesday,False,Lunch,False
ORD-00678,2025-07-01,18,S08,C0109,Mango Shake,1,100.0,10,UPI,30.1,5.0,Cold Drinks,Indore,Street,2022,False,True,90.0,7,Jul,Tuesday,False,Evening,True
ORD-00501,2025-09-27,18,S08,C0284,Filter Coffee,2,60.0,10,UPI,24.7,4.0,Coffee,Indore,Street,2022,True,True,108.0,9,Sep,Saturday,True,Evening,False
ORD-02908,2025-01-22,19,S07,C0322,Cold Coffee,2,120.0,0,Cash,21.3,5.0,Cold Drinks,Jaipur,Street,2023,False,True,240.0,1,Jan,Wednesday,False,Evening,False
ORD-02814,2025-01-15,22,S08,C0248,Samosa,1,25.0,0,UPI,24.7,5.0,Snacks,Indore,Street,2022,True,True,25.0,1,Jan,Wednesday,False,Night,False
ORD-02777,2025-08-25,8,S04,GUEST,Samosa,2,25.0,10,UPI,22.6,5.0,Snacks,Delhi,Street,2020,False,True,45.0,8,Aug,Monday,False,Morning,False
ORD-02717,2025-07-03,13,S02,C0347,Veg Sandwich,1,90.0,5,UPI,33.6,4.0,Snacks,Lucknow,Mall,2021,False,True,85.5,7,Jul,Thursday,False,Lunch,True
ORD-02604,2025-10-03,22,S08,C0113,Maggi,4,70.0,20,UPI,16.2,5.0,Snacks,Indore,Street,2022,False,True,224.0,10,Oct,Friday,False,Night,False
ORD-01965,2025-09-27,16,S02,C0746,Cutting Chai,1,20.0,15,UPI,28.8,,Tea,Lucknow,Mall,2021,False,False,17.0,9,Sep,Saturday,True,Evening,False
ORD-02272,2025-08-12,13,S01,C0405,Maggi,3,70.0,15,Cash,34.2,5.0,Snacks,Lucknow,Campus,2019,False,True,178.5,8,Aug,Tuesday,False,Lunch,True
ORD-00333,2025-09-11,13,S04,C0757,Masala Chai,1,30.0,10,Wallet,34.8,5.0,Tea,Delhi,Street,2020,False,True,27.0,9,Sep,Thursday,False,Lunch,True
ORD-02744,2025-10-06,13,S06,C0147,Maggi,3,70.0,5,UPI,21.4,5.0,Snacks,Pune,Campus,2021,False,True,199.5,10,Oct,Monday,False,Lunch,False
ORD-01716,2025-10-09,13,S01,C0152,Cutting Chai,1,20.0,0,Card,23.9,5.0,Tea,Lucknow,Campus,2019,False,True,20.0,10,Oct,Thursday,False,Lunch,False
ORD-02772,2025-10-19,16,S08,C0847,Maggi,1,70.0,10,UPI,20.9,4.0,Snacks,Indore,Street,2022,False,True,63.0,10,Oct,Sunday,True,Evening,False
ORD-02980,2025-11-16,20,S05,C0794,Cold Coffee,1,120.0,10,Cash,35.4,4.0,Cold Drinks,Pune,Mall,2022,False,True,108.0,11,Nov,Sunday,True,Night,True
ORD-02894,2025-08-11,19,S02,C0735,Veg Sandwich,3,90.0,15,UPI,37.3,5.0,Snacks,Lucknow,Mall,2021,False,True,229.5,8,Aug,Monday,False,Evening,True
ORD-00894,2025-02-06,20,S02,C0374,Filter Coffee,2,60.0,0,UPI,31.7,4.0,Coffee,Lucknow,Mall,2021,False,True,120.0,2,Feb,Thursday,False,Night,True
ORD-02608,2025-03-26,14,S06,C0095,Mango Shake,1,100.0,5,UPI,13.0,,Cold Drinks,Pune,Campus,2021,False,False,95.0,3,Mar,Wednesday,False,Lunch,False
ORD-01743,2025-01-11,8,S07,C0617,Samosa,3,25.0,10,Cash,21.7,5.0,Snacks,Jaipur,Street,2023,False,True,67.5,1,Jan,Saturday,True,Morning,False
ORD-02799,2025-09-06,11,S01,C0551,Samosa,2,25.0,15,UPI,25.5,5.0,Snacks,Lucknow,Campus,2019,False,True,42.5,9,Sep,Saturday,True,Morning,False
ORD-01160,2025-10-11,18,S02,C0525,Cutting Chai,4,20.0,0,Card,24.8,5.0,Tea,Lucknow,Mall,2021,False,True,80.0,10,Oct,Saturday,True,Evening,False
ORD-01378,2025-11-15,12,S08,C0630,Masala Chai,1,30.0,10,Cash,19.8,5.0,Tea,Indore,Street,2022,False,True,27.0,11,Nov,Saturday,True,Lunch,False
ORD-00623,2025-12-26,21,S01,C0053,Ginger Tea,1,35.0,10,UPI,13.8,5.0,Tea,Lucknow,Campus,2019,False,True,31.5,12,Dec,Friday,False,Night,False
ORD-02916,2025-02-26,19,S03,C0747,Espresso,1,80.0,0,Wallet,21.5,,Coffee,Delhi,Campus,2018,False,False,80.0,2,Feb,Wednesday,False,Evening,False
ORD-01673,2025-10-05,13,S08,C0642,Masala Chai,1,30.0,0,UPI,31.6,4.0,Tea,Indore,Street,2022,False,True,30.0,10,Oct,Sunday,True,Lunch,True
ORD-01175,2025-07-04,12,S03,C0414,Bun Maska,3,40.0,0,UPI,21.6,4.0,Snacks,Delhi,Campus,2018,True,True,120.0,7,Jul,Friday,False,Lunch,False
ORD-02213,2025-11-15,13,S06,C0564,Brownie,2,110.0,0,UPI,29.5,4.0,Dessert,Pune,Campus,2021,False,True,220.0,11,Nov,Saturday,True,Lunch,False
ORD-02552,2025-07-02,20,S05,C0593,Masala Chai,1,30.0,0,Cash,33.7,5.0,Tea,Pune,Mall,2022,False,True,30.0,7,Jul,Wednesday,False,Night,True
ORD-00321,2025-12-01,18,S02,C0781,Masala Chai,2,30.0,5,Cash,20.4,5.0,Tea,Lucknow,Mall,2021,False,True,57.0,12,Dec,Monday,False,Evening,False
ORD-02449,2025-08-02,18,S01,C0525,Cold Coffee,2,120.0,10,Card,20.8,5.0,Cold Drinks,Lucknow,Campus,2019,False,True,216.0,8,Aug,Saturday,True,Evening,False
ORD-00126,2025-06-29,21,S03,C0022,Ginger Tea,2,35.0,15,Cash,17.4,5.0,Tea,Delhi,Campus,2018,False,True,59.5,6,Jun,Sunday,True,Night,False
ORD-01287,2025-05-24,20,S07,C0750,Maggi,3,70.0,15,Cash,33.4,4.0,Snacks,Jaipur,Street,2023,False,True,178.5,5,May,Saturday,True,Night,True
ORD-01392,2025-11-02,21,S01,C0771,Samosa,1,25.0,15,Cash,10.0,5.0,Snacks,Lucknow,Campus,2019,False,True,21.25,11,Nov,Sunday,True,Night,False
ORD-00685,2025-08-20,10,S02,C0149,Cutting Chai,1,20.0,0,UPI,21.7,5.0,Tea,Lucknow,Mall,2021,False,True,20.0,8,Aug,Wednesday,False,Morning,False
ORD-02472,2025-11-12,13,S07,C0603,Masala Chai,1,30.0,0,UPI,31.0,5.0,Tea,Jaipur,Street,2023,False,True,30.0,11,Nov,Wednesday,False,Lunch,True
ORD-02920,2025-09-16,14,S06,C0344,Ginger Tea,1,35.0,5,UPI,24.0,5.0,Tea,Pune,Campus,2021,False,True,33.25,9,Sep,Tuesday,False,Lunch,False
ORD-01791,2025-10-07,21,S06,C0339,Espresso,2,80.0,5,UPI,15.7,5.0,Coffee,Pune,Campus,2021,False,True,152.0,10,Oct,Tuesday,False,Night,False
ORD-00957,2025-10-11,18,S03,C0618,Cheesecake,2,150.0,0,Card,17.3,5.0,Dessert,Delhi,Campus,2018,False,True,300.0,10,Oct,Saturday,True,Evening,False
ORD-02237,2025-02-19,14,S08,C0250,Masala Chai,2,30.0,20,Cash,19.8,4.0,Tea,Indore,Street,2022,False,True,48.0,2,Feb,Wednesday,False,Lunch,False
ORD-02844,2025-03-31,16,S05,C0502,Mango Shake,2,100.0,10,Cash,24.4,5.0,Cold Drinks,Pune,Mall,2022,False,True,180.0,3,Mar,Monday,False,Evening,False
ORD-02624,2025-12-07,18,S06,C0004,Espresso,2,80.0,10,UPI,14.1,5.0,Coffee,Pune,Campus,2021,False,True,144.0,12,Dec,Sunday,True,Evening,False
ORD-01176,2025-10-01,18,S01,C0737,Cold Coffee,2,120.0,0,UPI,16.8,4.0,Cold Drinks,Lucknow,Campus,2019,False,True,240.0,10,Oct,Wednesday,False,Evening,False
ORD-00574,2025-10-08,18,S05,C0195,Espresso,2,80.0,0,UPI,21.8,,Coffee,Pune,Mall,2022,False,False,160.0,10,Oct,Wednesday,False,Evening,False
ORD-00164,2025-01-14,17,S05,C0296,Samosa,1,25.0,10,UPI,28.7,5.0,Snacks,Pune,Mall,2022,False,True,22.5,1,Jan,Tuesday,False,Evening,False
ORD-02767,2025-06-12,17,S07,C0302,Cold Coffee,1,120.0,0,UPI,23.0,5.0,Cold Drinks,Jaipur,Street,2023,False,True,120.0,6,Jun,Thursday,False,Evening,False
ORD-02678,2025-10-26,21,S06,C0092,Mango Shake,2,100.0,10,UPI,17.2,5.0,Cold Drinks,Pune,Campus,2021,False,True,180.0,10,Oct,Sunday,True,Night,False
ORD-02986,2025-03-30,13,S06,C0521,Filter Coffee,2,60.0,15,UPI,26.9,4.0,Coffee,Pune,Campus,2021,False,True,102.0,3,Mar,Sunday,True,Lunch,False
ORD-01783,2025-04-06,12,S04,C0461,Maggi,1,70.0,10,Wallet,24.7,5.0,Snacks,Delhi,Street,2020,True,True,63.0,4,Apr,Sunday,True,Lunch,False
ORD-02766,2025-12-11,9,S04,C0331,Ginger Tea,4,35.0,15,Cash,25.2,5.0,Tea,Delhi,Street,2020,False,True,119.0,12,Dec,Thursday,False,Morning,False
ORD-00365,2025-08-29,19,S07,C0613,Ginger Tea,1,35.0,20,Card,29.1,5.0,Tea,Jaipur,Street,2023,False,True,28.0,8,Aug,Friday,False,Evening,False
ORD-02682,2025-11-08,14,S05,C0079,Cutting Chai,1,20.0,10,UPI,27.9,5.0,Tea,Pune,Mall,2022,False,True,18.0,11,Nov,Saturday,True,Lunch,False
ORD-02135,2025-07-04,19,S02,C0608,Maggi,1,70.0,10,UPI,34.4,5.0,Snacks,Lucknow,Mall,2021,False,True,63.0,7,Jul,Friday,False,Evening,True
ORD-00433,2025-09-13,17,S01,C0010,Cheesecake,3,150.0,0,UPI,19.5,4.0,Dessert,Lucknow,Campus,2019,False,True,450.0,9,Sep,Saturday,True,Evening,False
ORD-00863,2025-10-13,9,S01,C0425,Samosa,1,25.0,0,UPI,19.1,5.0,Snacks,Lucknow,Campus,2019,False,True,25.0,10,Oct,Monday,False,Morning,False
ORD-00868,2025-10-19,19,S01,C0083,Cutting Chai,1,20.0,10,Cash,20.5,5.0,Tea,Lucknow,Campus,2019,False,True,18.0,10,Oct,Sunday,True,Evening,False
ORD-01669,2025-01-19,11,S05,C0852,Veg Sandwich,1,90.0,10,UPI,18.2,5.0,Snacks,Pune,Mall,2022,False,True,81.0,1,Jan,Sunday,True,Morning,False
ORD-01961,2025-08-13,12,S01,C0208,Cutting Chai,3,20.0,20,UPI,30.3,4.0,Tea,Lucknow,Campus,2019,False,True,48.0,8,Aug,Wednesday,False,Lunch,True
ORD-02261,2025-09-13,17,S03,C0636,Samosa,2,25.0,5,Cash,20.8,5.0,Snacks,Delhi,Campus,2018,False,True,47.5,9,Sep,Saturday,True,Evening,False
ORD-01134,2025-09-23,19,S04,C0800,Cold Coffee,1,120.0,5,UPI,32.3,4.0,Cold Drinks,Delhi,Street,2020,False,True,114.0,9,Sep,Tuesday,False,Evening,True
ORD-00996,2025-06-09,14,S07,C0700,Masala Chai,2,30.0,0,UPI,24.7,5.0,Tea,Jaipur,Street,2023,True,True,60.0,6,Jun,Monday,False,Lunch,False
ORD-01668,2025-03-24,8,S03,GUEST,Ginger Tea,1,35.0,20,Cash,17.6,5.0,Tea,Delhi,Campus,2018,False,True,28.0,3,Mar,Monday,False,Morning,False
ORD-01651,2025-04-07,18,S07,C0735,Veg Sandwich,1,90.0,10,Cash,23.1,5.0,Snacks,Jaipur,Street,2023,False,True,81.0,4,Apr,Monday,False,Evening,False
ORD-00461,2025-07-28,20,S02,C0147,Espresso,1,80.0,15,UPI,29.8,,Coffee,Lucknow,Mall,2021,False,False,68.0,7,Jul,Monday,False,Night,False
ORD-01137,2025-06-18,18,S01,C0200,Cold Coffee,3,120.0,0,Wallet,11.5,5.0,Cold Drinks,Lucknow,Campus,2019,False,True,360.0,6,Jun,Wednesday,False,Evening,False
ORD-02537,2025-10-12,16,S01,C0494,Ginger Tea,2,35.0,0,UPI,21.6,4.0,Tea,Lucknow,Campus,2019,False,True,70.0,10,Oct,Sunday,True,Evening,False
ORD-00674,2025-09-13,16,S04,C0510,Ginger Tea,2,35.0,10,UPI,21.9,5.0,Tea,Delhi,Street,2020,False,True,63.0,9,Sep,Saturday,True,Evening,False
ORD-01864,2025-07-12,12,S04,C0147,Bun Maska,1,40.0,5,UPI,36.0,4.0,Snacks,Delhi,Street,2020,False,True,38.0,7,Jul,Saturday,True,Lunch,True
ORD-02144,2025-10-22,8,S03,C0347,Maggi,1,70.0,10,Unknown,17.0,5.0,Snacks,Delhi,Campus,2018,False,True,63.0,10,Oct,Wednesday,False,Morning,False
ORD-01104,2025-11-02,19,S01,C0755,Cutting Chai,1,20.0,10,Card,25.7,4.0,Tea,Lucknow,Campus,2019,False,True,18.0,11,Nov,Sunday,True,Evening,False
ORD-02623,2025-03-25,16,S02,C0864,Samosa,2,25.0,20,UPI,28.4,5.0,Snacks,Lucknow,Mall,2021,False,True,40.0,3,Mar,Tuesday,False,Evening,False
ORD-02761,2025-08-27,14,S05,C0569,Masala Chai,2,30.0,0,Card,28.05,4.0,Tea,Pune,Mall,2022,True,True,60.0,8,Aug,Wednesday,False,Lunch,False
ORD-00101,2025-11-28,13,S05,C0519,Brownie,2,110.0,0,UPI,29.0,5.0,Dessert,Pune,Mall,2022,False,True,220.0,11,Nov,Friday,False,Lunch,False
ORD-00068,2025-04-21,17,S02,C0378,Ginger Tea,2,35.0,20,UPI,26.2,5.0,Tea,Lucknow,Mall,2021,False,True,56.0,4,Apr,Monday,False,Evening,False
ORD-02971,2025-06-21,19,S07,C0181,Cold Coffee,3,120.0,10,Wallet,30.8,3.0,Cold Drinks,Jaipur,Street,2023,False,True,324.0,6,Jun,Saturday,True,Evening,True
ORD-00490,2025-07-26,20,S08,C0359,Cold Coffee,3,120.0,0,Cash,33.4,5.0,Cold Drinks,Indore,Street,2022,False,True,360.0,7,Jul,Saturday,True,Night,True
ORD-00669,2025-04-19,20,S02,C0731,Cold Coffee,1,120.0,5,UPI,31.6,4.0,Cold Drinks,Lucknow,Mall,2021,False,True,114.0,4,Apr,Saturday,True,Night,True
ORD-02526,2025-02-24,19,S07,C0270,Maggi,1,70.0,10,UPI,35.0,4.0,Snacks,Jaipur,Street,2023,False,True,63.0,2,Feb,Monday,False,Evening,True
ORD-02095,2025-11-25,9,S01,C0181,Cheesecake,3,150.0,0,UPI,19.6,5.0,Dessert,Lucknow,Campus,2019,False,True,450.0,11,Nov,Tuesday,False,Morning,False
ORD-00666,2025-09-20,18,S06,C0878,Filter Coffee,2,60.0,5,UPI,17.8,,Coffee,Pune,Campus,2021,False,False,114.0,9,Sep,Saturday,True,Evening,False
ORD-01711,2025-10-15,19,S04,C0376,Bun Maska,1,40.0,0,Card,27.7,,Snacks,Delhi,Street,2020,False,False,40.0,10,Oct,Wednesday,False,Evening,False
ORD-00055,2025-09-15,19,S01,C0118,Samosa,1,25.0,20,UPI,24.2,4.0,Snacks,Lucknow,Campus,2019,False,True,20.0,9,Sep,Monday,False,Evening,False
ORD-00271,2025-01-21,9,S04,C0864,Brownie,1,110.0,15,UPI,16.9,5.0,Dessert,Delhi,Street,2020,False,True,93.5,1,Jan,Tuesday,False,Morning,False
ORD-01091,2025-03-29,18,S04,C0770,Masala Chai,1,30.0,0,Card,23.2,4.0,Tea,Delhi,Street,2020,False,True,30.0,3,Mar,Saturday,True,Evening,False
ORD-00871,2025-09-29,9,S06,C0509,Filter Coffee,2,60.0,15,Cash,15.9,5.0,Coffee,Pune,Campus,2021,False,True,102.0,9,Sep,Monday,False,Morning,False
ORD-00070,2025-06-09,13,S01,C0428,Cold Coffee,1,120.0,10,Card,32.6,4.0,Cold Drinks,Lucknow,Campus,2019,False,True,108.0,6,Jun,Monday,False,Lunch,True
ORD-00395,2025-01-05,18,S05,C0719,Samosa,1,25.0,0,UPI,24.0,,Snacks,Pune,Mall,2022,False,False,25.0,1,Jan,Sunday,True,Evening,False
ORD-00156,2025-09-03,20,S01,C0363,Ginger Tea,2,35.0,0,UPI,30.1,4.0,Tea,Lucknow,Campus,2019,False,True,70.0,9,Sep,Wednesday,False,Night,True
ORD-02354,2025-07-20,10,S02,C0688,Samosa,1,25.0,0,UPI,29.5,5.0,Snacks,Lucknow,Mall,2021,False,True,25.0,7,Jul,Sunday,True,Morning,False
ORD-02251,2025-07-14,15,S03,C0656,Espresso,2,80.0,10,UPI,17.1,5.0,Coffee,Delhi,Campus,2018,False,True,144.0,7,Jul,Monday,False,Lunch,False
ORD-00589,2025-03-11,19,S07,C0397,Bun Maska,1,40.0,5,Cash,23.5,4.0,Snacks,Jaipur,Street,2023,False,True,38.0,3,Mar,Tuesday,False,Evening,False
ORD-01646,2025-06-19,13,S02,C0737,Cheesecake,1,150.0,10,Wallet,30.8,5.0,Dessert,Lucknow,Mall,2021,False,True,135.0,6,Jun,Thursday,False,Lunch,True
ORD-00127,2025-05-01,12,S02,C0476,Mango Shake,3,100.0,0,Cash,35.0,3.0,Cold Drinks,Lucknow,Mall,2021,False,True,300.0,5,May,Thursday,False,Lunch,True
ORD-02026,2025-05-24,18,S04,C0474,Mango Shake,1,100.0,0,UPI,18.0,5.0,Cold Drinks,Delhi,Street,2020,False,True,100.0,5,May,Saturday,True,Evening,False
ORD-01302,2025-07-25,17,S06,C0019,Bun Maska,4,40.0,15,UPI,23.4,5.0,Snacks,Pune,Campus,2021,False,True,136.0,7,Jul,Friday,False,Evening,False
ORD-01037,2025-05-05,20,S01,C0641,Espresso,1,80.0,20,Card,29.7,3.0,Coffee,Lucknow,Campus,2019,False,True,64.0,5,May,Monday,False,Night,False
ORD-00841,2025-01-05,17,S06,C0749,Mango Shake,2,100.0,5,Card,15.8,5.0,Cold Drinks,Pune,Campus,2021,False,True,190.0,1,Jan,Sunday,True,Evening,False
ORD-02634,2025-08-18,10,S05,C0228,Masala Chai,4,30.0,15,UPI,30.0,4.0,Tea,Pune,Mall,2022,False,True,102.0,8,Aug,Monday,False,Morning,False
ORD-01374,2025-10-23,12,S07,C0871,Cutting Chai,2,20.0,10,UPI,20.6,5.0,Tea,Jaipur,Street,2023,False,True,36.0,10,Oct,Thursday,False,Lunch,False
ORD-00458,2025-06-17,11,S06,C0358,Maggi,1,70.0,5,Wallet,15.2,,Snacks,Pune,Campus,2021,False,False,66.5,6,Jun,Tuesday,False,Morning,False
ORD-02571,2025-01-06,19,S05,C0355,Masala Chai,2,30.0,20,Wallet,32.5,4.0,Tea,Pune,Mall,2022,False,True,48.0,1,Jan,Monday,False,Evening,True
ORD-02531,2025-08-15,17,S05,C0537,Ginger Tea,2,35.0,0,Card,34.4,4.0,Tea,Pune,Mall,2022,False,True,70.0,8,Aug,Friday,False,Evening,True
ORD-02573,2025-10-02,13,S07,C0097,Cold Coffee,2,120.0,0,Cash,25.5,5.0,Cold Drinks,Jaipur,Street,2023,False,True,240.0,10,Oct,Thursday,False,Lunch,False
ORD-02287,2025-11-21,21,S03,C0552,Bun Maska,2,40.0,5,UPI,26.5,5.0,Snacks,Delhi,Campus,2018,False,True,76.0,11,Nov,Friday,False,Night,False
ORD-02654,2025-09-29,17,S01,C0258,Ginger Tea,3,35.0,10,Card,20.4,5.0,Tea,Lucknow,Campus,2019,False,True,94.5,9,Sep,Monday,False,Evening,False
ORD-00096,2025-08-18,17,S03,C0193,Masala Chai,4,30.0,0,UPI,20.5,5.0,Tea,Delhi,Campus,2018,False,True,120.0,8,Aug,Monday,False,Evening,False
ORD-02411,2025-09-06,11,S06,C0408,Cutting Chai,2,20.0,0,Cash,25.2,5.0,Tea,Pune,Campus,2021,False,True,40.0,9,Sep,Saturday,True,Morning,False
ORD-01520,2025-03-14,21,S01,C0672,Cutting Chai,2,20.0,5,UPI,15.7,5.0,Tea,Lucknow,Campus,2019,False,True,38.0,3,Mar,Friday,False,Night,False
ORD-01296,2025-05-18,18,S08,C0449,Cold Coffee,1,120.0,0,UPI,15.1,5.0,Cold Drinks,Indore,Street,2022,False,True,120.0,5,May,Sunday,True,Evening,False
ORD-02958,2025-01-05,10,S06,C0127,Masala Chai,3,30.0,0,Card,16.9,5.0,Tea,Pune,Campus,2021,False,True,90.0,1,Jan,Sunday,True,Morning,False
ORD-02891,2025-02-23,15,S07,C0839,Brownie,2,110.0,20,UPI,24.7,5.0,Dessert,Jaipur,Street,2023,True,True,176.0,2,Feb,Sunday,True,Lunch,False
ORD-02405,2025-10-22,17,S08,C0534,Cold Coffee,1,120.0,20,UPI,17.9,5.0,Cold Drinks,Indore,Street,2022,False,True,96.0,10,Oct,Wednesday,False,Evening,False
ORD-00854,2025-11-30,11,S03,C0885,Ginger Tea,1,35.0,0,Unknown,19.6,5.0,Tea,Delhi,Campus,2018,False,True,35.0,11,Nov,Sunday,True,Morning,False
ORD-01661,2025-03-01,10,S04,C0594,Samosa,1,25.0,10,Card,21.3,5.0,Snacks,Delhi,Street,2020,False,True,22.5,3,Mar,Saturday,True,Morning,False
ORD-02946,2025-06-02,17,S06,C0639,Filter Coffee,3,60.0,5,UPI,19.9,4.0,Coffee,Pune,Campus,2021,False,True,171.0,6,Jun,Monday,False,Evening,False
ORD-02305,2025-06-08,19,S06,C0163,Masala Chai,3,30.0,20,UPI,20.9,4.0,Tea,Pune,Campus,2021,False,True,72.0,6,Jun,Sunday,True,Evening,False
ORD-00640,2025-11-12,13,S03,C0145,Filter Coffee,1,60.0,5,UPI,30.2,4.0,Coffee,Delhi,Campus,2018,False,True,57.0,11,Nov,Wednesday,False,Lunch,True
ORD-02722,2025-10-22,17,S04,C0524,Masala Chai,1,30.0,0,Wallet,22.5,5.0,Tea,Delhi,Street,2020,False,True,30.0,10,Oct,Wednesday,False,Evening,False
ORD-02736,2025-06-17,20,S03,C0848,Brownie,4,110.0,0,Card,27.7,4.0,Dessert,Delhi,Campus,2018,False,True,440.0,6,Jun,Tuesday,False,Night,False
ORD-00177,2025-06-08,15,S06,C0826,Veg Sandwich,1,90.0,5,UPI,16.2,5.0,Snacks,Pune,Campus,2021,False,True,85.5,6,Jun,Sunday,True,Lunch,False
ORD-00628,2025-02-01,13,S05,C0123,Mango Shake,2,100.0,0,Cash,35.5,,Cold Drinks,Pune,Mall,2022,False,False,200.0,2,Feb,Saturday,True,Lunch,True
ORD-00851,2025-03-07,12,S08,C0313,Filter Coffee,1,60.0,10,Cash,28.3,4.0,Coffee,Indore,Street,2022,False,True,54.0,3,Mar,Friday,False,Lunch,False
ORD-01470,2025-03-03,12,S05,C0777,Cutting Chai,1,20.0,0,UPI,31.7,4.0,Tea,Pune,Mall,2022,False,True,20.0,3,Mar,Monday,False,Lunch,True
ORD-02386,2025-10-05,12,S03,C0126,Bun Maska,1,40.0,10,UPI,22.3,5.0,Snacks,Delhi,Campus,2018,False,True,36.0,10,Oct,Sunday,True,Lunch,False
ORD-02867,2025-05-31,13,S01,C0619,Veg Sandwich,1,90.0,5,Card,17.9,5.0,Snacks,Lucknow,Campus,2019,False,True,85.5,5,May,Saturday,True,Lunch,False
ORD-00317,2025-05-19,20,S04,C0573,Bun Maska,1,40.0,15,UPI,23.6,,Snacks,Delhi,Street,2020,False,False,34.0,5,May,Monday,False,Night,False
ORD-02417,2025-03-28,19,S08,C0644,Masala Chai,3,30.0,15,UPI,22.8,5.0,Tea,Indore,Street,2022,False,True,76.5,3,Mar,Friday,False,Evening,False
ORD-00427,2025-03-29,10,S01,C0170,Masala Chai,3,30.0,10,UPI,21.2,5.0,Tea,Lucknow,Campus,2019,False,True,81.0,3,Mar,Saturday,True,Morning,False
ORD-01955,2025-11-27,20,S07,C0474,Cutting Chai,3,20.0,20,Card,23.3,5.0,Tea,Jaipur,Street,2023,False,True,48.0,11,Nov,Thursday,False,Night,False
ORD-00880,2025-08-01,13,S01,C0496,Filter Coffee,2,60.0,0,Card,27.9,4.0,Coffee,Lucknow,Campus,2019,False,True,120.0,8,Aug,Friday,False,Lunch,False
ORD-00136,2025-01-09,18,S02,C0812,Samosa,2,25.0,5,UPI,25.2,5.0,Snacks,Lucknow,Mall,2021,False,True,47.5,1,Jan,Thursday,False,Evening,False
ORD-01248,2025-03-16,13,S02,C0377,Masala Chai,1,30.0,0,UPI,28.2,5.0,Tea,Lucknow,Mall,2021,False,True,30.0,3,Mar,Sunday,True,Lunch,False
ORD-00833,2025-05-25,18,S02,C0111,Cold Coffee,3,120.0,0,Card,18.4,5.0,Cold Drinks,Lucknow,Mall,2021,False,True,360.0,5,May,Sunday,True,Evening,False
ORD-01211,2025-10-04,8,S04,C0591,Samosa,2,25.0,10,UPI,28.4,5.0,Snacks,Delhi,Street,2020,False,True,45.0,10,Oct,Saturday,True,Morning,False
ORD-01597,2025-03-12,12,S03,C0442,Filter Coffee,1,60.0,0,UPI,26.3,5.0,Coffee,Delhi,Campus,2018,False,True,60.0,3,Mar,Wednesday,False,Lunch,False
ORD-00550,2025-06-08,10,S03,C0054,Veg Sandwich,2,90.0,0,UPI,19.4,5.0,Snacks,Delhi,Campus,2018,False,True,180.0,6,Jun,Sunday,True,Morning,False
ORD-01291,2025-06-18,13,S03,C0209,Masala Chai,1,30.0,10,UPI,21.6,5.0,Tea,Delhi,Campus,2018,True,True,27.0,6,Jun,Wednesday,False,Lunch,False
ORD-00181,2025-11-22,14,S01,C0006,Maggi,1,70.0,0,Card,21.5,4.0,Snacks,Lucknow,Campus,2019,False,True,70.0,11,Nov,Saturday,True,Lunch,False
ORD-02167,2025-11-23,8,S06,C0180,Cutting Chai,1,20.0,5,UPI,21.9,4.0,Tea,Pune,Campus,2021,False,True,19.0,11,Nov,Sunday,True,Morning,False
ORD-01633,2025-08-23,22,S08,C0588,Ginger Tea,2,35.0,20,UPI,23.9,,Tea,Indore,Street,2022,False,False,56.0,8,Aug,Saturday,True,Night,False
ORD-01088,2025-10-06,19,S03,C0566,Samosa,1,25.0,0,UPI,34.8,5.0,Snacks,Delhi,Campus,2018,False,True,25.0,10,Oct,Monday,False,Evening,True
ORD-00200,2025-04-24,16,S08,C0139,Maggi,2,70.0,10,Card,20.4,5.0,Snacks,Indore,Street,2022,False,True,126.0,4,Apr,Thursday,False,Evening,False
ORD-01027,2025-12-13,21,S05,C0064,Cold Coffee,3,120.0,0,UPI,20.6,5.0,Cold Drinks,Pune,Mall,2022,False,True,360.0,12,Dec,Saturday,True,Night,False
ORD-02015,2025-06-01,22,S01,C0153,Ginger Tea,3,35.0,10,UPI,15.4,5.0,Tea,Lucknow,Campus,2019,False,True,94.5,6,Jun,Sunday,True,Night,False
ORD-02241,2025-04-19,19,S01,C0608,Cutting Chai,1,20.0,0,Wallet,31.8,,Tea,Lucknow,Campus,2019,False,False,20.0,4,Apr,Saturday,True,Evening,True
ORD-01409,2025-11-13,18,S05,C0641,Veg Sandwich,2,90.0,0,UPI,29.7,5.0,Snacks,Pune,Mall,2022,False,True,180.0,11,Nov,Thursday,False,Evening,False
ORD-00250,2025-06-05,19,S03,C0361,Cold Coffee,1,120.0,5,Cash,27.2,5.0,Cold Drinks,Delhi,Campus,2018,False,True,114.0,6,Jun,Thursday,False,Evening,False
ORD-02904,2025-12-30,13,S03,C0775,Bun Maska,1,40.0,0,Cash,21.6,5.0,Snacks,Delhi,Campus,2018,True,True,40.0,12,Dec,Tuesday,False,Lunch,False
ORD-01115,2025-12-25,8,S07,C0064,Samosa,1,25.0,0,Card,23.5,5.0,Snacks,Jaipur,Street,2023,False,True,25.0,12,Dec,Thursday,False,Morning,False
ORD-01967,2025-09-24,16,S04,C0490,Filter Coffee,1,60.0,5,UPI,25.7,5.0,Coffee,Delhi,Street,2020,False,True,57.0,9,Sep,Wednesday,False,Evening,False
ORD-01945,2025-10-28,21,S05,C0192,Cold Coffee,3,120.0,0,Card,24.3,5.0,Cold Drinks,Pune,Mall,2022,False,True,360.0,10,Oct,Tuesday,False,Night,False
ORD-00512,2025-11-04,14,S01,C0723,Samosa,2,25.0,0,UPI,14.6,5.0,Snacks,Lucknow,Campus,2019,False,True,50.0,11,Nov,Tuesday,False,Lunch,False
ORD-02486,2025-05-20,16,S07,C0566,Maggi,1,70.0,10,UPI,19.7,,Snacks,Jaipur,Street,2023,False,False,63.0,5,May,Tuesday,False,Evening,False
ORD-02653,2025-10-25,17,S08,C0430,Mango Shake,1,100.0,5,Cash,21.8,5.0,Cold Drinks,Indore,Street,2022,False,True,95.0,10,Oct,Saturday,True,Evening,False
ORD-01484,2025-03-25,18,S06,C0058,Cutting Chai,1,20.0,0,Cash,20.0,5.0,Tea,Pune,Campus,2021,False,True,20.0,3,Mar,Tuesday,False,Evening,False
ORD-01989,2025-12-27,12,S06,C0661,Maggi,2,70.0,15,Unknown,25.9,5.0,Snacks,Pune,Campus,2021,False,True,119.0,12,Dec,Saturday,True,Lunch,False
ORD-02283,2025-05-04,16,S03,C0633,Cheesecake,4,150.0,10,Card,12.1,5.0,Dessert,Delhi,Campus,2018,False,True,540.0,5,May,Sunday,True,Evening,False
ORD-02917,2025-03-30,19,S04,C0361,Veg Sandwich,2,90.0,10,UPI,28.8,4.0,Snacks,Delhi,Street,2020,False,True,162.0,3,Mar,Sunday,True,Evening,False
ORD-01970,2025-07-06,14,S01,C0502,Samosa,1,25.0,15,UPI,22.6,5.0,Snacks,Lucknow,Campus,2019,False,True,21.25,7,Jul,Sunday,True,Lunch,False
ORD-00046,2025-10-21,9,S03,C0232,Brownie,3,110.0,10,Cash,14.2,5.0,Dessert,Delhi,Campus,2018,False,True,297.0,10,Oct,Tuesday,False,Morning,False
ORD-00914,2025-12-26,12,S06,C0211,Ginger Tea,3,35.0,20,Cash,24.8,5.0,Tea,Pune,Campus,2021,False,True,84.0,12,Dec,Friday,False,Lunch,False
ORD-00266,2025-03-02,18,S07,C0875,Cutting Chai,1,20.0,0,UPI,22.7,5.0,Tea,Jaipur,Street,2023,False,True,20.0,3,Mar,Sunday,True,Evening,False
ORD-01841,2025-01-12,19,S07,C0807,Veg Sandwich,1,90.0,0,UPI,23.4,5.0,Snacks,Jaipur,Street,2023,False,True,90.0,1,Jan,Sunday,True,Evening,False
ORD-01057,2025-11-29,8,S07,C0747,Cutting Chai,3,20.0,0,Wallet,22.5,5.0,Tea,Jaipur,Street,2023,False,True,60.0,11,Nov,Saturday,True,Morning,False
ORD-00041,2025-06-09,10,S04,C0034,Cold Coffee,1,120.0,0,UPI,29.0,,Cold Drinks,Delhi,Street,2020,False,False,120.0,6,Jun,Monday,False,Morning,False
ORD-01959,2025-11-07,15,S01,C0642,Cutting Chai,2,20.0,10,UPI,19.6,5.0,Tea,Lucknow,Campus,2019,False,True,36.0,11,Nov,Friday,False,Lunch,False
ORD-01715,2025-04-20,17,S03,C0248,Mango Shake,1,100.0,10,Card,18.3,5.0,Cold Drinks,Delhi,Campus,2018,False,True,90.0,4,Apr,Sunday,True,Evening,False
ORD-01177,2025-06-19,9,S01,C0487,Mango Shake,2,100.0,5,Cash,22.4,5.0,Cold Drinks,Lucknow,Campus,2019,False,True,190.0,6,Jun,Thursday,False,Morning,False
ORD-01417,2025-07-19,15,S02,C0705,Cold Coffee,2,120.0,15,Cash,32.3,5.0,Cold Drinks,Lucknow,Mall,2021,False,True,204.0,7,Jul,Saturday,True,Lunch,True
ORD-00955,2025-12-09,18,S06,C0558,Masala Chai,2,30.0,15,UPI,18.5,5.0,Tea,Pune,Campus,2021,False,True,51.0,12,Dec,Tuesday,False,Evening,False
ORD-00522,2025-05-17,17,S04,C0678,Veg Sandwich,2,90.0,5,Wallet,29.5,4.0,Snacks,Delhi,Street,2020,False,True,171.0,5,May,Saturday,True,Evening,False
ORD-02362,2025-01-19,15,S08,C0817,Masala Chai,1,30.0,0,Wallet,26.2,,Tea,Indore,Street,2022,False,False,30.0,1,Jan,Sunday,True,Lunch,False
ORD-02044,2025-12-06,13,S04,C0448,Ginger Tea,1,35.0,15,Cash,21.5,5.0,Tea,Delhi,Street,2020,False,True,29.75,12,Dec,Saturday,True,Lunch,False
ORD-02374,2025-04-02,21,S03,C0442,Mango Shake,1,100.0,0,UPI,18.1,5.0,Cold Drinks,Delhi,Campus,2018,False,True,100.0,4,Apr,Wednesday,False,Night,False
ORD-00404,2025-02-10,15,S04,C0019,Maggi,2,70.0,0,UPI,25.1,5.0,Snacks,Delhi,Street,2020,False,True,140.0,2,Feb,Monday,False,Lunch,False
ORD-00744,2025-01-01,18,S01,C0529,Filter Coffee,2,60.0,5,Cash,19.4,,Coffee,Lucknow,Campus,2019,False,False,114.0,1,Jan,Wednesday,False,Evening,False
ORD-00517,2025-04-25,20,S06,C0848,Mango Shake,2,100.0,5,Cash,21.6,5.0,Cold Drinks,Pune,Campus,2021,True,True,190.0,4,Apr,Friday,False,Night,False
ORD-00309,2025-04-08,13,S03,C0613,Mango Shake,2,100.0,10,Wallet,21.7,5.0,Cold Drinks,Delhi,Campus,2018,False,True,180.0,4,Apr,Tuesday,False,Lunch,False
ORD-02100,2025-03-29,14,S08,C0017,Maggi,4,70.0,5,UPI,15.8,5.0,Snacks,Indore,Street,2022,False,True,266.0,3,Mar,Saturday,True,Lunch,False
ORD-02295,2025-04-20,15,S06,C0424,Bun Maska,1,40.0,5,UPI,23.3,5.0,Snacks,Pune,Campus,2021,False,True,38.0,4,Apr,Sunday,True,Lunch,False
ORD-01843,2025-02-26,12,S01,C0712,Cutting Chai,1,20.0,10,Card,22.6,5.0,Tea,Lucknow,Campus,2019,False,True,18.0,2,Feb,Wednesday,False,Lunch,False
ORD-00735,2025-01-23,9,S01,C0215,Masala Chai,3,30.0,10,Cash,20.1,5.0,Tea,Lucknow,Campus,2019,False,True,81.0,1,Jan,Thursday,False,Morning,False
ORD-00449,2025-01-20,12,S06,C0878,Cutting Chai,2,20.0,15,Cash,24.2,5.0,Tea,Pune,Campus,2021,False,True,34.0,1,Jan,Monday,False,Lunch,False
ORD-02067,2025-07-03,20,S01,C0845,Samosa,2,25.0,20,UPI,25.6,5.0,Snacks,Lucknow,Campus,2019,False,True,40.0,7,Jul,Thursday,False,Night,False
ORD-02360,2025-02-24,10,S02,C0286,Bun Maska,3,40.0,5,UPI,24.2,5.0,Snacks,Lucknow,Mall,2021,False,True,114.0,2,Feb,Monday,False,Morning,False
ORD-00779,2025-10-10,18,S03,C0544,Bun Maska,2,40.0,5,Card,18.3,5.0,Snacks,Delhi,Campus,2018,False,True,76.0,10,Oct,Friday,False,Evening,False
ORD-01330,2025-02-28,20,S04,C0095,Maggi,1,70.0,5,UPI,29.8,4.0,Snacks,Delhi,Street,2020,False,True,66.5,2,Feb,Friday,False,Night,False
ORD-02062,2025-04-07,17,S02,C0479,Ginger Tea,1,35.0,0,Card,29.1,5.0,Tea,Lucknow,Mall,2021,False,True,35.0,4,Apr,Monday,False,Evening,False
ORD-02901,2025-05-21,9,S02,C0608,Veg Sandwich,2,90.0,15,UPI,28.1,4.0,Snacks,Lucknow,Mall,2021,False,True,153.0,5,May,Wednesday,False,Morning,False
ORD-00709,2025-06-09,19,S05,C0384,Cold Coffee,1,120.0,0,UPI,33.1,3.0,Cold Drinks,Pune,Mall,2022,False,True,120.0,6,Jun,Monday,False,Evening,True
ORD-02849,2025-10-08,11,S07,C0810,Masala Chai,1,30.0,0,UPI,21.9,5.0,Tea,Jaipur,Street,2023,False,True,30.0,10,Oct,Wednesday,False,Morning,False
ORD-01327,2025-05-17,12,S08,C0647,Masala Chai,4,30.0,15,Cash,35.9,,Tea,Indore,Street,2022,False,False,102.0,5,May,Saturday,True,Lunch,True
ORD-02897,2025-12-22,13,S02,C0217,Masala Chai,4,30.0,0,Wallet,35.1,,Tea,Lucknow,Mall,2021,False,False,120.0,12,Dec,Monday,False,Lunch,True
ORD-01938,2025-08-09,17,S02,C0063,Bun Maska,2,40.0,0,UPI,28.05,4.0,Snacks,Lucknow,Mall,2021,True,True,80.0,8,Aug,Saturday,True,Evening,False
ORD-01937,2025-06-23,19,S02,C0895,Cold Coffee,2,120.0,15,UPI,28.3,,Cold Drinks,Lucknow,Mall,2021,False,False,204.0,6,Jun,Monday,False,Evening,False
ORD-02569,2025-08-28,14,S06,C0644,Cutting Chai,1,20.0,0,UPI,25.1,5.0,Tea,Pune,Campus,2021,False,True,20.0,8,Aug,Thursday,False,Lunch,False
ORD-00747,2025-05-02,18,S05,C0562,Filter Coffee,2,60.0,15,UPI,18.3,5.0,Coffee,Pune,Mall,2022,False,True,102.0,5,May,Friday,False,Evening,False
ORD-01333,2025-07-15,17,S03,C0469,Masala Chai,3,30.0,5,Card,25.5,,Tea,Delhi,Campus,2018,False,False,85.5,7,Jul,Tuesday,False,Evening,False
ORD-02444,2025-07-16,9,S04,C0786,Bun Maska,2,40.0,0,UPI,19.6,,Snacks,Delhi,Street,2020,False,False,80.0,7,Jul,Wednesday,False,Morning,False
ORD-01245,2025-05-11,13,S04,C0662,Samosa,1,25.0,0,Cash,28.6,,Snacks,Delhi,Street,2020,False,False,25.0,5,May,Sunday,True,Lunch,False
ORD-02282,2025-03-10,17,S05,C0194,Ginger Tea,3,35.0,0,UPI,26.0,5.0,Tea,Pune,Mall,2022,False,True,105.0,3,Mar,Monday,False,Evening,False
ORD-00162,2025-11-30,20,S05,C0236,Brownie,1,110.0,10,Unknown,34.3,4.0,Dessert,Pune,Mall,2022,False,True,99.0,11,Nov,Sunday,True,Night,True
ORD-00642,2025-10-19,10,S07,C0065,Masala Chai,1,30.0,5,UPI,14.0,5.0,Tea,Jaipur,Street,2023,False,True,28.5,10,Oct,Sunday,True,Morning,False
ORD-02138,2025-10-10,20,S01,C0235,Masala Chai,1,30.0,20,UPI,19.4,5.0,Tea,Lucknow,Campus,2019,False,True,24.0,10,Oct,Friday,False,Night,False
ORD-02181,2025-10-14,12,S02,C0795,Samosa,2,25.0,5,Card,33.2,4.0,Snacks,Lucknow,Mall,2021,False,True,47.5,10,Oct,Tuesday,False,Lunch,True
ORD-01122,2025-02-10,12,S01,C0361,Bun Maska,4,40.0,5,Cash,22.2,5.0,Snacks,Lucknow,Campus,2019,False,True,152.0,2,Feb,Monday,False,Lunch,False
ORD-00349,2025-08-04,18,S04,C0027,Bun Maska,1,40.0,20,UPI,27.0,5.0,Snacks,Delhi,Street,2020,False,True,32.0,8,Aug,Monday,False,Evening,False
ORD-02049,2025-02-23,13,S04,C0008,Masala Chai,1,30.0,5,Cash,34.8,4.0,Tea,Delhi,Street,2020,False,True,28.5,2,Feb,Sunday,True,Lunch,True
ORD-02671,2025-08-13,14,S01,C0354,Samosa,2,25.0,5,UPI,17.6,5.0,Snacks,Lucknow,Campus,2019,False,True,47.5,8,Aug,Wednesday,False,Lunch,False
ORD-02101,2025-09-30,20,S02,C0724,Mango Shake,1,100.0,0,UPI,38.7,3.0,Cold Drinks,Lucknow,Mall,2021,False,True,100.0,9,Sep,Tuesday,False,Night,True
ORD-00258,2025-02-08,20,S01,C0091,Cutting Chai,1,20.0,0,Wallet,17.7,5.0,Tea,Lucknow,Campus,2019,False,True,20.0,2,Feb,Saturday,True,Night,False
ORD-00108,2025-04-10,14,S01,C0060,Samosa,1,25.0,0,UPI,28.7,5.0,Snacks,Lucknow,Campus,2019,False,True,25.0,4,Apr,Thursday,False,Lunch,False
ORD-01599,2025-10-24,9,S03,C0790,Ginger Tea,3,35.0,0,Card,14.7,5.0,Tea,Delhi,Campus,2018,False,True,105.0,10,Oct,Friday,False,Morning,False
ORD-02269,2025-09-21,9,S06,C0510,Maggi,2,70.0,10,UPI,22.8,5.0,Snacks,Pune,Campus,2021,False,True,126.0,9,Sep,Sunday,True,Morning,False
ORD-01831,2025-06-21,19,S08,C0142,Mango Shake,1,100.0,0,Unknown,24.7,4.0,Cold Drinks,Indore,Street,2022,True,True,100.0,6,Jun,Saturday,True,Evening,False
ORD-00651,2025-05-27,20,S06,C0185,Espresso,2,80.0,0,Cash,21.6,5.0,Coffee,Pune,Campus,2021,True,True,160.0,5,May,Tuesday,False,Night,False
ORD-02707,2025-11-22,16,S01,C0350,Maggi,2,70.0,0,UPI,13.6,5.0,Snacks,Lucknow,Campus,2019,False,True,140.0,11,Nov,Saturday,True,Evening,False
ORD-00509,2025-06-30,18,S05,C0041,Samosa,2,25.0,15,Cash,22.9,5.0,Snacks,Pune,Mall,2022,False,True,42.5,6,Jun,Monday,False,Evening,False
ORD-02232,2025-08-28,22,S02,C0843,Maggi,3,70.0,0,Card,25.3,5.0,Snacks,Lucknow,Mall,2021,False,True,210.0,8,Aug,Thursday,False,Night,False
ORD-00972,2025-01-12,9,S03,C0788,Masala Chai,2,30.0,0,UPI,18.0,5.0,Tea,Delhi,Campus,2018,False,True,60.0,1,Jan,Sunday,True,Morning,False
ORD-01977,2025-06-19,14,S07,C0733,Cold Coffee,1,120.0,0,UPI,13.2,,Cold Drinks,Jaipur,Street,2023,False,False,120.0,6,Jun,Thursday,False,Lunch,False
ORD-01619,2025-12-29,21,S06,C0292,Ginger Tea,2,35.0,0,UPI,17.4,5.0,Tea,Pune,Campus,2021,False,True,70.0,12,Dec,Monday,False,Night,False
ORD-00242,2025-10-18,15,S02,C0656,Mango Shake,3,100.0,0,Card,24.4,5.0,Cold Drinks,Lucknow,Mall,2021,False,True,300.0,10,Oct,Saturday,True,Lunch,False
ORD-01822,2025-06-29,10,S05,C0503,Filter Coffee,1,60.0,15,Card,26.8,5.0,Coffee,Pune,Mall,2022,False,True,51.0,6,Jun,Sunday,True,Morning,False
ORD-01611,2025-04-03,12,S06,C0689,Veg Sandwich,1,90.0,15,Card,21.7,5.0,Snacks,Pune,Campus,2021,False,True,76.5,4,Apr,Thursday,False,Lunch,False
ORD-01209,2025-04-05,12,S02,C0103,Cold Coffee,2,120.0,5,UPI,28.4,5.0,Cold Drinks,Lucknow,Mall,2021,False,True,228.0,4,Apr,Saturday,True,Lunch,False
ORD-01573,2025-07-21,14,S01,C0650,Cutting Chai,3,20.0,20,UPI,21.9,,Tea,Lucknow,Campus,2019,False,False,48.0,7,Jul,Monday,False,Lunch,False
ORD-00120,2025-08-17,20,S01,C0420,Cutting Chai,1,20.0,0,Cash,26.1,5.0,Tea,Lucknow,Campus,2019,False,True,20.0,8,Aug,Sunday,True,Night,False
ORD-01069,2025-01-09,12,S04,C0619,Maggi,1,70.0,0,UPI,18.0,5.0,Snacks,Delhi,Street,2020,False,True,70.0,1,Jan,Thursday,False,Lunch,False
ORD-02666,2025-10-22,18,S06,C0306,Samosa,1,25.0,5,UPI,15.8,5.0,Snacks,Pune,Campus,2021,False,True,23.75,10,Oct,Wednesday,False,Evening,False
ORD-02852,2025-06-07,12,S01,C0873,Veg Sandwich,2,90.0,10,UPI,25.0,4.0,Snacks,Lucknow,Campus,2019,False,True,162.0,6,Jun,Saturday,True,Lunch,False
ORD-00391,2025-08-21,17,S01,C0767,Masala Chai,1,30.0,0,UPI,29.5,5.0,Tea,Lucknow,Campus,2019,False,True,30.0,8,Aug,Thursday,False,Evening,False
ORD-00381,2025-07-21,15,S06,C0693,Ginger Tea,1,35.0,10,Card,26.6,3.0,Tea,Pune,Campus,2021,False,True,31.5,7,Jul,Monday,False,Lunch,False
ORD-01774,2025-11-18,17,S08,C0348,Ginger Tea,1,35.0,5,UPI,12.7,,Tea,Indore,Street,2022,False,False,33.25,11,Nov,Tuesday,False,Evening,False
ORD-02218,2025-12-06,13,S05,C0739,Masala Chai,3,30.0,10,Cash,28.1,4.0,Tea,Pune,Mall,2022,False,True,81.0,12,Dec,Saturday,True,Lunch,False
ORD-01317,2025-07-25,13,S07,C0054,Maggi,2,70.0,0,Cash,31.4,3.0,Snacks,Jaipur,Street,2023,False,True,140.0,7,Jul,Friday,False,Lunch,True
ORD-00124,2025-06-01,13,S03,C0285,Cold Coffee,1,120.0,20,UPI,24.3,,Cold Drinks,Delhi,Campus,2018,False,False,96.0,6,Jun,Sunday,True,Lunch,False
ORD-00435,2025-01-15,19,S05,C0566,Masala Chai,1,30.0,10,UPI,37.1,4.0,Tea,Pune,Mall,2022,False,True,27.0,1,Jan,Wednesday,False,Evening,True
ORD-02535,2025-12-16,10,S06,C0886,Bun Maska,2,40.0,15,Cash,10.8,5.0,Snacks,Pune,Campus,2021,False,True,68.0,12,Dec,Tuesday,False,Morning,False
ORD-01263,2025-04-29,9,S04,C0627,Espresso,4,80.0,0,Cash,30.4,4.0,Coffee,Delhi,Street,2020,False,True,320.0,4,Apr,Tuesday,False,Morning,True
ORD-00089,2025-03-01,16,S03,C0084,Cold Coffee,1,120.0,0,Wallet,21.6,5.0,Cold Drinks,Delhi,Campus,2018,True,True,120.0,3,Mar,Saturday,True,Evening,False
ORD-01563,2025-11-22,19,S01,C0231,Cutting Chai,1,20.0,10,UPI,21.9,5.0,Tea,Lucknow,Campus,2019,False,True,18.0,11,Nov,Saturday,True,Evening,False
ORD-02050,2025-05-03,12,S06,C0170,Cheesecake,1,150.0,0,UPI,28.2,,Dessert,Pune,Campus,2021,False,False,150.0,5,May,Saturday,True,Lunch,False
ORD-01656,2025-05-27,12,S06,C0387,Maggi,2,70.0,0,Cash,25.8,5.0,Snacks,Pune,Campus,2021,False,True,140.0,5,May,Tuesday,False,Lunch,False
ORD-00088,2025-06-18,19,S02,C0545,Cold Coffee,2,120.0,0,UPI,31.7,5.0,Cold Drinks,Lucknow,Mall,2021,False,True,240.0,6,Jun,Wednesday,False,Evening,True
ORD-00444,2025-03-12,13,S07,C0239,Ginger Tea,1,35.0,0,Cash,25.8,,Tea,Jaipur,Street,2023,False,False,35.0,3,Mar,Wednesday,False,Lunch,False
ORD-02712,2025-04-01,9,S01,C0477,Mango Shake,1,100.0,10,UPI,18.0,5.0,Cold Drinks,Lucknow,Campus,2019,False,True,90.0,4,Apr,Tuesday,False,Morning,False
ORD-00052,2025-01-04,17,S04,C0646,Masala Chai,3,30.0,0,UPI,24.7,4.0,Tea,Delhi,Street,2020,True,True,90.0,1,Jan,Saturday,True,Evening,False
ORD-01587,2025-05-06,17,S01,C0107,Cold Coffee,2,120.0,5,Cash,21.6,5.0,Cold Drinks,Lucknow,Campus,2019,True,True,228.0,5,May,Tuesday,False,Evening,False
ORD-01631,2025-06-24,11,S04,C0757,Filter Coffee,1,60.0,0,UPI,13.3,5.0,Coffee,Delhi,Street,2020,False,True,60.0,6,Jun,Tuesday,False,Morning,False
ORD-03000,2025-02-05,17,S05,GUEST,Bun Maska,1,40.0,15,UPI,20.7,5.0,Snacks,Pune,Mall,2022,False,True,34.0,2,Feb,Wednesday,False,Evening,False
ORD-00414,2025-11-24,21,S08,C0278,Masala Chai,1,30.0,20,UPI,18.7,5.0,Tea,Indore,Street,2022,False,True,24.0,11,Nov,Monday,False,Night,False
ORD-00059,2025-02-21,8,S07,C0343,Cutting Chai,3,20.0,0,Card,25.0,5.0,Tea,Jaipur,Street,2023,False,True,60.0,2,Feb,Friday,False,Morning,False
ORD-00400,2025-06-11,18,S07,C0480,Samosa,1,25.0,5,UPI,14.1,5.0,Snacks,Jaipur,Street,2023,False,True,23.75,6,Jun,Wednesday,False,Evening,False
ORD-02562,2025-09-05,16,S02,C0200,Ginger Tea,3,35.0,20,Cash,28.6,4.0,Tea,Lucknow,Mall,2021,False,True,84.0,9,Sep,Friday,False,Evening,False
ORD-02876,2025-03-21,13,S03,C0503,Espresso,1,80.0,10,Cash,31.1,,Coffee,Delhi,Campus,2018,False,False,72.0,3,Mar,Friday,False,Lunch,True
ORD-02394,2025-01-05,14,S06,C0081,Ginger Tea,2,35.0,15,UPI,10.3,,Tea,Pune,Campus,2021,False,False,59.5,1,Jan,Sunday,True,Lunch,False
ORD-01430,2025-06-13,17,S08,C0437,Masala Chai,4,30.0,20,Cash,16.3,,Tea,Indore,Street,2022,False,False,96.0,6,Jun,Friday,False,Evening,False
ORD-00255,2025-03-28,19,S08,C0851,Masala Chai,1,30.0,0,Card,32.1,5.0,Tea,Indore,Street,2022,False,True,30.0,3,Mar,Friday,False,Evening,True
ORD-00507,2025-04-26,17,S08,C0570,Cold Coffee,3,120.0,10,UPI,26.6,4.0,Cold Drinks,Indore,Street,2022,False,True,324.0,4,Apr,Saturday,True,Evening,False
ORD-00479,2025-08-20,13,S02,C0867,Maggi,3,70.0,20,Wallet,28.05,5.0,Snacks,Lucknow,Mall,2021,True,True,168.0,8,Aug,Wednesday,False,Lunch,False
ORD-01663,2025-10-13,22,S06,C0735,Espresso,2,80.0,20,Cash,16.7,5.0,Coffee,Pune,Campus,2021,False,True,128.0,10,Oct,Monday,False,Night,False
ORD-00917,2025-01-26,17,S03,C0467,Filter Coffee,3,60.0,5,UPI,14.8,5.0,Coffee,Delhi,Campus,2018,False,True,171.0,1,Jan,Sunday,True,Evening,False
ORD-00033,2025-04-29,14,S01,C0202,Filter Coffee,1,60.0,10,UPI,17.9,5.0,Coffee,Lucknow,Campus,2019,False,True,54.0,4,Apr,Tuesday,False,Lunch,False
ORD-00276,2025-05-24,9,S06,C0014,Veg Sandwich,3,90.0,5,Cash,23.2,4.0,Snacks,Pune,Campus,2021,False,True,256.5,5,May,Saturday,True,Morning,False
ORD-02003,2025-12-14,20,S03,C0585,Samosa,1,25.0,10,UPI,22.5,5.0,Snacks,Delhi,Campus,2018,False,True,22.5,12,Dec,Sunday,True,Night,False
ORD-02336,2025-09-09,8,S06,C0489,Bun Maska,3,40.0,0,UPI,27.9,5.0,Snacks,Pune,Campus,2021,False,True,120.0,9,Sep,Tuesday,False,Morning,False
ORD-01575,2025-02-09,19,S01,C0458,Veg Sandwich,3,90.0,5,Cash,24.9,5.0,Snacks,Lucknow,Campus,2019,False,True,256.5,2,Feb,Sunday,True,Evening,False
ORD-02314,2025-03-08,11,S03,C0323,Samosa,3,25.0,5,Card,17.7,,Snacks,Delhi,Campus,2018,False,False,71.25,3,Mar,Saturday,True,Morning,False
ORD-01508,2025-06-17,9,S07,C0535,Ginger Tea,1,35.0,10,Cash,26.7,5.0,Tea,Jaipur,Street,2023,False,True,31.5,6,Jun,Tuesday,False,Morning,False
ORD-01399,2025-07-27,20,S08,C0385,Cutting Chai,2,20.0,10,Card,35.6,5.0,Tea,Indore,Street,2022,False,True,36.0,7,Jul,Sunday,True,Night,True
ORD-02929,2025-05-14,18,S03,C0054,Maggi,2,70.0,5,Cash,21.8,4.0,Snacks,Delhi,Campus,2018,False,True,133.0,5,May,Wednesday,False,Evening,False
ORD-01782,2025-10-18,17,S03,C0137,Cheesecake,3,150.0,20,UPI,18.3,5.0,Dessert,Delhi,Campus,2018,False,True,360.0,10,Oct,Saturday,True,Evening,False
ORD-02005,2025-02-12,18,S06,C0224,Masala Chai,2,30.0,0,UPI,16.9,5.0,Tea,Pune,Campus,2021,False,True,60.0,2,Feb,Wednesday,False,Evening,False
ORD-01202,2025-07-20,19,S03,C0078,Veg Sandwich,2,90.0,0,Cash,37.3,,Snacks,Delhi,Campus,2018,False,False,180.0,7,Jul,Sunday,True,Evening,True
ORD-01732,2025-01-19,8,S04,C0335,Maggi,2,70.0,5,Cash,20.8,4.0,Snacks,Delhi,Street,2020,False,True,133.0,1,Jan,Sunday,True,Morning,False
ORD-01870,2025-11-01,21,S06,C0181,Cold Coffee,2,120.0,15,Cash,16.2,5.0,Cold Drinks,Pune,Campus,2021,False,True,204.0,11,Nov,Saturday,True,Night,False
ORD-00632,2025-10-28,21,S01,C0216,Brownie,2,110.0,10,UPI,21.3,5.0,Dessert,Lucknow,Campus,2019,False,True,198.0,10,Oct,Tuesday,False,Night,False
ORD-00932,2025-05-16,18,S06,C0260,Mango Shake,1,100.0,5,UPI,9.4,5.0,Cold Drinks,Pune,Campus,2021,False,True,95.0,5,May,Friday,False,Evening,False
ORD-02505,2025-04-12,20,S06,C0400,Maggi,1,70.0,10,Wallet,21.6,5.0,Snacks,Pune,Campus,2021,True,True,63.0,4,Apr,Saturday,True,Night,False
ORD-01065,2025-04-27,17,S03,C0736,Cutting Chai,1,20.0,0,Card,17.2,5.0,Tea,Delhi,Campus,2018,False,True,20.0,4,Apr,Sunday,True,Evening,False
ORD-02393,2025-05-11,18,S04,C0782,Brownie,2,110.0,5,Cash,19.5,5.0,Dessert,Delhi,Street,2020,False,True,209.0,5,May,Sunday,True,Evening,False
ORD-01084,2025-11-04,21,S02,C0823,Cutting Chai,3,20.0,10,UPI,22.4,5.0,Tea,Lucknow,Mall,2021,False,True,54.0,11,Nov,Tuesday,False,Night,False
ORD-00020,2025-08-19,19,S08,C0532,Cutting Chai,1,20.0,0,UPI,32.5,4.0,Tea,Indore,Street,2022,False,True,20.0,8,Aug,Tuesday,False,Evening,True
ORD-00292,2025-01-19,20,S08,C0486,Samosa,1,25.0,10,UPI,24.7,4.0,Snacks,Indore,Street,2022,True,True,22.5,1,Jan,Sunday,True,Night,False
ORD-01793,2025-03-21,16,S02,C0331,Cutting Chai,1,20.0,0,UPI,25.4,5.0,Tea,Lucknow,Mall,2021,False,True,20.0,3,Mar,Friday,False,Evening,False
ORD-01301,2025-03-20,12,S04,C0764,Espresso,1,80.0,10,Cash,26.8,5.0,Coffee,Delhi,Street,2020,False,True,72.0,3,Mar,Thursday,False,Lunch,False
ORD-02884,2025-05-01,21,S01,C0178,Brownie,1,110.0,0,UPI,21.6,5.0,Dessert,Lucknow,Campus,2019,True,True,110.0,5,May,Thursday,False,Night,False
ORD-01560,2025-11-13,19,S08,C0194,Samosa,1,25.0,10,Wallet,25.8,4.0,Snacks,Indore,Street,2022,False,True,22.5,11,Nov,Thursday,False,Evening,False
ORD-01023,2025-12-28,13,S03,C0497,Cutting Chai,4,20.0,10,Cash,27.4,5.0,Tea,Delhi,Campus,2018,False,True,72.0,12,Dec,Sunday,True,Lunch,False
ORD-02194,2025-01-22,17,S08,C0720,Mango Shake,2,100.0,15,UPI,25.4,5.0,Cold Drinks,Indore,Street,2022,False,True,170.0,1,Jan,Wednesday,False,Evening,False
ORD-01875,2025-11-27,22,S04,C0487,Filter Coffee,2,60.0,5,UPI,25.2,5.0,Coffee,Delhi,Street,2020,False,True,114.0,11,Nov,Thursday,False,Night,False
ORD-01800,2025-08-16,20,S03,C0503,Bun Maska,1,40.0,10,UPI,27.1,4.0,Snacks,Delhi,Campus,2018,False,True,36.0,8,Aug,Saturday,True,Night,False
ORD-02170,2025-07-03,19,S03,C0539,Ginger Tea,1,35.0,10,Card,32.4,5.0,Tea,Delhi,Campus,2018,False,True,31.5,7,Jul,Thursday,False,Evening,True
ORD-00724,2025-12-17,13,S01,C0554,Ginger Tea,3,35.0,20,Wallet,24.9,5.0,Tea,Lucknow,Campus,2019,False,True,84.0,12,Dec,Wednesday,False,Lunch,False
ORD-01262,2025-05-27,21,S07,C0117,Maggi,3,70.0,0,Wallet,21.8,5.0,Snacks,Jaipur,Street,2023,False,True,210.0,5,May,Tuesday,False,Night,False
ORD-02857,2025-08-30,12,S08,C0602,Mango Shake,2,100.0,10,UPI,30.5,5.0,Cold Drinks,Indore,Street,2022,False,True,180.0,8,Aug,Saturday,True,Lunch,True
ORD-02115,2025-01-05,18,S01,C0580,Masala Chai,1,30.0,5,UPI,22.2,5.0,Tea,Lucknow,Campus,2019,False,True,28.5,1,Jan,Sunday,True,Evening,False
ORD-01385,2025-12-16,19,S01,C0109,Bun Maska,1,40.0,10,Wallet,35.4,4.0,Snacks,Lucknow,Campus,2019,False,True,36.0,12,Dec,Tuesday,False,Evening,True
ORD-02930,2025-09-12,19,S03,C0141,Masala Chai,2,30.0,5,UPI,31.5,5.0,Tea,Delhi,Campus,2018,False,True,57.0,9,Sep,Friday,False,Evening,True
ORD-00446,2025-09-17,13,S01,C0639,Ginger Tea,1,35.0,0,Cash,29.1,5.0,Tea,Lucknow,Campus,2019,False,True,35.0,9,Sep,Wednesday,False,Lunch,False
ORD-00008,2025-10-14,17,S07,C0834,Masala Chai,2,30.0,15,Wallet,25.4,5.0,Tea,Jaipur,Street,2023,False,True,51.0,10,Oct,Tuesday,False,Evening,False
ORD-02012,2025-04-15,20,S06,C0057,Mango Shake,1,100.0,5,UPI,25.2,5.0,Cold Drinks,Pune,Campus,2021,False,True,95.0,4,Apr,Tuesday,False,Night,False
ORD-01007,2025-12-03,14,S07,C0150,Filter Coffee,2,60.0,5,Card,21.0,5.0,Coffee,Jaipur,Street,2023,False,True,114.0,12,Dec,Wednesday,False,Lunch,False
ORD-00263,2025-04-24,18,S01,C0335,Masala Chai,1,30.0,5,UPI,16.6,5.0,Tea,Lucknow,Campus,2019,False,True,28.5,4,Apr,Thursday,False,Evening,False
ORD-00805,2025-02-16,12,S08,C0317,Masala Chai,2,30.0,10,UPI,20.5,,Tea,Indore,Street,2022,False,False,54.0,2,Feb,Sunday,True,Lunch,False
ORD-02203,2025-11-23,18,S02,C0035,Masala Chai,4,30.0,15,UPI,29.0,5.0,Tea,Lucknow,Mall,2021,False,True,102.0,11,Nov,Sunday,True,Evening,False
ORD-01996,2025-10-03,19,S03,C0266,Cutting Chai,1,20.0,0,UPI,19.9,5.0,Tea,Delhi,Campus,2018,False,True,20.0,10,Oct,Friday,False,Evening,False
ORD-02107,2025-09-18,19,S02,C0062,Cutting Chai,3,20.0,10,UPI,33.2,4.0,Tea,Lucknow,Mall,2021,False,True,54.0,9,Sep,Thursday,False,Evening,True
ORD-01404,2025-04-24,17,S04,C0709,Filter Coffee,2,60.0,10,Card,20.5,5.0,Coffee,Delhi,Street,2020,False,True,108.0,4,Apr,Thursday,False,Evening,False
ORD-01339,2025-11-17,13,S01,C0351,Filter Coffee,2,60.0,10,UPI,30.3,5.0,Coffee,Lucknow,Campus,2019,False,True,108.0,11,Nov,Monday,False,Lunch,True
ORD-00711,2025-12-29,19,S01,C0650,Veg Sandwich,4,90.0,10,Cash,26.8,5.0,Snacks,Lucknow,Campus,2019,False,True,324.0,12,Dec,Monday,False,Evening,False
ORD-02586,2025-06-12,21,S03,C0588,Brownie,4,110.0,0,Card,15.1,5.0,Dessert,Delhi,Campus,2018,False,True,440.0,6,Jun,Thursday,False,Night,False
ORD-02510,2025-08-23,13,S07,C0185,Mango Shake,2,100.0,20,Cash,30.6,4.0,Cold Drinks,Jaipur,Street,2023,False,True,160.0,8,Aug,Saturday,True,Lunch,True
ORD-02294,2025-04-23,17,S01,C0188,Samosa,1,25.0,15,UPI,10.6,5.0,Snacks,Lucknow,Campus,2019,False,True,21.25,4,Apr,Wednesday,False,Evening,False
ORD-00456,2025-03-09,10,S06,C0077,Bun Maska,4,40.0,15,Cash,23.1,5.0,Snacks,Pune,Campus,2021,False,True,136.0,3,Mar,Sunday,True,Morning,False
ORD-02981,2025-08-12,16,S04,C0372,Cold Coffee,4,120.0,0,UPI,22.5,5.0,Cold Drinks,Delhi,Street,2020,False,True,480.0,8,Aug,Tuesday,False,Evening,False
ORD-02529,2025-10-30,19,S06,C0418,Brownie,1,110.0,0,Card,20.2,,Dessert,Pune,Campus,2021,False,False,110.0,10,Oct,Thursday,False,Evening,False
ORD-02551,2025-07-18,10,S05,C0166,Ginger Tea,1,35.0,0,UPI,23.5,5.0,Tea,Pune,Mall,2022,False,True,35.0,7,Jul,Friday,False,Morning,False
ORD-01677,2025-09-23,15,S03,C0468,Masala Chai,3,30.0,5,UPI,18.4,,Tea,Delhi,Campus,2018,False,False,85.5,9,Sep,Tuesday,False,Lunch,False
ORD-01338,2025-08-05,21,S04,C0071,Masala Chai,4,30.0,15,UPI,19.2,5.0,Tea,Delhi,Street,2020,False,True,102.0,8,Aug,Tuesday,False,Night,False
ORD-02996,2025-06-22,19,S08,C0053,Cold Coffee,2,120.0,15,UPI,29.4,4.0,Cold Drinks,Indore,Street,2022,False,True,204.0,6,Jun,Sunday,True,Evening,False
ORD-01102,2025-05-03,19,S02,C0585,Samosa,1,25.0,0,UPI,32.1,4.0,Snacks,Lucknow,Mall,2021,False,True,25.0,5,May,Saturday,True,Evening,True
ORD-01775,2025-08-22,10,S06,C0868,Masala Chai,1,30.0,15,UPI,19.7,5.0,Tea,Pune,Campus,2021,False,True,25.5,8,Aug,Friday,False,Morning,False
ORD-00704,2025-11-16,13,S01,C0239,Mango Shake,3,100.0,10,UPI,21.9,5.0,Cold Drinks,Lucknow,Campus,2019,False,True,270.0,11,Nov,Sunday,True,Lunch,False
ORD-00555,2025-01-17,10,S01,C0349,Cutting Chai,3,20.0,20,UPI,14.6,5.0,Tea,Lucknow,Campus,2019,False,True,48.0,1,Jan,Friday,False,Morning,False
ORD-01778,2025-06-13,15,S07,C0438,Masala Chai,1,30.0,15,Card,25.8,5.0,Tea,Jaipur,Street,2023,False,True,25.5,6,Jun,Friday,False,Lunch,False
ORD-01350,2025-02-13,19,S01,C0604,Bun Maska,1,40.0,10,Card,28.2,,Snacks,Lucknow,Campus,2019,False,False,36.0,2,Feb,Thursday,False,Evening,False
ORD-01119,2025-04-09,14,S02,C0581,Espresso,3,80.0,5,Cash,29.7,4.0,Coffee,Lucknow,Mall,2021,False,True,228.0,4,Apr,Wednesday,False,Lunch,False
ORD-00690,2025-07-17,11,S04,C0334,Filter Coffee,4,60.0,10,UPI,26.6,,Coffee,Delhi,Street,2020,False,False,216.0,7,Jul,Thursday,False,Morning,False
ORD-02055,2025-04-29,13,S08,C0331,Veg Sandwich,1,90.0,0,UPI,30.5,4.0,Snacks,Indore,Street,2022,False,True,90.0,4,Apr,Tuesday,False,Lunch,True
ORD-01255,2025-02-14,18,S04,C0215,Bun Maska,1,40.0,10,Card,26.9,5.0,Snacks,Delhi,Street,2020,False,True,36.0,2,Feb,Friday,False,Evening,False
ORD-00510,2025-02-12,9,S05,C0195,Cutting Chai,1,20.0,10,Cash,23.8,5.0,Tea,Pune,Mall,2022,False,True,18.0,2,Feb,Wednesday,False,Morning,False
ORD-02911,2025-09-14,20,S03,C0133,Brownie,2,110.0,0,Wallet,35.6,3.0,Dessert,Delhi,Campus,2018,False,True,220.0,9,Sep,Sunday,True,Night,True
ORD-01670,2025-11-13,10,S04,C0481,Cutting Chai,2,20.0,10,Card,18.8,5.0,Tea,Delhi,Street,2020,False,True,36.0,11,Nov,Thursday,False,Morning,False
ORD-00313,2025-03-26,12,S08,C0842,Cold Coffee,1,120.0,0,Cash,26.3,5.0,Cold Drinks,Indore,Street,2022,False,True,120.0,3,Mar,Wednesday,False,Lunch,False
ORD-01682,2025-10-27,19,S06,C0446,Masala Chai,2,30.0,0,UPI,17.9,5.0,Tea,Pune,Campus,2021,False,True,60.0,10,Oct,Monday,False,Evening,False
ORD-00811,2025-01-02,13,S02,C0428,Filter Coffee,2,60.0,10,Cash,37.3,4.0,Coffee,Lucknow,Mall,2021,False,True,108.0,1,Jan,Thursday,False,Lunch,True
ORD-00151,2025-10-29,13,S07,C0524,Masala Chai,1,30.0,0,UPI,19.1,5.0,Tea,Jaipur,Street,2023,False,True,30.0,10,Oct,Wednesday,False,Lunch,False
ORD-00976,2025-08-10,10,S01,C0316,Cutting Chai,2,20.0,0,Card,23.1,5.0,Tea,Lucknow,Campus,2019,False,True,40.0,8,Aug,Sunday,True,Morning,False
ORD-01734,2025-04-05,22,S02,C0691,Filter Coffee,1,60.0,10,UPI,34.5,5.0,Coffee,Lucknow,Mall,2021,False,True,54.0,4,Apr,Saturday,True,Night,True
ORD-00468,2025-12-10,17,S06,C0712,Cutting Chai,1,20.0,0,Cash,22.5,5.0,Tea,Pune,Campus,2021,False,True,20.0,12,Dec,Wednesday,False,Evening,False
ORD-01382,2025-01-13,17,S03,C0248,Cutting Chai,1,20.0,5,UPI,14.8,5.0,Tea,Delhi,Campus,2018,False,True,19.0,1,Jan,Monday,False,Evening,False
ORD-00028,2025-01-17,19,S01,C0139,Veg Sandwich,1,90.0,5,Card,31.7,,Snacks,Lucknow,Campus,2019,False,False,85.5,1,Jan,Friday,False,Evening,True
ORD-02143,2025-10-07,18,S03,C0891,Ginger Tea,2,35.0,10,UPI,16.4,5.0,Tea,Delhi,Campus,2018,False,True,63.0,10,Oct,Tuesday,False,Evening,False
ORD-02133,2025-12-28,11,S07,C0140,Cutting Chai,3,20.0,15,Card,21.4,5.0,Tea,Jaipur,Street,2023,False,True,51.0,12,Dec,Sunday,True,Morning,False
ORD-02429,2025-08-19,9,S08,C0418,Maggi,2,70.0,0,UPI,30.7,4.0,Snacks,Indore,Street,2022,False,True,140.0,8,Aug,Tuesday,False,Morning,True
ORD-02976,2025-10-26,12,S01,C0178,Cutting Chai,3,20.0,10,UPI,21.6,5.0,Tea,Lucknow,Campus,2019,True,True,54.0,10,Oct,Sunday,True,Lunch,False
ORD-02453,2025-08-23,13,S01,C0656,Bun Maska,4,40.0,0,UPI,25.9,5.0,Snacks,Lucknow,Campus,2019,False,True,160.0,8,Aug,Saturday,True,Lunch,False
ORD-00174,2025-12-08,11,S04,C0667,Cheesecake,3,150.0,5,Cash,29.1,4.0,Dessert,Delhi,Street,2020,False,True,427.5,12,Dec,Monday,False,Morning,False
ORD-02561,2025-08-14,20,S03,C0805,Maggi,1,70.0,5,UPI,30.3,4.0,Snacks,Delhi,Campus,2018,False,True,66.5,8,Aug,Thursday,False,Night,True
ORD-02883,2025-07-20,17,S05,C0410,Bun Maska,2,40.0,0,UPI,31.3,5.0,Snacks,Pune,Mall,2022,False,True,80.0,7,Jul,Sunday,True,Evening,True
ORD-00084,2025-03-02,12,S01,C0802,Bun Maska,2,40.0,10,Cash,22.1,5.0,Snacks,Lucknow,Campus,2019,False,True,72.0,3,Mar,Sunday,True,Lunch,False
ORD-02607,2025-08-13,18,S02,C0257,Masala Chai,3,30.0,0,UPI,26.4,5.0,Tea,Lucknow,Mall,2021,False,True,90.0,8,Aug,Wednesday,False,Evening,False
ORD-01504,2025-06-05,17,S04,C0691,Cold Coffee,2,120.0,0,Card,21.0,5.0,Cold Drinks,Delhi,Street,2020,False,True,240.0,6,Jun,Thursday,False,Evening,False
ORD-02220,2025-04-26,19,S07,C0507,Cutting Chai,1,20.0,0,UPI,24.7,5.0,Tea,Jaipur,Street,2023,True,True,20.0,4,Apr,Saturday,True,Evening,False
ORD-00385,2025-05-18,15,S02,C0781,Ginger Tea,1,35.0,5,UPI,28.05,5.0,Tea,Lucknow,Mall,2021,True,True,33.25,5,May,Sunday,True,Lunch,False
ORD-02334,2025-02-20,14,S05,C0542,Masala Chai,3,30.0,0,UPI,26.9,5.0,Tea,Pune,Mall,2022,False,True,90.0,2,Feb,Thursday,False,Lunch,False
ORD-01871,2025-04-21,14,S01,C0725,Cold Coffee,4,120.0,0,Unknown,13.2,5.0,Cold Drinks,Lucknow,Campus,2019,False,True,480.0,4,Apr,Monday,False,Lunch,False
ORD-02273,2025-10-03,21,S08,C0002,Veg Sandwich,1,90.0,15,Cash,24.6,5.0,Snacks,Indore,Street,2022,False,True,76.5,10,Oct,Friday,False,Night,False
ORD-01443,2025-02-26,22,S06,C0182,Veg Sandwich,1,90.0,0,Card,20.7,4.0,Snacks,Pune,Campus,2021,False,True,90.0,2,Feb,Wednesday,False,Night,False
ORD-00208,2025-09-05,14,S03,C0390,Masala Chai,3,30.0,0,Card,31.6,4.0,Tea,Delhi,Campus,2018,False,True,90.0,9,Sep,Friday,False,Lunch,True
ORD-01626,2025-09-30,18,S01,C0302,Samosa,2,25.0,10,UPI,21.5,5.0,Snacks,Lucknow,Campus,2019,False,True,45.0,9,Sep,Tuesday,False,Evening,False
ORD-02627,2025-07-24,12,S03,C0375,Bun Maska,1,40.0,10,UPI,30.2,5.0,Snacks,Delhi,Campus,2018,False,True,36.0,7,Jul,Thursday,False,Lunch,True
ORD-00837,2025-10-04,11,S01,C0589,Samosa,1,25.0,20,Card,23.5,5.0,Snacks,Lucknow,Campus,2019,False,True,20.0,10,Oct,Saturday,True,Morning,False
ORD-01479,2025-06-27,12,S04,C0077,Veg Sandwich,2,90.0,10,UPI,29.2,,Snacks,Delhi,Street,2020,False,False,162.0,6,Jun,Friday,False,Lunch,False
ORD-02878,2025-05-27,9,S06,C0583,Ginger Tea,3,35.0,5,Cash,17.4,5.0,Tea,Pune,Campus,2021,False,True,99.75,5,May,Tuesday,False,Morning,False
ORD-00611,2025-07-21,21,S06,C0379,Samosa,1,25.0,10,UPI,15.9,5.0,Snacks,Pune,Campus,2021,False,True,22.5,7,Jul,Monday,False,Night,False
ORD-00347,2025-12-12,14,S08,C0598,Bun Maska,1,40.0,0,Card,24.7,5.0,Snacks,Indore,Street,2022,False,True,40.0,12,Dec,Friday,False,Lunch,False
ORD-00612,2025-08-27,18,S02,GUEST,Ginger Tea,1,35.0,0,UPI,28.4,5.0,Tea,Lucknow,Mall,2021,False,True,35.0,8,Aug,Wednesday,False,Evening,False
ORD-01246,2025-04-07,19,S08,C0252,Filter Coffee,1,60.0,20,UPI,25.4,5.0,Coffee,Indore,Street,2022,False,True,48.0,4,Apr,Monday,False,Evening,False
ORD-01011,2025-08-30,18,S01,C0517,Cutting Chai,1,20.0,5,UPI,24.3,4.0,Tea,Lucknow,Campus,2019,False,True,19.0,8,Aug,Saturday,True,Evening,False
ORD-00457,2025-12-24,12,S04,C0450,Maggi,2,70.0,0,Card,28.6,5.0,Snacks,Delhi,Street,2020,False,True,140.0,12,Dec,Wednesday,False,Lunch,False
ORD-02865,2025-06-01,13,S01,C0260,Samosa,3,25.0,0,Wallet,19.8,4.0,Snacks,Lucknow,Campus,2019,False,True,75.0,6,Jun,Sunday,True,Lunch,False
ORD-01649,2025-11-28,12,S03,C0865,Cutting Chai,3,20.0,0,UPI,22.1,5.0,Tea,Delhi,Campus,2018,False,True,60.0,11,Nov,Friday,False,Lunch,False
ORD-00024,2025-11-22,15,S07,C0003,Espresso,2,80.0,0,Card,15.7,5.0,Coffee,Jaipur,Street,2023,False,True,160.0,11,Nov,Saturday,True,Lunch,False
ORD-01779,2025-05-07,18,S02,C0282,Espresso,2,80.0,0,UPI,36.8,3.0,Coffee,Lucknow,Mall,2021,False,True,160.0,5,May,Wednesday,False,Evening,True
ORD-02248,2025-08-17,15,S01,C0027,Cutting Chai,1,20.0,5,Cash,16.0,5.0,Tea,Lucknow,Campus,2019,False,True,19.0,8,Aug,Sunday,True,Lunch,False
ORD-00213,2025-03-15,10,S03,C0482,Bun Maska,2,40.0,10,UPI,8.1,5.0,Snacks,Delhi,Campus,2018,False,True,72.0,3,Mar,Saturday,True,Morning,False
ORD-01678,2025-06-10,19,S08,C0317,Cutting Chai,1,20.0,0,UPI,33.8,5.0,Tea,Indore,Street,2022,False,True,20.0,6,Jun,Tuesday,False,Evening,True
ORD-01702,2025-12-26,14,S04,C0203,Ginger Tea,1,35.0,0,UPI,25.5,5.0,Tea,Delhi,Street,2020,False,True,35.0,12,Dec,Friday,False,Lunch,False
ORD-00387,2025-09-20,20,S03,C0027,Cold Coffee,1,120.0,0,Cash,31.0,4.0,Cold Drinks,Delhi,Campus,2018,False,True,120.0,9,Sep,Saturday,True,Night,True
ORD-00750,2025-11-03,10,S06,C0705,Masala Chai,1,30.0,0,UPI,17.7,4.0,Tea,Pune,Campus,2021,False,True,30.0,11,Nov,Monday,False,Morning,False
ORD-02928,2025-08-03,19,S08,C0298,Veg Sandwich,2,90.0,15,Cash,40.9,3.0,Snacks,Indore,Street,2022,False,True,153.0,8,Aug,Sunday,True,Evening,True
ORD-02388,2025-01-17,18,S05,C0656,Masala Chai,2,30.0,5,Unknown,23.8,5.0,Tea,Pune,Mall,2022,False,True,57.0,1,Jan,Friday,False,Evening,False
ORD-02122,2025-01-12,17,S05,C0049,Cutting Chai,1,20.0,0,UPI,22.1,5.0,Tea,Pune,Mall,2022,False,True,20.0,1,Jan,Sunday,True,Evening,False
ORD-01068,2025-09-07,21,S08,C0028,Samosa,3,25.0,15,Cash,20.8,5.0,Snacks,Indore,Street,2022,False,True,63.75,9,Sep,Sunday,True,Night,False
ORD-00283,2025-03-28,15,S03,C0562,Cutting Chai,4,20.0,20,Wallet,21.6,5.0,Tea,Delhi,Campus,2018,True,True,64.0,3,Mar,Friday,False,Lunch,False
ORD-01477,2025-06-09,15,S04,C0545,Mango Shake,3,100.0,5,Card,24.7,5.0,Cold Drinks,Delhi,Street,2020,True,True,285.0,6,Jun,Monday,False,Lunch,False
ORD-01432,2025-08-12,17,S05,C0777,Maggi,1,70.0,5,Cash,30.3,4.0,Snacks,Pune,Mall,2022,False,True,66.5,8,Aug,Tuesday,False,Evening,True
ORD-01862,2025-12-29,19,S01,C0642,Veg Sandwich,2,90.0,15,Wallet,23.4,,Snacks,Lucknow,Campus,2019,False,False,153.0,12,Dec,Monday,False,Evening,False
ORD-01666,2025-11-07,17,S04,C0289,Ginger Tea,1,35.0,0,Cash,17.5,5.0,Tea,Delhi,Street,2020,False,True,35.0,11,Nov,Friday,False,Evening,False
ORD-02860,2025-06-16,16,S02,C0642,Filter Coffee,2,60.0,5,Wallet,26.0,,Coffee,Lucknow,Mall,2021,False,False,114.0,6,Jun,Monday,False,Evening,False
ORD-02114,2025-08-12,14,S06,C0449,Brownie,2,110.0,0,UPI,26.7,5.0,Dessert,Pune,Campus,2021,False,True,220.0,8,Aug,Tuesday,False,Lunch,False
ORD-01930,2025-06-10,13,S06,C0244,Espresso,1,80.0,5,UPI,24.9,5.0,Coffee,Pune,Campus,2021,False,True,76.0,6,Jun,Tuesday,False,Lunch,False
ORD-01345,2025-12-25,13,S03,C0780,Samosa,2,25.0,0,UPI,17.8,5.0,Snacks,Delhi,Campus,2018,False,True,50.0,12,Dec,Thursday,False,Lunch,False
ORD-00189,2025-09-30,19,S05,C0807,Masala Chai,1,30.0,0,UPI,32.8,5.0,Tea,Pune,Mall,2022,False,True,30.0,9,Sep,Tuesday,False,Evening,True
ORD-00437,2025-02-15,13,S04,C0740,Cutting Chai,1,20.0,0,UPI,29.1,5.0,Tea,Delhi,Street,2020,False,True,20.0,2,Feb,Saturday,True,Lunch,False
ORD-00586,2025-08-19,20,S02,C0212,Veg Sandwich,2,90.0,0,UPI,40.2,3.0,Snacks,Lucknow,Mall,2021,False,True,180.0,8,Aug,Tuesday,False,Night,True
ORD-01517,2025-02-10,9,S07,C0258,Ginger Tea,2,35.0,0,Card,18.0,,Tea,Jaipur,Street,2023,False,False,70.0,2,Feb,Monday,False,Morning,False
ORD-02149,2025-10-09,10,S07,C0778,Maggi,1,70.0,10,Card,24.8,4.0,Snacks,Jaipur,Street,2023,False,True,63.0,10,Oct,Thursday,False,Morning,False
ORD-02727,2025-10-14,14,S08,C0763,Samosa,1,25.0,5,Card,23.8,5.0,Snacks,Indore,Street,2022,False,True,23.75,10,Oct,Tuesday,False,Lunch,False
ORD-02136,2025-07-13,21,S04,C0008,Cold Coffee,3,120.0,5,UPI,27.5,5.0,Cold Drinks,Delhi,Street,2020,False,True,342.0,7,Jul,Sunday,True,Night,False
ORD-00187,2025-05-17,18,S06,C0093,Samosa,1,25.0,0,Cash,12.4,5.0,Snacks,Pune,Campus,2021,False,True,25.0,5,May,Saturday,True,Evening,False
ORD-01407,2025-12-19,19,S08,C0823,Maggi,1,70.0,0,Cash,26.5,5.0,Snacks,Indore,Street,2022,False,True,70.0,12,Dec,Friday,False,Evening,False
ORD-01559,2025-08-23,19,S07,C0713,Masala Chai,3,30.0,15,UPI,33.1,4.0,Tea,Jaipur,Street,2023,False,True,76.5,8,Aug,Saturday,True,Evening,True
ORD-02487,2025-10-10,21,S08,C0080,Maggi,2,70.0,0,UPI,20.5,5.0,Snacks,Indore,Street,2022,False,True,140.0,10,Oct,Friday,False,Night,False
ORD-00003,2025-11-10,15,S05,C0267,Cutting Chai,1,20.0,0,Cash,21.1,4.0,Tea,Pune,Mall,2022,False,True,20.0,11,Nov,Monday,False,Lunch,False
ORD-01890,2025-06-13,9,S06,C0782,Cheesecake,2,150.0,0,UPI,19.3,,Dessert,Pune,Campus,2021,False,False,300.0,6,Jun,Friday,False,Morning,False
ORD-02022,2025-02-09,21,S03,C0819,Bun Maska,1,40.0,0,UPI,19.9,5.0,Snacks,Delhi,Campus,2018,False,True,40.0,2,Feb,Sunday,True,Night,False
ORD-00328,2025-07-14,9,S05,C0766,Veg Sandwich,1,90.0,0,Cash,36.8,5.0,Snacks,Pune,Mall,2022,False,True,90.0,7,Jul,Monday,False,Morning,True
ORD-01574,2025-11-02,14,S03,C0698,Cutting Chai,1,20.0,10,UPI,17.9,5.0,Tea,Delhi,Campus,2018,False,True,18.0,11,Nov,Sunday,True,Lunch,False
ORD-02927,2025-09-07,13,S06,C0483,Veg Sandwich,1,90.0,5,Cash,32.3,4.0,Snacks,Pune,Campus,2021,False,True,85.5,9,Sep,Sunday,True,Lunch,True
ORD-00154,2025-07-22,21,S03,C0267,Masala Chai,1,30.0,5,UPI,19.2,4.0,Tea,Delhi,Campus,2018,False,True,28.5,7,Jul,Tuesday,False,Night,False
ORD-00300,2025-08-23,9,S08,C0599,Masala Chai,4,30.0,0,UPI,28.1,5.0,Tea,Indore,Street,2022,False,True,120.0,8,Aug,Saturday,True,Morning,False
ORD-02741,2025-02-03,17,S01,C0491,Samosa,1,25.0,10,Unknown,20.1,5.0,Snacks,Lucknow,Campus,2019,False,True,22.5,2,Feb,Monday,False,Evening,False
ORD-00426,2025-10-20,19,S01,C0150,Cold Coffee,1,120.0,0,Card,27.3,5.0,Cold Drinks,Lucknow,Campus,2019,False,True,120.0,10,Oct,Monday,False,Evening,False
ORD-01603,2025-09-05,20,S04,C0493,Cheesecake,1,150.0,5,Unknown,37.3,3.0,Dessert,Delhi,Street,2020,False,True,142.5,9,Sep,Friday,False,Night,True
ORD-01576,2025-03-23,18,S08,C0341,Cutting Chai,1,20.0,15,Card,22.5,5.0,Tea,Indore,Street,2022,False,True,17.0,3,Mar,Sunday,True,Evening,False
ORD-01796,2025-04-19,17,S06,C0602,Ginger Tea,2,35.0,10,UPI,21.6,5.0,Tea,Pune,Campus,2021,True,True,63.0,4,Apr,Saturday,True,Evening,False
ORD-00712,2025-09-04,14,S07,C0216,Bun Maska,1,40.0,0,Cash,22.8,5.0,Snacks,Jaipur,Street,2023,False,True,40.0,9,Sep,Thursday,False,Lunch,False
ORD-00635,2025-01-18,18,S07,C0383,Espresso,2,80.0,0,UPI,22.6,5.0,Coffee,Jaipur,Street,2023,False,True,160.0,1,Jan,Saturday,True,Evening,False
ORD-01485,2025-08-21,12,S03,C0887,Maggi,4,70.0,0,Card,28.4,5.0,Snacks,Delhi,Campus,2018,False,True,280.0,8,Aug,Thursday,False,Lunch,False
ORD-01346,2025-08-10,19,S04,C0160,Brownie,2,110.0,15,Cash,33.2,5.0,Dessert,Delhi,Street,2020,False,True,187.0,8,Aug,Sunday,True,Evening,True
ORD-00183,2025-07-09,14,S07,C0678,Espresso,2,80.0,20,Cash,26.7,5.0,Coffee,Jaipur,Street,2023,False,True,128.0,7,Jul,Wednesday,False,Lunch,False
ORD-00240,2025-02-09,21,S05,C0540,Cutting Chai,1,20.0,10,Wallet,25.8,5.0,Tea,Pune,Mall,2022,False,True,18.0,2,Feb,Sunday,True,Night,False
ORD-02498,2025-03-19,22,S08,C0272,Ginger Tea,2,35.0,0,UPI,21.7,4.0,Tea,Indore,Street,2022,False,True,70.0,3,Mar,Wednesday,False,Night,False
ORD-02452,2025-09-20,21,S01,C0446,Mango Shake,2,100.0,15,UPI,23.9,4.0,Cold Drinks,Lucknow,Campus,2019,False,True,170.0,9,Sep,Saturday,True,Night,False
ORD-00346,2025-10-18,17,S05,C0506,Samosa,4,25.0,5,UPI,21.3,5.0,Snacks,Pune,Mall,2022,False,True,95.0,10,Oct,Saturday,True,Evening,False
ORD-02970,2025-03-08,13,S04,C0374,Veg Sandwich,1,90.0,20,UPI,24.5,4.0,Snacks,Delhi,Street,2020,False,True,72.0,3,Mar,Saturday,True,Lunch,False
ORD-02296,2025-01-15,20,S04,C0356,Espresso,1,80.0,15,Cash,25.5,4.0,Coffee,Delhi,Street,2020,False,True,68.0,1,Jan,Wednesday,False,Night,False
ORD-02709,2025-03-04,15,S01,C0605,Masala Chai,3,30.0,5,Cash,21.6,4.0,Tea,Lucknow,Campus,2019,True,True,85.5,3,Mar,Tuesday,False,Lunch,False
ORD-02312,2025-01-29,17,S03,C0439,Cutting Chai,1,20.0,0,Card,13.9,5.0,Tea,Delhi,Campus,2018,False,True,20.0,1,Jan,Wednesday,False,Evening,False
ORD-00693,2025-03-28,18,S08,C0278,Masala Chai,2,30.0,20,Cash,21.8,4.0,Tea,Indore,Street,2022,False,True,48.0,3,Mar,Friday,False,Evening,False
ORD-01720,2025-10-30,17,S04,C0563,Masala Chai,1,30.0,0,UPI,19.0,,Tea,Delhi,Street,2020,False,False,30.0,10,Oct,Thursday,False,Evening,False
ORD-01679,2025-11-16,9,S08,C0628,Masala Chai,3,30.0,5,Card,21.6,5.0,Tea,Indore,Street,2022,False,True,85.5,11,Nov,Sunday,True,Morning,False
ORD-02674,2025-06-22,19,S02,C0484,Mango Shake,1,100.0,5,Wallet,36.1,5.0,Cold Drinks,Lucknow,Mall,2021,False,True,95.0,6,Jun,Sunday,True,Evening,True
ORD-01648,2025-10-18,19,S03,C0502,Cutting Chai,1,20.0,10,UPI,26.3,5.0,Tea,Delhi,Campus,2018,False,True,18.0,10,Oct,Saturday,True,Evening,False
ORD-00322,2025-06-25,13,S03,C0474,Cold Coffee,2,120.0,5,UPI,23.4,4.0,Cold Drinks,Delhi,Campus,2018,False,True,228.0,6,Jun,Wednesday,False,Lunch,False
ORD-01638,2025-12-04,20,S08,C0890,Mango Shake,3,100.0,0,UPI,30.2,4.0,Cold Drinks,Indore,Street,2022,False,True,300.0,12,Dec,Thursday,False,Night,True
ORD-01606,2025-04-12,10,S08,C0143,Espresso,1,80.0,10,Card,24.7,,Coffee,Indore,Street,2022,True,False,72.0,4,Apr,Saturday,True,Morning,False
ORD-02985,2025-01-25,11,S05,C0397,Cold Coffee,2,120.0,15,Cash,21.4,5.0,Cold Drinks,Pune,Mall,2022,False,True,204.0,1,Jan,Saturday,True,Morning,False
ORD-00573,2025-06-26,14,S05,C0591,Espresso,1,80.0,10,Cash,30.6,4.0,Coffee,Pune,Mall,2022,False,True,72.0,6,Jun,Thursday,False,Lunch,True
ORD-00374,2025-04-26,21,S06,C0255,Ginger Tea,1,35.0,0,UPI,21.4,5.0,Tea,Pune,Campus,2021,False,True,35.0,4,Apr,Saturday,True,Night,False
ORD-01501,2025-09-03,13,S04,C0477,Masala Chai,4,30.0,15,UPI,35.3,5.0,Tea,Delhi,Street,2020,False,True,102.0,9,Sep,Wednesday,False,Lunch,True
ORD-00961,2025-07-15,15,S03,C0192,Ginger Tea,2,35.0,0,UPI,24.6,5.0,Tea,Delhi,Campus,2018,False,True,70.0,7,Jul,Tuesday,False,Lunch,False
ORD-00620,2025-01-16,18,S03,C0206,Brownie,3,110.0,20,UPI,18.2,,Dessert,Delhi,Campus,2018,False,False,264.0,1,Jan,Thursday,False,Evening,False
ORD-02638,2025-03-18,18,S03,C0683,Bun Maska,1,40.0,5,Card,16.9,5.0,Snacks,Delhi,Campus,2018,False,True,38.0,3,Mar,Tuesday,False,Evening,False
ORD-00770,2025-08-15,9,S03,C0415,Samosa,2,25.0,0,Card,21.0,4.0,Snacks,Delhi,Campus,2018,False,True,50.0,8,Aug,Friday,False,Morning,False
ORD-01837,2025-01-01,13,S03,C0804,Masala Chai,4,30.0,15,Cash,23.1,,Tea,Delhi,Campus,2018,False,False,102.0,1,Jan,Wednesday,False,Lunch,False
ORD-01318,2025-01-11,16,S08,C0204,Bun Maska,2,40.0,0,Unknown,22.5,5.0,Snacks,Indore,Street,2022,False,True,80.0,1,Jan,Saturday,True,Evening,False
ORD-01901,2025-08-01,11,S03,C0720,Cold Coffee,1,120.0,0,UPI,32.6,5.0,Cold Drinks,Delhi,Campus,2018,False,True,120.0,8,Aug,Friday,False,Morning,True
ORD-00985,2025-02-25,17,S03,C0869,Cutting Chai,1,20.0,0,UPI,21.6,5.0,Tea,Delhi,Campus,2018,True,True,20.0,2,Feb,Tuesday,False,Evening,False
ORD-01158,2025-01-01,19,S08,C0831,Masala Chai,3,30.0,5,UPI,28.7,4.0,Tea,Indore,Street,2022,False,True,85.5,1,Jan,Wednesday,False,Evening,False
ORD-02159,2025-06-01,11,S02,C0759,Cold Coffee,4,120.0,10,UPI,28.2,5.0,Cold Drinks,Lucknow,Mall,2021,False,True,432.0,6,Jun,Sunday,True,Morning,False
ORD-00221,2025-04-20,22,S04,C0557,Filter Coffee,1,60.0,10,UPI,24.7,,Coffee,Delhi,Street,2020,True,False,54.0,4,Apr,Sunday,True,Night,False
ORD-02754,2025-01-30,17,S07,C0655,Samosa,2,25.0,15,UPI,31.7,5.0,Snacks,Jaipur,Street,2023,False,True,42.5,1,Jan,Thursday,False,Evening,True
ORD-00022,2025-05-10,22,S08,C0448,Bun Maska,3,40.0,5,Wallet,28.8,,Snacks,Indore,Street,2022,False,False,114.0,5,May,Saturday,True,Night,False
ORD-02597,2025-02-02,13,S06,C0247,Maggi,1,70.0,0,UPI,20.6,5.0,Snacks,Pune,Campus,2021,False,True,70.0,2,Feb,Sunday,True,Lunch,False
ORD-00390,2025-11-07,8,S02,C0727,Cutting Chai,1,20.0,10,UPI,30.1,,Tea,Lucknow,Mall,2021,False,False,18.0,11,Nov,Friday,False,Morning,True
ORD-01546,2025-05-24,19,S03,C0682,Filter Coffee,3,60.0,15,Card,21.6,5.0,Coffee,Delhi,Campus,2018,True,True,153.0,5,May,Saturday,True,Evening,False
ORD-00677,2025-11-30,17,S04,C0563,Cutting Chai,3,20.0,0,Cash,25.6,4.0,Tea,Delhi,Street,2020,False,True,60.0,11,Nov,Sunday,True,Evening,False
ORD-00504,2025-07-04,12,S07,C0484,Samosa,1,25.0,15,Cash,31.5,4.0,Snacks,Jaipur,Street,2023,False,True,21.25,7,Jul,Friday,False,Lunch,True
ORD-01739,2025-07-13,18,S01,C0235,Masala Chai,2,30.0,20,UPI,18.6,,Tea,Lucknow,Campus,2019,False,False,48.0,7,Jul,Sunday,True,Evening,False
ORD-02301,2025-12-13,16,S06,C0565,Filter Coffee,4,60.0,20,UPI,16.5,5.0,Coffee,Pune,Campus,2021,False,True,192.0,12,Dec,Saturday,True,Evening,False
ORD-02961,2025-10-18,15,S02,C0235,Masala Chai,2,30.0,0,UPI,25.8,4.0,Tea,Lucknow,Mall,2021,False,True,60.0,10,Oct,Saturday,True,Lunch,False
ORD-00607,2025-11-13,16,S07,C0351,Masala Chai,1,30.0,10,Card,22.6,5.0,Tea,Jaipur,Street,2023,False,True,27.0,11,Nov,Thursday,False,Evening,False
ORD-01719,2025-08-29,8,S06,C0605,Cold Coffee,2,120.0,10,UPI,27.7,4.0,Cold Drinks,Pune,Campus,2021,False,True,216.0,8,Aug,Friday,False,Morning,False
ORD-00630,2025-10-20,18,S06,C0084,Cutting Chai,1,20.0,10,UPI,20.6,5.0,Tea,Pune,Campus,2021,False,True,18.0,10,Oct,Monday,False,Evening,False
ORD-02593,2025-08-27,20,S07,C0096,Mango Shake,1,100.0,10,UPI,33.4,4.0,Cold Drinks,Jaipur,Street,2023,False,True,90.0,8,Aug,Wednesday,False,Night,True
ORD-02433,2025-08-02,18,S08,C0169,Samosa,2,25.0,15,Cash,25.0,,Snacks,Indore,Street,2022,False,False,42.5,8,Aug,Saturday,True,Evening,False
ORD-01467,2025-06-08,13,S02,C0562,Ginger Tea,2,35.0,0,Cash,30.1,4.0,Tea,Lucknow,Mall,2021,False,True,70.0,6,Jun,Sunday,True,Lunch,True
ORD-00210,2025-07-05,18,S07,C0632,Masala Chai,2,30.0,0,UPI,24.7,5.0,Tea,Jaipur,Street,2023,True,True,60.0,7,Jul,Saturday,True,Evening,False
ORD-02443,2025-03-15,12,S03,C0622,Veg Sandwich,2,90.0,0,Wallet,26.9,,Snacks,Delhi,Campus,2018,False,False,180.0,3,Mar,Saturday,True,Lunch,False
ORD-02454,2025-10-16,9,S08,C0373,Cutting Chai,1,20.0,5,Cash,19.1,4.0,Tea,Indore,Street,2022,False,True,19.0,10,Oct,Thursday,False,Morning,False
ORD-01921,2025-06-30,16,S06,C0816,Cold Coffee,1,120.0,10,Wallet,21.5,4.0,Cold Drinks,Pune,Campus,2021,False,True,108.0,6,Jun,Monday,False,Evening,False
ORD-02097,2025-01-15,9,S01,C0757,Mango Shake,1,100.0,10,Cash,25.8,5.0,Cold Drinks,Lucknow,Campus,2019,False,True,90.0,1,Jan,Wednesday,False,Morning,False
ORD-02773,2025-11-21,13,S06,C0618,Cutting Chai,2,20.0,5,UPI,25.8,,Tea,Pune,Campus,2021,False,False,38.0,11,Nov,Friday,False,Lunch,False
ORD-02729,2025-05-24,18,S01,C0086,Maggi,4,70.0,20,UPI,11.2,5.0,Snacks,Lucknow,Campus,2019,False,True,224.0,5,May,Saturday,True,Evening,False
ORD-02769,2025-11-03,8,S05,C0333,Cutting Chai,1,20.0,0,UPI,15.2,4.0,Tea,Pune,Mall,2022,False,True,20.0,11,Nov,Monday,False,Morning,False
ORD-00140,2025-01-31,10,S04,C0303,Cutting Chai,1,20.0,10,Wallet,21.2,5.0,Tea,Delhi,Street,2020,False,True,18.0,1,Jan,Friday,False,Morning,False
ORD-01721,2025-01-10,11,S02,C0480,Ginger Tea,1,35.0,5,UPI,21.6,5.0,Tea,Lucknow,Mall,2021,False,True,33.25,1,Jan,Friday,False,Morning,False
ORD-01312,2025-12-04,15,S03,C0791,Bun Maska,2,40.0,10,Wallet,26.4,,Snacks,Delhi,Campus,2018,False,False,72.0,12,Dec,Thursday,False,Lunch,False
ORD-02533,2025-09-09,9,S02,C0056,Cold Coffee,1,120.0,5,UPI,28.05,4.0,Cold Drinks,Lucknow,Mall,2021,True,True,114.0,9,Sep,Tuesday,False,Morning,False
ORD-02686,2025-09-27,19,S01,C0565,Masala Chai,2,30.0,20,UPI,35.1,,Tea,Lucknow,Campus,2019,False,False,48.0,9,Sep,Saturday,True,Evening,True
ORD-00454,2025-03-05,18,S03,C0286,Masala Chai,1,30.0,10,UPI,18.9,5.0,Tea,Delhi,Campus,2018,False,True,27.0,3,Mar,Wednesday,False,Evening,False
ORD-01261,2025-01-17,19,S08,C0393,Brownie,1,110.0,0,UPI,29.5,,Dessert,Indore,Street,2022,False,False,110.0,1,Jan,Friday,False,Evening,False
ORD-02641,2025-09-19,18,S03,C0147,Filter Coffee,2,60.0,10,UPI,21.6,5.0,Coffee,Delhi,Campus,2018,True,True,108.0,9,Sep,Friday,False,Evening,False
ORD-01349,2025-06-02,13,S03,C0241,Mango Shake,4,100.0,10,Cash,29.7,4.0,Cold Drinks,Delhi,Campus,2018,False,True,360.0,6,Jun,Monday,False,Lunch,False
ORD-01667,2025-11-06,13,S06,C0299,Bun Maska,2,40.0,5,UPI,27.3,5.0,Snacks,Pune,Campus,2021,False,True,76.0,11,Nov,Thursday,False,Lunch,False
ORD-00906,2025-08-27,18,S07,C0012,Samosa,3,25.0,15,UPI,24.1,,Snacks,Jaipur,Street,2023,False,False,63.75,8,Aug,Wednesday,False,Evening,False
ORD-02661,2025-11-03,19,S03,C0541,Ginger Tea,1,35.0,10,Wallet,29.1,5.0,Tea,Delhi,Campus,2018,False,True,31.5,11,Nov,Monday,False,Evening,False
ORD-01416,2025-10-18,21,S07,C0505,Bun Maska,2,40.0,0,Card,24.7,5.0,Snacks,Jaipur,Street,2023,False,True,80.0,10,Oct,Saturday,True,Night,False
ORD-02701,2025-09-09,13,S03,C0464,Veg Sandwich,4,90.0,20,UPI,34.0,4.0,Snacks,Delhi,Campus,2018,False,True,288.0,9,Sep,Tuesday,False,Lunch,True
ORD-01964,2025-02-26,18,S06,C0356,Cutting Chai,3,20.0,5,UPI,20.1,5.0,Tea,Pune,Campus,2021,False,True,57.0,2,Feb,Wednesday,False,Evening,False
ORD-02994,2025-07-20,13,S03,C0270,Maggi,1,70.0,0,Card,28.5,5.0,Snacks,Delhi,Campus,2018,False,True,70.0,7,Jul,Sunday,True,Lunch,False
ORD-02527,2025-11-30,9,S07,C0520,Cutting Chai,3,20.0,20,Cash,24.6,5.0,Tea,Jaipur,Street,2023,False,True,48.0,11,Nov,Sunday,True,Morning,False
ORD-00418,2025-10-11,18,S02,C0453,Bun Maska,3,40.0,0,Cash,26.3,3.0,Snacks,Lucknow,Mall,2021,False,True,120.0,10,Oct,Saturday,True,Evening,False
ORD-01186,2025-10-28,9,S03,C0880,Veg Sandwich,1,90.0,0,UPI,20.6,5.0,Snacks,Delhi,Campus,2018,False,True,90.0,10,Oct,Tuesday,False,Morning,False
ORD-00483,2025-08-03,22,S07,C0330,Veg Sandwich,2,90.0,0,UPI,21.6,5.0,Snacks,Jaipur,Street,2023,False,True,180.0,8,Aug,Sunday,True,Night,False
ORD-00401,2025-04-20,18,S02,C0861,Masala Chai,1,30.0,10,Card,27.4,5.0,Tea,Lucknow,Mall,2021,False,True,27.0,4,Apr,Sunday,True,Evening,False
ORD-02575,2025-07-19,19,S08,C0030,Ginger Tea,2,35.0,5,UPI,35.2,4.0,Tea,Indore,Street,2022,False,True,66.5,7,Jul,Saturday,True,Evening,True
ORD-00950,2025-05-04,17,S08,C0208,Espresso,3,80.0,15,Cash,21.6,5.0,Coffee,Indore,Street,2022,False,True,204.0,5,May,Sunday,True,Evening,False
ORD-02484,2025-05-04,18,S05,C0134,Cold Coffee,2,120.0,0,UPI,15.0,5.0,Cold Drinks,Pune,Mall,2022,False,True,240.0,5,May,Sunday,True,Evening,False
ORD-00048,2025-04-16,14,S01,C0776,Samosa,1,25.0,0,UPI,14.9,5.0,Snacks,Lucknow,Campus,2019,False,True,25.0,4,Apr,Wednesday,False,Lunch,False
ORD-01401,2025-06-12,21,S04,C0819,Bun Maska,3,40.0,0,UPI,21.7,5.0,Snacks,Delhi,Street,2020,False,True,120.0,6,Jun,Thursday,False,Night,False
ORD-00916,2025-12-14,13,S08,C0642,Cutting Chai,1,20.0,20,UPI,32.4,4.0,Tea,Indore,Street,2022,False,True,16.0,12,Dec,Sunday,True,Lunch,True
ORD-01765,2025-02-14,18,S05,C0458,Ginger Tea,3,35.0,10,UPI,26.1,5.0,Tea,Pune,Mall,2022,False,True,94.5,2,Feb,Friday,False,Evening,False
ORD-01745,2025-09-17,19,S07,C0141,Masala Chai,1,30.0,5,Cash,32.0,5.0,Tea,Jaipur,Street,2023,False,True,28.5,9,Sep,Wednesday,False,Evening,True
ORD-02539,2025-01-05,19,S01,C0458,Cutting Chai,2,20.0,20,Cash,20.8,5.0,Tea,Lucknow,Campus,2019,False,True,32.0,1,Jan,Sunday,True,Evening,False
ORD-01784,2025-02-26,12,S02,C0424,Espresso,1,80.0,0,UPI,33.2,5.0,Coffee,Lucknow,Mall,2021,False,True,80.0,2,Feb,Wednesday,False,Lunch,True
ORD-01164,2025-03-03,16,S07,C0224,Filter Coffee,1,60.0,0,Card,26.8,5.0,Coffee,Jaipur,Street,2023,False,True,60.0,3,Mar,Monday,False,Evening,False
ORD-01605,2025-03-28,14,S08,C0152,Samosa,2,25.0,0,UPI,18.2,5.0,Snacks,Indore,Street,2022,False,True,50.0,3,Mar,Friday,False,Lunch,False
ORD-00150,2025-01-09,10,S06,C0122,Masala Chai,4,30.0,5,UPI,14.9,5.0,Tea,Pune,Campus,2021,False,True,114.0,1,Jan,Thursday,False,Morning,False
ORD-01237,2025-03-17,19,S03,C0395,Filter Coffee,3,60.0,0,Card,27.1,5.0,Coffee,Delhi,Campus,2018,False,True,180.0,3,Mar,Monday,False,Evening,False
ORD-01341,2025-02-07,19,S04,C0742,Masala Chai,2,30.0,0,UPI,34.1,4.0,Tea,Delhi,Street,2020,False,True,60.0,2,Feb,Friday,False,Evening,True
ORD-01249,2025-11-21,8,S07,C0586,Masala Chai,3,30.0,15,Wallet,16.7,,Tea,Jaipur,Street,2023,False,False,76.5,11,Nov,Friday,False,Morning,False
ORD-01138,2025-06-05,18,S02,C0685,Veg Sandwich,1,90.0,0,UPI,24.6,4.0,Snacks,Lucknow,Mall,2021,False,True,90.0,6,Jun,Thursday,False,Evening,False
ORD-00816,2025-11-24,11,S02,C0349,Ginger Tea,2,35.0,0,Cash,24.2,,Tea,Lucknow,Mall,2021,False,False,70.0,11,Nov,Monday,False,Morning,False
ORD-00436,2025-03-15,17,S03,C0777,Mango Shake,1,100.0,5,Cash,15.1,,Cold Drinks,Delhi,Campus,2018,False,False,95.0,3,Mar,Saturday,True,Evening,False
ORD-02366,2025-09-07,20,S08,C0232,Brownie,1,110.0,10,Cash,32.5,4.0,Dessert,Indore,Street,2022,False,True,99.0,9,Sep,Sunday,True,Night,True
ORD-01380,2025-06-06,8,S03,C0010,Masala Chai,3,30.0,15,Card,18.4,5.0,Tea,Delhi,Campus,2018,False,True,76.5,6,Jun,Friday,False,Morning,False
ORD-00134,2025-05-07,17,S03,C0188,Masala Chai,2,30.0,15,Card,15.1,5.0,Tea,Delhi,Campus,2018,False,True,51.0,5,May,Wednesday,False,Evening,False
ORD-00060,2025-02-11,19,S08,C0674,Cutting Chai,1,20.0,5,UPI,31.2,,Tea,Indore,Street,2022,False,False,19.0,2,Feb,Tuesday,False,Evening,True
ORD-00239,2025-01-07,19,S07,C0771,Cutting Chai,2,20.0,20,UPI,27.8,4.0,Tea,Jaipur,Street,2023,False,True,32.0,1,Jan,Tuesday,False,Evening,False
ORD-01019,2025-01-15,12,S01,C0162,Masala Chai,2,30.0,0,Cash,27.2,5.0,Tea,Lucknow,Campus,2019,False,True,60.0,1,Jan,Wednesday,False,Lunch,False
ORD-01243,2025-05-12,12,S06,C0363,Cold Coffee,3,120.0,20,UPI,25.8,4.0,Cold Drinks,Pune,Campus,2021,False,True,288.0,5,May,Monday,False,Lunch,False
ORD-01892,2025-10-05,12,S08,C0664,Ginger Tea,3,35.0,15,UPI,28.9,4.0,Tea,Indore,Street,2022,False,True,89.25,10,Oct,Sunday,True,Lunch,False
ORD-01214,2025-05-21,17,S05,C0080,Cutting Chai,1,20.0,0,Cash,30.2,3.0,Tea,Pune,Mall,2022,False,True,20.0,5,May,Wednesday,False,Evening,True
ORD-00879,2025-08-10,11,S06,C0880,Masala Chai,2,30.0,10,Card,21.9,5.0,Tea,Pune,Campus,2021,False,True,54.0,8,Aug,Sunday,True,Morning,False
ORD-02675,2025-08-01,8,S01,C0721,Cold Coffee,2,120.0,20,UPI,25.9,5.0,Cold Drinks,Lucknow,Campus,2019,False,True,192.0,8,Aug,Friday,False,Morning,False
ORD-01627,2025-05-16,12,S08,C0011,Veg Sandwich,1,90.0,10,UPI,25.7,4.0,Snacks,Indore,Street,2022,False,True,81.0,5,May,Friday,False,Lunch,False
ORD-01465,2025-08-27,12,S08,C0657,Cutting Chai,1,20.0,10,UPI,31.4,5.0,Tea,Indore,Street,2022,False,True,18.0,8,Aug,Wednesday,False,Lunch,True
ORD-01781,2025-03-03,15,S06,C0835,Ginger Tea,2,35.0,0,UPI,19.2,5.0,Tea,Pune,Campus,2021,False,True,70.0,3,Mar,Monday,False,Lunch,False
ORD-00357,2025-10-06,22,S03,C0205,Mango Shake,1,100.0,20,Cash,8.0,5.0,Cold Drinks,Delhi,Campus,2018,False,True,80.0,10,Oct,Monday,False,Night,False
ORD-02677,2025-06-22,13,S06,C0512,Ginger Tea,3,35.0,5,Card,26.4,,Tea,Pune,Campus,2021,False,False,99.75,6,Jun,Sunday,True,Lunch,False
ORD-01268,2025-12-24,13,S05,C0605,Bun Maska,1,40.0,5,UPI,28.7,5.0,Snacks,Pune,Mall,2022,False,True,38.0,12,Dec,Wednesday,False,Lunch,False
ORD-02617,2025-03-14,13,S05,C0425,Filter Coffee,3,60.0,0,UPI,29.5,5.0,Coffee,Pune,Mall,2022,False,True,180.0,3,Mar,Friday,False,Lunch,False
ORD-02802,2025-06-29,14,S03,C0163,Mango Shake,3,100.0,10,UPI,21.6,5.0,Cold Drinks,Delhi,Campus,2018,True,True,270.0,6,Jun,Sunday,True,Lunch,False
ORD-00430,2025-10-20,19,S01,C0853,Veg Sandwich,2,90.0,5,UPI,24.0,5.0,Snacks,Lucknow,Campus,2019,False,True,171.0,10,Oct,Monday,False,Evening,False
ORD-01356,2025-01-09,18,S03,C0420,Mango Shake,1,100.0,5,UPI,17.8,5.0,Cold Drinks,Delhi,Campus,2018,False,True,95.0,1,Jan,Thursday,False,Evening,False
ORD-01229,2025-12-08,9,S02,C0731,Filter Coffee,1,60.0,0,UPI,28.05,5.0,Coffee,Lucknow,Mall,2021,True,True,60.0,12,Dec,Monday,False,Morning,False
ORD-02785,2025-03-21,18,S06,C0522,Cutting Chai,1,20.0,0,Card,19.5,5.0,Tea,Pune,Campus,2021,False,True,20.0,3,Mar,Friday,False,Evening,False
ORD-00723,2025-01-13,15,S04,C0448,Veg Sandwich,3,90.0,0,UPI,17.8,5.0,Snacks,Delhi,Street,2020,False,True,270.0,1,Jan,Monday,False,Lunch,False
ORD-01738,2025-03-21,13,S04,C0785,Masala Chai,4,30.0,0,UPI,23.9,5.0,Tea,Delhi,Street,2020,False,True,120.0,3,Mar,Friday,False,Lunch,False
ORD-02524,2025-08-17,8,S04,C0762,Samosa,1,25.0,15,UPI,26.1,5.0,Snacks,Delhi,Street,2020,False,True,21.25,8,Aug,Sunday,True,Morning,False
ORD-02514,2025-02-05,10,S08,C0029,Cutting Chai,1,20.0,10,UPI,30.4,4.0,Tea,Indore,Street,2022,False,True,18.0,2,Feb,Wednesday,False,Morning,True
ORD-02339,2025-07-27,16,S03,C0266,Veg Sandwich,2,90.0,0,Cash,19.6,,Snacks,Delhi,Campus,2018,False,False,180.0,7,Jul,Sunday,True,Evening,False
ORD-02805,2025-02-13,18,S07,C0049,Filter Coffee,1,60.0,10,UPI,22.5,4.0,Coffee,Jaipur,Street,2023,False,True,54.0,2,Feb,Thursday,False,Evening,False
ORD-01589,2025-04-19,10,S05,C0750,Samosa,2,25.0,10,UPI,23.3,5.0,Snacks,Pune,Mall,2022,False,True,45.0,4,Apr,Saturday,True,Morning,False
ORD-01848,2025-08-23,9,S03,GUEST,Samosa,1,25.0,0,Card,20.3,,Snacks,Delhi,Campus,2018,False,False,25.0,8,Aug,Saturday,True,Morning,False
ORD-01044,2025-08-30,18,S02,C0491,Maggi,1,70.0,10,UPI,29.0,5.0,Snacks,Lucknow,Mall,2021,False,True,63.0,8,Aug,Saturday,True,Evening,False
ORD-02991,2025-10-16,20,S08,C0069,Masala Chai,1,30.0,15,Card,24.7,,Tea,Indore,Street,2022,True,False,25.5,10,Oct,Thursday,False,Night,False
ORD-02664,2025-03-31,13,S08,C0559,Masala Chai,2,30.0,5,UPI,27.3,5.0,Tea,Indore,Street,2022,False,True,57.0,3,Mar,Monday,False,Lunch,False
ORD-00835,2025-09-22,20,S03,C0676,Ginger Tea,1,35.0,0,UPI,29.1,5.0,Tea,Delhi,Campus,2018,False,True,35.0,9,Sep,Monday,False,Night,False
ORD-00652,2025-11-23,19,S08,C0333,Cutting Chai,2,20.0,10,UPI,31.2,5.0,Tea,Indore,Street,2022,False,True,36.0,11,Nov,Sunday,True,Evening,True
ORD-01949,2025-01-07,15,S03,C0319,Cold Coffee,2,120.0,20,Card,17.3,5.0,Cold Drinks,Delhi,Campus,2018,False,True,192.0,1,Jan,Tuesday,False,Lunch,False
ORD-00609,2025-09-25,22,S01,C0202,Cutting Chai,1,20.0,0,UPI,34.2,5.0,Tea,Lucknow,Campus,2019,False,True,20.0,9,Sep,Thursday,False,Night,True
ORD-01766,2025-01-26,13,S01,C0466,Cutting Chai,4,20.0,10,Card,27.5,5.0,Tea,Lucknow,Campus,2019,False,True,72.0,1,Jan,Sunday,True,Lunch,False
ORD-00746,2025-06-28,19,S01,C0331,Samosa,1,25.0,0,Cash,20.7,5.0,Snacks,Lucknow,Campus,2019,False,True,25.0,6,Jun,Saturday,True,Evening,False
ORD-01534,2025-09-14,18,S01,C0299,Espresso,3,80.0,15,UPI,21.8,5.0,Coffee,Lucknow,Campus,2019,False,True,204.0,9,Sep,Sunday,True,Evening,False
ORD-02557,2025-01-10,12,S06,C0154,Cutting Chai,3,20.0,0,Card,26.2,5.0,Tea,Pune,Campus,2021,False,True,60.0,1,Jan,Friday,False,Lunch,False
ORD-01672,2025-08-15,19,S02,C0108,Ginger Tea,1,35.0,20,UPI,35.3,5.0,Tea,Lucknow,Mall,2021,False,True,28.0,8,Aug,Friday,False,Evening,True
ORD-00787,2025-10-25,12,S04,C0345,Brownie,4,110.0,10,UPI,24.7,5.0,Dessert,Delhi,Street,2020,True,True,396.0,10,Oct,Saturday,True,Lunch,False
ORD-00617,2025-10-01,8,S04,C0826,Ginger Tea,4,35.0,5,UPI,11.7,5.0,Tea,Delhi,Street,2020,False,True,133.0,10,Oct,Wednesday,False,Morning,False
ORD-00763,2025-01-18,18,S08,C0683,Masala Chai,1,30.0,5,UPI,17.5,5.0,Tea,Indore,Street,2022,False,True,28.5,1,Jan,Saturday,True,Evening,False
ORD-02179,2025-04-05,20,S04,C0804,Cold Coffee,3,120.0,5,Cash,28.6,4.0,Cold Drinks,Delhi,Street,2020,False,True,342.0,4,Apr,Saturday,True,Night,False
ORD-00443,2025-09-26,18,S07,C0840,Masala Chai,2,30.0,5,UPI,21.8,5.0,Tea,Jaipur,Street,2023,False,True,57.0,9,Sep,Friday,False,Evening,False
ORD-00638,2025-09-18,19,S06,C0688,Cutting Chai,1,20.0,10,Card,29.3,3.0,Tea,Pune,Campus,2021,False,True,18.0,9,Sep,Thursday,False,Evening,False
ORD-01693,2025-03-31,9,S03,C0601,Bun Maska,2,40.0,0,Card,14.7,5.0,Snacks,Delhi,Campus,2018,False,True,80.0,3,Mar,Monday,False,Morning,False
ORD-01185,2025-03-06,9,S01,C0850,Maggi,1,70.0,5,Cash,23.0,5.0,Snacks,Lucknow,Campus,2019,False,True,66.5,3,Mar,Thursday,False,Morning,False
ORD-01885,2025-05-03,20,S01,C0053,Veg Sandwich,2,90.0,5,UPI,26.1,4.0,Snacks,Lucknow,Campus,2019,False,True,171.0,5,May,Saturday,True,Night,False
ORD-00459,2025-10-13,17,S04,C0189,Masala Chai,1,30.0,10,Card,16.8,5.0,Tea,Delhi,Street,2020,False,True,27.0,10,Oct,Monday,False,Evening,False
ORD-00513,2025-01-21,12,S02,C0001,Cheesecake,4,150.0,0,Cash,34.9,5.0,Dessert,Lucknow,Mall,2021,False,True,600.0,1,Jan,Tuesday,False,Lunch,True
ORD-01624,2025-02-02,17,S01,C0759,Maggi,1,70.0,20,UPI,25.1,5.0,Snacks,Lucknow,Campus,2019,False,True,56.0,2,Feb,Sunday,True,Evening,False
ORD-02047,2025-06-12,20,S06,C0162,Filter Coffee,3,60.0,20,UPI,36.7,3.0,Coffee,Pune,Campus,2021,False,True,144.0,6,Jun,Thursday,False,Night,True
ORD-02688,2025-09-02,12,S02,C0181,Cutting Chai,1,20.0,5,UPI,35.9,3.0,Tea,Lucknow,Mall,2021,False,True,19.0,9,Sep,Tuesday,False,Lunch,True
ORD-02517,2025-02-23,22,S08,C0488,Masala Chai,2,30.0,10,UPI,24.7,5.0,Tea,Indore,Street,2022,True,True,54.0,2,Feb,Sunday,True,Night,False
ORD-02589,2025-06-14,10,S04,C0248,Cold Coffee,2,120.0,10,UPI,25.8,5.0,Cold Drinks,Delhi,Street,2020,False,True,216.0,6,Jun,Saturday,True,Morning,False
ORD-01299,2025-09-21,17,S08,C0094,Cold Coffee,1,120.0,5,UPI,25.2,4.0,Cold Drinks,Indore,Street,2022,False,True,114.0,9,Sep,Sunday,True,Evening,False
ORD-01907,2025-06-11,18,S05,C0297,Maggi,1,70.0,5,Card,27.3,5.0,Snacks,Pune,Mall,2022,False,True,66.5,6,Jun,Wednesday,False,Evening,False
ORD-00810,2025-12-28,19,S07,C0662,Bun Maska,1,40.0,0,UPI,35.5,4.0,Snacks,Jaipur,Street,2023,False,True,40.0,12,Dec,Sunday,True,Evening,True
ORD-02752,2025-09-21,10,S04,C0600,Filter Coffee,1,60.0,0,UPI,28.0,5.0,Coffee,Delhi,Street,2020,False,True,60.0,9,Sep,Sunday,True,Morning,False
ORD-02477,2025-02-22,11,S07,C0705,Cutting Chai,2,20.0,5,UPI,20.0,5.0,Tea,Jaipur,Street,2023,False,True,38.0,2,Feb,Saturday,True,Morning,False
ORD-00947,2025-09-17,19,S06,C0521,Cutting Chai,1,20.0,0,Wallet,30.3,5.0,Tea,Pune,Campus,2021,False,True,20.0,9,Sep,Wednesday,False,Evening,True
ORD-01369,2025-03-10,16,S08,C0223,Masala Chai,1,30.0,10,Card,21.3,4.0,Tea,Indore,Street,2022,False,True,27.0,3,Mar,Monday,False,Evening,False
ORD-01258,2025-10-26,14,S08,C0093,Espresso,1,80.0,10,UPI,29.4,4.0,Coffee,Indore,Street,2022,False,True,72.0,10,Oct,Sunday,True,Lunch,False
ORD-02291,2025-12-21,19,S06,C0023,Cutting Chai,3,20.0,15,UPI,35.9,5.0,Tea,Pune,Campus,2021,False,True,51.0,12,Dec,Sunday,True,Evening,True
ORD-02293,2025-08-11,11,S04,C0475,Maggi,4,70.0,5,Cash,29.7,5.0,Snacks,Delhi,Street,2020,False,True,266.0,8,Aug,Monday,False,Morning,False
ORD-00953,2025-03-31,19,S01,C0330,Brownie,2,110.0,0,Wallet,25.9,5.0,Dessert,Lucknow,Campus,2019,False,True,220.0,3,Mar,Monday,False,Evening,False
ORD-01887,2025-02-16,16,S03,C0171,Masala Chai,1,30.0,20,UPI,23.9,,Tea,Delhi,Campus,2018,False,False,24.0,2,Feb,Sunday,True,Evening,False
ORD-00123,2025-02-01,20,S06,C0491,Cutting Chai,1,20.0,0,UPI,27.7,,Tea,Pune,Campus,2021,False,False,20.0,2,Feb,Saturday,True,Night,False
ORD-02633,2025-11-21,12,S01,C0839,Ginger Tea,2,35.0,15,Wallet,26.5,5.0,Tea,Lucknow,Campus,2019,False,True,59.5,11,Nov,Friday,False,Lunch,False
ORD-01897,2025-08-28,13,S05,C0898,Cutting Chai,2,20.0,0,UPI,34.6,4.0,Tea,Pune,Mall,2022,False,True,40.0,8,Aug,Thursday,False,Lunch,True
ORD-02233,2025-02-04,9,S08,C0293,Ginger Tea,3,35.0,10,Wallet,17.7,,Tea,Indore,Street,2022,False,False,94.5,2,Feb,Tuesday,False,Morning,False
ORD-01859,2025-04-02,18,S07,C0007,Masala Chai,1,30.0,5,Cash,20.0,5.0,Tea,Jaipur,Street,2023,False,True,28.5,4,Apr,Wednesday,False,Evening,False
ORD-02647,2025-09-24,17,S06,C0096,Mango Shake,2,100.0,0,UPI,22.8,5.0,Cold Drinks,Pune,Campus,2021,False,True,200.0,9,Sep,Wednesday,False,Evening,False
ORD-00204,2025-02-22,13,S02,C0662,Cold Coffee,1,120.0,15,UPI,32.3,5.0,Cold Drinks,Lucknow,Mall,2021,False,True,102.0,2,Feb,Saturday,True,Lunch,True
ORD-01179,2025-03-22,12,S08,C0784,Samosa,1,25.0,0,UPI,28.2,,Snacks,Indore,Street,2022,False,False,25.0,3,Mar,Saturday,True,Lunch,False
ORD-02064,2025-02-02,13,S06,C0265,Masala Chai,2,30.0,0,Cash,26.7,4.0,Tea,Pune,Campus,2021,False,True,60.0,2,Feb,Sunday,True,Lunch,False
ORD-01813,2025-09-28,13,S06,C0054,Cold Coffee,3,120.0,10,Card,30.3,,Cold Drinks,Pune,Campus,2021,False,False,324.0,9,Sep,Sunday,True,Lunch,True
ORD-01475,2025-07-09,14,S03,C0198,Cold Coffee,2,120.0,5,Card,22.6,4.0,Cold Drinks,Delhi,Campus,2018,False,True,228.0,7,Jul,Wednesday,False,Lunch,False
ORD-01032,2025-09-20,19,S02,C0166,Ginger Tea,3,35.0,0,UPI,36.2,4.0,Tea,Lucknow,Mall,2021,False,True,105.0,9,Sep,Saturday,True,Evening,True
ORD-01804,2025-09-11,9,S04,C0694,Espresso,2,80.0,5,Cash,31.6,4.0,Coffee,Delhi,Street,2020,False,True,152.0,9,Sep,Thursday,False,Morning,True
ORD-01910,2025-11-22,21,S03,C0201,Cutting Chai,2,20.0,0,UPI,17.8,5.0,Tea,Delhi,Campus,2018,False,True,40.0,11,Nov,Saturday,True,Night,False
ORD-00949,2025-11-16,17,S06,C0695,Veg Sandwich,1,90.0,0,UPI,13.8,5.0,Snacks,Pune,Campus,2021,False,True,90.0,11,Nov,Sunday,True,Evening,False
ORD-01867,2025-12-07,8,S01,C0117,Cutting Chai,1,20.0,10,Card,18.9,5.0,Tea,Lucknow,Campus,2019,False,True,18.0,12,Dec,Sunday,True,Morning,False
ORD-00469,2025-02-23,17,S08,C0701,Cutting Chai,1,20.0,0,Cash,26.5,5.0,Tea,Indore,Street,2022,False,True,20.0,2,Feb,Sunday,True,Evening,False
ORD-01208,2025-06-27,12,S01,C0655,Masala Chai,3,30.0,15,Card,27.1,5.0,Tea,Lucknow,Campus,2019,False,True,76.5,6,Jun,Friday,False,Lunch,False
ORD-00644,2025-03-27,9,S03,C0203,Cutting Chai,1,20.0,0,UPI,14.4,5.0,Tea,Delhi,Campus,2018,False,True,20.0,3,Mar,Thursday,False,Morning,False
ORD-02183,2025-11-02,17,S04,C0337,Masala Chai,3,30.0,5,UPI,23.6,5.0,Tea,Delhi,Street,2020,False,True,85.5,11,Nov,Sunday,True,Evening,False
ORD-01581,2025-11-22,19,S02,C0131,Mango Shake,2,100.0,0,UPI,27.8,5.0,Cold Drinks,Lucknow,Mall,2021,False,True,200.0,11,Nov,Saturday,True,Evening,False
ORD-00275,2025-09-06,17,S01,C0605,Samosa,2,25.0,10,UPI,27.4,4.0,Snacks,Lucknow,Campus,2019,False,True,45.0,9,Sep,Saturday,True,Evening,False
ORD-02043,2025-08-19,18,S07,C0433,Ginger Tea,1,35.0,10,UPI,31.9,,Tea,Jaipur,Street,2023,False,False,31.5,8,Aug,Tuesday,False,Evening,True
ORD-00547,2025-05-24,18,S01,C0790,Cold Coffee,1,120.0,15,Wallet,19.2,5.0,Cold Drinks,Lucknow,Campus,2019,False,True,102.0,5,May,Saturday,True,Evening,False
ORD-02605,2025-01-12,12,S06,C0348,Filter Coffee,2,60.0,15,Card,30.5,3.0,Coffee,Pune,Campus,2021,False,True,102.0,1,Jan,Sunday,True,Lunch,True
ORD-00241,2025-10-30,13,S05,C0044,Maggi,2,70.0,10,UPI,28.05,4.0,Snacks,Pune,Mall,2022,True,True,126.0,10,Oct,Thursday,False,Lunch,False
ORD-02056,2025-06-25,18,S05,C0051,Filter Coffee,1,60.0,0,Card,30.2,4.0,Coffee,Pune,Mall,2022,False,True,60.0,6,Jun,Wednesday,False,Evening,True
ORD-01064,2025-08-17,9,S01,C0363,Mango Shake,4,100.0,20,UPI,23.9,5.0,Cold Drinks,Lucknow,Campus,2019,False,True,320.0,8,Aug,Sunday,True,Morning,False
ORD-02497,2025-07-21,8,S01,C0082,Brownie,3,110.0,20,UPI,20.8,5.0,Dessert,Lucknow,Campus,2019,False,True,264.0,7,Jul,Monday,False,Morning,False
ORD-02649,2025-08-31,13,S04,C0887,Filter Coffee,2,60.0,15,UPI,33.9,5.0,Coffee,Delhi,Street,2020,False,True,102.0,8,Aug,Sunday,True,Lunch,True
ORD-01519,2025-02-26,17,S03,C0093,Samosa,1,25.0,5,UPI,13.6,,Snacks,Delhi,Campus,2018,False,False,23.75,2,Feb,Wednesday,False,Evening,False
ORD-01100,2025-03-02,12,S01,C0275,Maggi,4,70.0,0,UPI,27.1,4.0,Snacks,Lucknow,Campus,2019,False,True,280.0,3,Mar,Sunday,True,Lunch,False
ORD-01240,2025-02-19,14,S07,C0658,Cold Coffee,4,120.0,0,UPI,21.3,,Cold Drinks,Jaipur,Street,2023,False,False,480.0,2,Feb,Wednesday,False,Lunch,False
ORD-02890,2025-02-16,8,S01,C0109,Masala Chai,1,30.0,5,UPI,21.3,5.0,Tea,Lucknow,Campus,2019,False,True,28.5,2,Feb,Sunday,True,Morning,False
ORD-02361,2025-10-31,19,S02,C0772,Samosa,4,25.0,0,UPI,34.3,3.0,Snacks,Lucknow,Mall,2021,False,True,100.0,10,Oct,Friday,False,Evening,True
ORD-00604,2025-09-21,13,S01,C0123,Cutting Chai,1,20.0,0,UPI,28.7,5.0,Tea,Lucknow,Campus,2019,False,True,20.0,9,Sep,Sunday,True,Lunch,False
ORD-00570,2025-07-16,17,S08,C0418,Ginger Tea,1,35.0,5,Cash,21.1,5.0,Tea,Indore,Street,2022,False,True,33.25,7,Jul,Wednesday,False,Evening,False
ORD-00625,2025-12-23,19,S01,C0672,Cold Coffee,2,120.0,20,Cash,19.2,5.0,Cold Drinks,Lucknow,Campus,2019,False,True,192.0,12,Dec,Tuesday,False,Evening,False
ORD-01657,2025-03-23,18,S07,C0536,Maggi,3,70.0,20,UPI,25.7,5.0,Snacks,Jaipur,Street,2023,False,True,168.0,3,Mar,Sunday,True,Evening,False
ORD-00792,2025-06-01,10,S03,C0328,Espresso,3,80.0,0,UPI,16.0,5.0,Coffee,Delhi,Campus,2018,False,True,240.0,6,Jun,Sunday,True,Morning,False
ORD-02887,2025-01-10,22,S01,C0612,Cutting Chai,3,20.0,5,Card,22.0,5.0,Tea,Lucknow,Campus,2019,False,True,57.0,1,Jan,Friday,False,Night,False
ORD-00475,2025-04-12,13,S01,C0204,Mango Shake,2,100.0,5,Card,27.4,4.0,Cold Drinks,Lucknow,Campus,2019,False,True,190.0,4,Apr,Saturday,True,Lunch,False
ORD-00340,2025-12-08,13,S06,C0482,Filter Coffee,2,60.0,10,UPI,26.1,5.0,Coffee,Pune,Campus,2021,False,True,108.0,12,Dec,Monday,False,Lunch,False
ORD-01018,2025-11-05,19,S01,C0827,Ginger Tea,2,35.0,5,UPI,36.7,4.0,Tea,Lucknow,Campus,2019,False,True,66.5,11,Nov,Wednesday,False,Evening,True
ORD-02900,2025-06-03,21,S02,C0821,Masala Chai,1,30.0,10,UPI,27.8,4.0,Tea,Lucknow,Mall,2021,False,True,27.0,6,Jun,Tuesday,False,Night,False
ORD-01428,2025-01-29,19,S02,C0297,Masala Chai,1,30.0,5,Cash,30.1,5.0,Tea,Lucknow,Mall,2021,False,True,28.5,1,Jan,Wednesday,False,Evening,True
ORD-01172,2025-09-27,13,S04,C0843,Samosa,1,25.0,0,Card,35.1,,Snacks,Delhi,Street,2020,False,False,25.0,9,Sep,Saturday,True,Lunch,True
ORD-00218,2025-02-15,22,S06,C0557,Masala Chai,2,30.0,0,Cash,18.2,5.0,Tea,Pune,Campus,2021,False,True,60.0,2,Feb,Saturday,True,Night,False
ORD-02565,2025-08-09,11,S04,C0399,Maggi,2,70.0,10,Cash,25.5,5.0,Snacks,Delhi,Street,2020,False,True,126.0,8,Aug,Saturday,True,Morning,False
ORD-01632,2025-11-11,13,S06,C0843,Ginger Tea,4,35.0,15,Cash,19.5,5.0,Tea,Pune,Campus,2021,False,True,119.0,11,Nov,Tuesday,False,Lunch,False
ORD-02999,2025-12-24,19,S08,C0298,Veg Sandwich,3,90.0,0,UPI,34.5,4.0,Snacks,Indore,Street,2022,False,True,270.0,12,Dec,Wednesday,False,Evening,True
ORD-02364,2025-11-20,13,S03,C0665,Maggi,1,70.0,5,Cash,25.1,5.0,Snacks,Delhi,Campus,2018,False,True,66.5,11,Nov,Thursday,False,Lunch,False
ORD-01617,2025-01-02,13,S03,C0329,Masala Chai,2,30.0,0,UPI,23.3,4.0,Tea,Delhi,Campus,2018,False,True,60.0,1,Jan,Thursday,False,Lunch,False
ORD-01092,2025-08-24,10,S05,C0300,Bun Maska,4,40.0,10,Wallet,29.4,4.0,Snacks,Pune,Mall,2022,False,True,144.0,8,Aug,Sunday,True,Morning,False
ORD-01718,2025-08-10,19,S07,C0575,Mango Shake,1,100.0,0,UPI,38.3,4.0,Cold Drinks,Jaipur,Street,2023,False,True,100.0,8,Aug,Sunday,True,Evening,True
ORD-01851,2025-03-26,14,S04,C0543,Cutting Chai,2,20.0,5,UPI,25.8,,Tea,Delhi,Street,2020,False,False,38.0,3,Mar,Wednesday,False,Lunch,False
ORD-02216,2025-02-02,9,S01,C0593,Ginger Tea,2,35.0,0,Cash,13.5,5.0,Tea,Lucknow,Campus,2019,False,True,70.0,2,Feb,Sunday,True,Morning,False
ORD-02112,2025-07-14,16,S03,C0173,Samosa,2,25.0,5,UPI,17.7,5.0,Snacks,Delhi,Campus,2018,False,True,47.5,7,Jul,Monday,False,Evening,False
ORD-01275,2025-02-16,11,S06,C0177,Cutting Chai,1,20.0,10,UPI,16.2,5.0,Tea,Pune,Campus,2021,False,True,18.0,2,Feb,Sunday,True,Morning,False
ORD-01216,2025-07-10,17,S01,C0303,Cutting Chai,2,20.0,0,Card,31.9,4.0,Tea,Lucknow,Campus,2019,False,True,40.0,7,Jul,Thursday,False,Evening,True
ORD-01553,2025-04-21,21,S03,C0493,Masala Chai,2,30.0,0,UPI,19.3,5.0,Tea,Delhi,Campus,2018,False,True,60.0,4,Apr,Monday,False,Night,False
ORD-00649,2025-09-05,12,S08,C0703,Cutting Chai,2,20.0,0,UPI,27.1,4.0,Tea,Indore,Street,2022,False,True,40.0,9,Sep,Friday,False,Lunch,False
ORD-02888,2025-12-10,10,S05,C0385,Masala Chai,2,30.0,15,UPI,21.0,5.0,Tea,Pune,Mall,2022,False,True,51.0,12,Dec,Wednesday,False,Morning,False
ORD-00481,2025-05-30,21,S06,C0798,Cold Coffee,2,120.0,15,Card,15.7,5.0,Cold Drinks,Pune,Campus,2021,False,True,204.0,5,May,Friday,False,Night,False
ORD-01036,2025-08-24,21,S05,C0202,Filter Coffee,3,60.0,10,UPI,35.1,3.0,Coffee,Pune,Mall,2022,False,True,162.0,8,Aug,Sunday,True,Night,True
ORD-01542,2025-03-29,15,S03,C0632,Masala Chai,3,30.0,20,Cash,18.2,4.0,Tea,Delhi,Campus,2018,False,True,72.0,3,Mar,Saturday,True,Lunch,False
ORD-02052,2025-01-06,13,S06,C0512,Ginger Tea,2,35.0,15,Wallet,23.4,5.0,Tea,Pune,Campus,2021,False,True,59.5,1,Jan,Monday,False,Lunch,False
ORD-02945,2025-04-14,11,S07,C0327,Masala Chai,2,30.0,10,Card,26.4,4.0,Tea,Jaipur,Street,2023,False,True,54.0,4,Apr,Monday,False,Morning,False
ORD-00272,2025-03-05,19,S02,C0300,Mango Shake,2,100.0,0,Wallet,30.3,5.0,Cold Drinks,Lucknow,Mall,2021,False,True,200.0,3,Mar,Wednesday,False,Evening,True
ORD-02156,2025-11-09,8,S08,C0630,Masala Chai,2,30.0,10,Cash,16.0,5.0,Tea,Indore,Street,2022,False,True,54.0,11,Nov,Sunday,True,Morning,False
ORD-02603,2025-06-16,12,S03,C0199,Maggi,1,70.0,5,Card,25.5,5.0,Snacks,Delhi,Campus,2018,False,True,66.5,6,Jun,Monday,False,Lunch,False
ORD-02790,2025-05-21,11,S07,C0236,Cold Coffee,1,120.0,5,UPI,16.0,5.0,Cold Drinks,Jaipur,Street,2023,False,True,114.0,5,May,Wednesday,False,Morning,False
ORD-02109,2025-05-05,14,S05,C0414,Mango Shake,1,100.0,0,UPI,27.4,4.0,Cold Drinks,Pune,Mall,2022,False,True,100.0,5,May,Monday,False,Lunch,False
ORD-01040,2025-02-15,16,S08,C0314,Bun Maska,3,40.0,20,Wallet,21.0,5.0,Snacks,Indore,Street,2022,False,True,96.0,2,Feb,Saturday,True,Evening,False
ORD-02278,2025-03-21,10,S06,C0070,Bun Maska,1,40.0,0,Card,16.9,5.0,Snacks,Pune,Campus,2021,False,True,40.0,3,Mar,Friday,False,Morning,False
ORD-02201,2025-02-13,18,S01,C0571,Cutting Chai,3,20.0,5,UPI,21.5,5.0,Tea,Lucknow,Campus,2019,False,True,57.0,2,Feb,Thursday,False,Evening,False
ORD-01136,2025-04-27,12,S06,C0201,Masala Chai,3,30.0,20,UPI,25.8,5.0,Tea,Pune,Campus,2021,False,True,72.0,4,Apr,Sunday,True,Lunch,False
ORD-01289,2025-06-14,16,S05,C0380,Cheesecake,1,150.0,5,UPI,20.2,4.0,Dessert,Pune,Mall,2022,False,True,142.5,6,Jun,Saturday,True,Evening,False
ORD-00989,2025-05-05,13,S01,C0079,Cheesecake,1,150.0,10,UPI,25.5,,Dessert,Lucknow,Campus,2019,False,False,135.0,5,May,Monday,False,Lunch,False
ORD-00442,2025-02-26,21,S08,C0140,Masala Chai,4,30.0,10,Card,28.5,5.0,Tea,Indore,Street,2022,False,True,108.0,2,Feb,Wednesday,False,Night,False
ORD-00624,2025-06-19,18,S04,C0352,Veg Sandwich,2,90.0,5,Wallet,19.9,5.0,Snacks,Delhi,Street,2020,False,True,171.0,6,Jun,Thursday,False,Evening,False
ORD-02592,2025-11-22,12,S01,C0351,Bun Maska,2,40.0,20,Card,16.2,5.0,Snacks,Lucknow,Campus,2019,False,True,64.0,11,Nov,Saturday,True,Lunch,False
ORD-00721,2025-07-06,18,S03,C0290,Samosa,3,25.0,0,Cash,20.2,5.0,Snacks,Delhi,Campus,2018,False,True,75.0,7,Jul,Sunday,True,Evening,False
ORD-01035,2025-06-02,22,S02,C0719,Cutting Chai,1,20.0,0,UPI,15.3,5.0,Tea,Lucknow,Mall,2021,False,True,20.0,6,Jun,Monday,False,Night,False
ORD-00466,2025-09-13,12,S07,C0771,Bun Maska,1,40.0,10,UPI,36.9,4.0,Snacks,Jaipur,Street,2023,False,True,36.0,9,Sep,Saturday,True,Lunch,True
ORD-02032,2025-07-07,12,S03,C0532,Veg Sandwich,1,90.0,10,Cash,33.5,4.0,Snacks,Delhi,Campus,2018,False,True,81.0,7,Jul,Monday,False,Lunch,True
ORD-02646,2025-11-18,11,S03,C0841,Cutting Chai,1,20.0,20,UPI,13.1,5.0,Tea,Delhi,Campus,2018,False,True,16.0,11,Nov,Tuesday,False,Morning,False
ORD-02413,2025-06-01,19,S05,C0569,Cold Coffee,1,120.0,0,Card,34.8,4.0,Cold Drinks,Pune,Mall,2022,False,True,120.0,6,Jun,Sunday,True,Evening,True
ORD-02522,2025-07-25,9,S03,C0783,Cutting Chai,1,20.0,0,Card,21.6,5.0,Tea,Delhi,Campus,2018,True,True,20.0,7,Jul,Friday,False,Morning,False
ORD-02368,2025-06-02,19,S06,C0275,Bun Maska,1,40.0,15,UPI,29.3,5.0,Snacks,Pune,Campus,2021,False,True,34.0,6,Jun,Monday,False,Evening,False
ORD-00320,2025-12-13,9,S05,C0208,Cutting Chai,1,20.0,15,Wallet,22.3,3.0,Tea,Pune,Mall,2022,False,True,17.0,12,Dec,Saturday,True,Morning,False
ORD-02018,2025-01-12,14,S06,C0831,Ginger Tea,1,35.0,0,Card,20.5,5.0,Tea,Pune,Campus,2021,False,True,35.0,1,Jan,Sunday,True,Lunch,False
ORD-00739,2025-05-24,17,S07,C0518,Bun Maska,1,40.0,0,UPI,24.7,5.0,Snacks,Jaipur,Street,2023,False,True,40.0,5,May,Saturday,True,Evening,False
ORD-02162,2025-04-07,18,S05,C0656,Maggi,2,70.0,10,UPI,24.1,5.0,Snacks,Pune,Mall,2022,False,True,126.0,4,Apr,Monday,False,Evening,False
ORD-01562,2025-08-12,16,S03,C0599,Cutting Chai,1,20.0,0,UPI,23.3,4.0,Tea,Delhi,Campus,2018,False,True,20.0,8,Aug,Tuesday,False,Evening,False
ORD-02563,2025-09-30,14,S07,C0407,Masala Chai,2,30.0,20,Unknown,25.2,5.0,Tea,Jaipur,Street,2023,False,True,48.0,9,Sep,Tuesday,False,Lunch,False
ORD-02667,2025-11-23,18,S04,C0227,Cutting Chai,1,20.0,0,Card,16.3,5.0,Tea,Delhi,Street,2020,False,True,20.0,11,Nov,Sunday,True,Evening,False
ORD-00597,2025-09-14,11,S02,C0858,Maggi,1,70.0,20,Card,25.3,4.0,Snacks,Lucknow,Mall,2021,False,True,56.0,9,Sep,Sunday,True,Morning,False
ORD-02840,2025-01-18,8,S06,C0461,Masala Chai,2,30.0,0,UPI,17.0,5.0,Tea,Pune,Campus,2021,False,True,60.0,1,Jan,Saturday,True,Morning,False
ORD-00379,2025-05-20,13,S03,C0277,Cold Coffee,1,120.0,10,UPI,23.2,5.0,Cold Drinks,Delhi,Campus,2018,False,True,108.0,5,May,Tuesday,False,Lunch,False
ORD-01792,2025-04-23,19,S04,C0704,Masala Chai,2,30.0,15,Cash,39.3,4.0,Tea,Delhi,Street,2020,False,True,51.0,4,Apr,Wednesday,False,Evening,True
ORD-02373,2025-04-22,10,S02,C0347,Masala Chai,1,30.0,20,UPI,23.1,5.0,Tea,Lucknow,Mall,2021,False,True,24.0,4,Apr,Tuesday,False,Morning,False
ORD-01584,2025-04-08,15,S07,C0146,Cheesecake,3,150.0,10,Cash,21.4,5.0,Dessert,Jaipur,Street,2023,False,True,405.0,4,Apr,Tuesday,False,Lunch,False
ORD-01881,2025-07-04,10,S03,C0533,Masala Chai,1,30.0,10,UPI,16.9,5.0,Tea,Delhi,Campus,2018,False,True,27.0,7,Jul,Friday,False,Morning,False
ORD-00082,2025-05-29,13,S01,C0763,Cutting Chai,2,20.0,15,Card,21.6,4.0,Tea,Lucknow,Campus,2019,True,True,34.0,5,May,Thursday,False,Lunch,False
ORD-02521,2025-03-01,14,S05,C0722,Espresso,1,80.0,0,Card,16.9,5.0,Coffee,Pune,Mall,2022,False,True,80.0,3,Mar,Saturday,True,Lunch,False
ORD-01650,2025-10-20,12,S06,C0424,Espresso,4,80.0,5,UPI,28.1,5.0,Coffee,Pune,Campus,2021,False,True,304.0,10,Oct,Monday,False,Lunch,False
ORD-00223,2025-08-30,13,S05,C0768,Bun Maska,2,40.0,10,UPI,31.6,,Snacks,Pune,Mall,2022,False,False,72.0,8,Aug,Saturday,True,Lunch,True
ORD-02196,2025-10-25,17,S04,C0110,Brownie,3,110.0,10,UPI,18.4,,Dessert,Delhi,Street,2020,False,False,297.0,10,Oct,Saturday,True,Evening,False
ORD-00251,2025-08-26,12,S07,C0818,Brownie,2,110.0,0,UPI,40.0,4.0,Dessert,Jaipur,Street,2023,False,True,220.0,8,Aug,Tuesday,False,Lunch,True
ORD-00399,2025-06-17,19,S05,C0546,Samosa,4,25.0,0,Cash,29.9,4.0,Snacks,Pune,Mall,2022,False,True,100.0,6,Jun,Tuesday,False,Evening,False
ORD-02290,2025-04-17,12,S02,C0579,Mango Shake,2,100.0,0,UPI,30.6,5.0,Cold Drinks,Lucknow,Mall,2021,False,True,200.0,4,Apr,Thursday,False,Lunch,True
ORD-00445,2025-04-09,18,S02,C0666,Maggi,3,70.0,5,Card,25.5,4.0,Snacks,Lucknow,Mall,2021,False,True,199.5,4,Apr,Wednesday,False,Evening,False
ORD-00999,2025-12-29,13,S07,C0654,Cutting Chai,2,20.0,15,UPI,24.4,5.0,Tea,Jaipur,Street,2023,False,True,34.0,12,Dec,Monday,False,Lunch,False
ORD-02400,2025-07-22,22,S07,C0308,Masala Chai,1,30.0,10,UPI,33.3,5.0,Tea,Jaipur,Street,2023,False,True,27.0,7,Jul,Tuesday,False,Night,True
ORD-01071,2025-11-16,16,S06,C0415,Ginger Tea,1,35.0,10,UPI,17.6,5.0,Tea,Pune,Campus,2021,False,True,31.5,11,Nov,Sunday,True,Evening,False
ORD-00829,2025-11-15,14,S05,C0736,Maggi,2,70.0,10,Card,24.8,5.0,Snacks,Pune,Mall,2022,False,True,126.0,11,Nov,Saturday,True,Lunch,False
ORD-00521,2025-11-09,20,S08,C0405,Filter Coffee,1,60.0,5,Cash,24.7,3.0,Coffee,Indore,Street,2022,True,True,57.0,11,Nov,Sunday,True,Night,False
ORD-00994,2025-03-19,10,S04,C0080,Ginger Tea,2,35.0,0,UPI,16.9,5.0,Tea,Delhi,Street,2020,False,True,70.0,3,Mar,Wednesday,False,Morning,False
ORD-01394,2025-01-22,17,S06,C0720,Cold Coffee,4,120.0,0,UPI,21.3,5.0,Cold Drinks,Pune,Campus,2021,False,True,480.0,1,Jan,Wednesday,False,Evening,False
ORD-00519,2025-01-06,13,S02,C0716,Filter Coffee,1,60.0,0,UPI,35.0,4.0,Coffee,Lucknow,Mall,2021,False,True,60.0,1,Jan,Monday,False,Lunch,True
ORD-01440,2025-12-23,14,S08,C0658,Cutting Chai,1,20.0,0,UPI,24.8,,Tea,Indore,Street,2022,False,False,20.0,12,Dec,Tuesday,False,Lunch,False
ORD-00074,2025-03-27,18,S02,C0413,Bun Maska,2,40.0,0,Cash,23.6,5.0,Snacks,Lucknow,Mall,2021,False,True,80.0,3,Mar,Thursday,False,Evening,False
ORD-02919,2025-01-13,22,S07,C0694,Veg Sandwich,1,90.0,15,UPI,23.6,5.0,Snacks,Jaipur,Street,2023,False,True,76.5,1,Jan,Monday,False,Night,False
ORD-01373,2025-05-28,10,S04,C0597,Mango Shake,3,100.0,0,UPI,11.9,5.0,Cold Drinks,Delhi,Street,2020,False,True,300.0,5,May,Wednesday,False,Morning,False
ORD-02755,2025-11-18,18,S01,C0710,Masala Chai,2,30.0,20,Card,19.6,5.0,Tea,Lucknow,Campus,2019,False,True,48.0,11,Nov,Tuesday,False,Evening,False
ORD-00247,2025-08-09,15,S08,C0374,Ginger Tea,3,35.0,5,Wallet,28.6,4.0,Tea,Indore,Street,2022,False,True,99.75,8,Aug,Saturday,True,Lunch,False
ORD-00533,2025-05-22,21,S06,C0719,Cold Coffee,1,120.0,0,Card,18.0,5.0,Cold Drinks,Pune,Campus,2021,False,True,120.0,5,May,Thursday,False,Night,False
ORD-00002,2025-06-10,12,S01,C0790,Mango Shake,1,100.0,0,Card,25.8,4.0,Cold Drinks,Lucknow,Campus,2019,False,True,100.0,6,Jun,Tuesday,False,Lunch,False
ORD-01768,2025-01-27,14,S03,C0561,Espresso,2,80.0,0,Wallet,19.4,5.0,Coffee,Delhi,Campus,2018,False,True,160.0,1,Jan,Monday,False,Lunch,False
ORD-02810,2025-03-02,19,S08,C0762,Bun Maska,2,40.0,0,Wallet,29.0,5.0,Snacks,Indore,Street,2022,False,True,80.0,3,Mar,Sunday,True,Evening,False
ORD-01893,2025-07-22,20,S01,C0786,Espresso,3,80.0,15,UPI,31.1,4.0,Coffee,Lucknow,Campus,2019,False,True,204.0,7,Jul,Tuesday,False,Night,True
ORD-02923,2025-03-01,18,S01,C0633,Bun Maska,3,40.0,0,UPI,24.6,4.0,Snacks,Lucknow,Campus,2019,False,True,120.0,3,Mar,Saturday,True,Evening,False
ORD-02381,2025-11-06,18,S04,C0465,Cutting Chai,3,20.0,5,Card,19.1,5.0,Tea,Delhi,Street,2020,False,True,57.0,11,Nov,Thursday,False,Evening,False
ORD-01960,2025-08-12,22,S08,C0103,Bun Maska,1,40.0,0,Cash,19.8,5.0,Snacks,Indore,Street,2022,False,True,40.0,8,Aug,Tuesday,False,Night,False
ORD-02833,2025-06-18,17,S01,C0014,Cold Coffee,1,120.0,15,UPI,20.2,4.0,Cold Drinks,Lucknow,Campus,2019,False,True,102.0,6,Jun,Wednesday,False,Evening,False
ORD-00581,2025-07-02,18,S07,C0626,Bun Maska,1,40.0,0,UPI,26.2,5.0,Snacks,Jaipur,Street,2023,False,True,40.0,7,Jul,Wednesday,False,Evening,False
ORD-02154,2025-10-19,19,S08,C0501,Cutting Chai,1,20.0,0,Cash,28.5,5.0,Tea,Indore,Street,2022,False,True,20.0,10,Oct,Sunday,True,Evening,False
ORD-02786,2025-09-10,8,S02,C0196,Bun Maska,1,40.0,5,Card,28.05,5.0,Snacks,Lucknow,Mall,2021,True,True,38.0,9,Sep,Wednesday,False,Morning,False
ORD-01476,2025-07-05,9,S04,C0032,Samosa,2,25.0,5,UPI,23.0,,Snacks,Delhi,Street,2020,False,False,47.5,7,Jul,Saturday,True,Morning,False
ORD-00881,2025-05-30,12,S01,C0579,Samosa,1,25.0,0,Card,26.9,4.0,Snacks,Lucknow,Campus,2019,False,True,25.0,5,May,Friday,False,Lunch,False
ORD-00035,2025-06-21,15,S08,C0571,Cheesecake,3,150.0,0,Card,21.5,5.0,Dessert,Indore,Street,2022,False,True,450.0,6,Jun,Saturday,True,Lunch,False
ORD-02389,2025-09-30,11,S04,C0174,Espresso,2,80.0,0,UPI,24.7,5.0,Coffee,Delhi,Street,2020,True,True,160.0,9,Sep,Tuesday,False,Morning,False
ORD-01497,2025-11-09,13,S03,C0004,Ginger Tea,2,35.0,0,UPI,24.4,5.0,Tea,Delhi,Campus,2018,False,True,70.0,11,Nov,Sunday,True,Lunch,False
ORD-01799,2025-07-22,21,S03,C0735,Veg Sandwich,1,90.0,0,UPI,20.1,5.0,Snacks,Delhi,Campus,2018,False,True,90.0,7,Jul,Tuesday,False,Night,False
ORD-01583,2025-05-27,16,S02,C0584,Veg Sandwich,1,90.0,10,Wallet,26.4,5.0,Snacks,Lucknow,Mall,2021,False,True,81.0,5,May,Tuesday,False,Evening,False
ORD-02541,2025-07-05,19,S02,C0887,Brownie,4,110.0,10,Wallet,33.3,5.0,Dessert,Lucknow,Mall,2021,False,True,396.0,7,Jul,Saturday,True,Evening,True
ORD-00184,2025-04-26,22,S06,C0841,Ginger Tea,2,35.0,10,UPI,26.4,,Tea,Pune,Campus,2021,False,False,63.0,4,Apr,Saturday,True,Night,False
ORD-00946,2025-03-31,8,S06,C0472,Maggi,1,70.0,5,Cash,15.8,5.0,Snacks,Pune,Campus,2021,False,True,66.5,3,Mar,Monday,False,Morning,False
ORD-00664,2025-02-01,19,S07,C0386,Mango Shake,2,100.0,10,Card,26.9,5.0,Cold Drinks,Jaipur,Street,2023,False,True,180.0,2,Feb,Saturday,True,Evening,False
ORD-02382,2025-03-29,12,S05,C0618,Samosa,1,25.0,5,Cash,22.0,,Snacks,Pune,Mall,2022,False,False,23.75,3,Mar,Saturday,True,Lunch,False
ORD-02075,2025-05-23,21,S08,C0358,Cheesecake,1,150.0,5,UPI,27.1,5.0,Dessert,Indore,Street,2022,False,True,142.5,5,May,Friday,False,Night,False
ORD-00279,2025-11-16,13,S06,C0336,Cutting Chai,3,20.0,5,UPI,29.6,,Tea,Pune,Campus,2021,False,False,57.0,11,Nov,Sunday,True,Lunch,False
ORD-00257,2025-10-26,16,S06,C0239,Masala Chai,2,30.0,10,UPI,10.0,5.0,Tea,Pune,Campus,2021,False,True,54.0,10,Oct,Sunday,True,Evening,False
ORD-02323,2025-05-28,16,S01,C0207,Veg Sandwich,3,90.0,15,UPI,15.2,5.0,Snacks,Lucknow,Campus,2019,False,True,229.5,5,May,Wednesday,False,Evening,False
ORD-02776,2025-05-10,8,S02,C0772,Masala Chai,1,30.0,0,UPI,26.6,5.0,Tea,Lucknow,Mall,2021,False,True,30.0,5,May,Saturday,True,Morning,False
ORD-01009,2025-09-22,11,S01,C0200,Cutting Chai,2,20.0,10,UPI,31.1,4.0,Tea,Lucknow,Campus,2019,False,True,36.0,9,Sep,Monday,False,Morning,True
ORD-01927,2025-05-09,17,S02,C0631,Filter Coffee,4,60.0,0,UPI,25.6,5.0,Coffee,Lucknow,Mall,2021,False,True,240.0,5,May,Friday,False,Evening,False
ORD-00887,2025-05-24,19,S04,C0120,Cheesecake,3,150.0,0,Cash,29.1,3.0,Dessert,Delhi,Street,2020,False,True,450.0,5,May,Saturday,True,Evening,False
ORD-00142,2025-06-29,21,S01,C0367,Ginger Tea,4,35.0,10,Wallet,21.6,5.0,Tea,Lucknow,Campus,2019,True,True,126.0,6,Jun,Sunday,True,Night,False
ORD-01601,2025-11-30,18,S08,C0875,Cold Coffee,1,120.0,10,Cash,25.9,4.0,Cold Drinks,Indore,Street,2022,False,True,108.0,11,Nov,Sunday,True,Evening,False
ORD-01798,2025-04-16,13,S07,C0805,Cold Coffee,1,120.0,0,Card,20.4,,Cold Drinks,Jaipur,Street,2023,False,False,120.0,4,Apr,Wednesday,False,Lunch,False
ORD-00424,2025-01-19,12,S07,GUEST,Ginger Tea,1,35.0,0,Cash,23.9,4.0,Tea,Jaipur,Street,2023,False,True,35.0,1,Jan,Sunday,True,Lunch,False
ORD-02921,2025-12-31,18,S04,C0692,Ginger Tea,1,35.0,5,UPI,18.5,5.0,Tea,Delhi,Street,2020,False,True,33.25,12,Dec,Wednesday,False,Evening,False
ORD-02123,2025-04-12,18,S06,C0788,Cold Coffee,2,120.0,5,UPI,16.4,5.0,Cold Drinks,Pune,Campus,2021,False,True,228.0,4,Apr,Saturday,True,Evening,False
ORD-00556,2025-03-27,8,S03,C0775,Veg Sandwich,2,90.0,5,Card,17.8,5.0,Snacks,Delhi,Campus,2018,False,True,171.0,3,Mar,Thursday,False,Morning,False
ORD-00202,2025-12-21,21,S04,C0320,Maggi,1,70.0,10,UPI,23.9,4.0,Snacks,Delhi,Street,2020,False,True,63.0,12,Dec,Sunday,True,Night,False
ORD-02582,2025-11-02,19,S03,C0616,Ginger Tea,4,35.0,0,UPI,26.1,5.0,Tea,Delhi,Campus,2018,False,True,140.0,11,Nov,Sunday,True,Evening,False
ORD-02286,2025-02-04,13,S02,C0503,Masala Chai,1,30.0,0,UPI,29.9,4.0,Tea,Lucknow,Mall,2021,False,True,30.0,2,Feb,Tuesday,False,Lunch,False
ORD-00650,2025-01-11,15,S03,C0727,Veg Sandwich,1,90.0,5,Cash,18.5,5.0,Snacks,Delhi,Campus,2018,False,True,85.5,1,Jan,Saturday,True,Lunch,False
ORD-01123,2025-11-01,9,S08,C0155,Veg Sandwich,1,90.0,0,Cash,24.9,4.0,Snacks,Indore,Street,2022,False,True,90.0,11,Nov,Saturday,True,Morning,False
ORD-00207,2025-02-17,17,S03,C0802,Masala Chai,2,30.0,5,UPI,19.1,5.0,Tea,Delhi,Campus,2018,False,True,57.0,2,Feb,Monday,False,Evening,False
ORD-02508,2025-12-08,8,S02,C0235,Ginger Tea,1,35.0,0,UPI,24.3,5.0,Tea,Lucknow,Mall,2021,False,True,35.0,12,Dec,Monday,False,Morning,False
ORD-01022,2025-10-01,13,S08,C0238,Cutting Chai,2,20.0,5,Unknown,30.5,4.0,Tea,Indore,Street,2022,False,True,38.0,10,Oct,Wednesday,False,Lunch,True
ORD-00965,2025-12-14,8,S01,C0707,Cutting Chai,1,20.0,5,Card,21.6,5.0,Tea,Lucknow,Campus,2019,True,True,19.0,12,Dec,Sunday,True,Morning,False
ORD-01511,2025-02-17,17,S05,C0398,Espresso,1,80.0,0,UPI,21.4,5.0,Coffee,Pune,Mall,2022,False,True,80.0,2,Feb,Monday,False,Evening,False
ORD-02655,2025-06-15,12,S03,C0808,Espresso,1,80.0,0,Card,29.4,5.0,Coffee,Delhi,Campus,2018,False,True,80.0,6,Jun,Sunday,True,Lunch,False
ORD-00776,2025-11-08,10,S03,C0648,Ginger Tea,3,35.0,0,UPI,21.6,5.0,Tea,Delhi,Campus,2018,True,True,105.0,11,Nov,Saturday,True,Morning,False
ORD-01005,2025-08-19,13,S08,C0160,Cold Coffee,1,120.0,5,Card,35.8,4.0,Cold Drinks,Indore,Street,2022,False,True,114.0,8,Aug,Tuesday,False,Lunch,True
ORD-01629,2025-03-13,20,S01,C0549,Cutting Chai,2,20.0,15,UPI,24.7,4.0,Tea,Lucknow,Campus,2019,False,True,34.0,3,Mar,Thursday,False,Night,False
ORD-02227,2025-09-15,13,S06,C0682,Masala Chai,1,30.0,0,UPI,21.6,4.0,Tea,Pune,Campus,2021,True,True,30.0,9,Sep,Monday,False,Lunch,False
ORD-01610,2025-06-07,19,S08,C0373,Brownie,3,110.0,0,UPI,24.3,5.0,Dessert,Indore,Street,2022,False,True,330.0,6,Jun,Saturday,True,Evening,False
ORD-00784,2025-08-09,12,S01,C0415,Cutting Chai,1,20.0,5,Cash,30.7,4.0,Tea,Lucknow,Campus,2019,False,True,19.0,8,Aug,Saturday,True,Lunch,True
ORD-01997,2025-04-14,13,S01,C0059,Ginger Tea,4,35.0,0,UPI,31.3,5.0,Tea,Lucknow,Campus,2019,False,True,140.0,4,Apr,Monday,False,Lunch,True
ORD-01188,2025-12-28,13,S03,C0728,Masala Chai,2,30.0,0,UPI,25.4,5.0,Tea,Delhi,Campus,2018,False,True,60.0,12,Dec,Sunday,True,Lunch,False
ORD-00299,2025-10-12,18,S03,C0328,Espresso,1,80.0,0,Card,14.5,5.0,Coffee,Delhi,Campus,2018,False,True,80.0,10,Oct,Sunday,True,Evening,False
ORD-02690,2025-07-06,18,S07,C0404,Maggi,2,70.0,15,Card,27.4,,Snacks,Jaipur,Street,2023,False,False,119.0,7,Jul,Sunday,True,Evening,False
ORD-00812,2025-01-06,13,S03,C0626,Masala Chai,2,30.0,10,UPI,22.3,5.0,Tea,Delhi,Campus,2018,False,True,54.0,1,Jan,Monday,False,Lunch,False
ORD-02071,2025-11-10,21,S04,C0710,Cutting Chai,4,20.0,10,Cash,20.9,,Tea,Delhi,Street,2020,False,False,72.0,11,Nov,Monday,False,Night,False
ORD-00118,2025-09-20,17,S01,C0010,Samosa,3,25.0,10,UPI,26.1,5.0,Snacks,Lucknow,Campus,2019,False,True,67.5,9,Sep,Saturday,True,Evening,False
ORD-02700,2025-11-15,19,S01,C0888,Masala Chai,1,30.0,5,UPI,21.6,5.0,Tea,Lucknow,Campus,2019,True,True,28.5,11,Nov,Saturday,True,Evening,False
ORD-00752,2025-04-28,20,S03,C0646,Mango Shake,2,100.0,0,UPI,25.8,5.0,Cold Drinks,Delhi,Campus,2018,False,True,200.0,4,Apr,Monday,False,Night,False
ORD-00843,2025-07-09,11,S06,C0723,Samosa,2,25.0,20,Card,19.7,5.0,Snacks,Pune,Campus,2021,False,True,40.0,7,Jul,Wednesday,False,Morning,False
ORD-01460,2025-05-18,17,S06,C0623,Veg Sandwich,1,90.0,5,Wallet,18.7,5.0,Snacks,Pune,Campus,2021,False,True,85.5,5,May,Sunday,True,Evening,False
ORD-01257,2025-10-03,20,S04,C0829,Masala Chai,2,30.0,5,Card,30.3,4.0,Tea,Delhi,Street,2020,False,True,57.0,10,Oct,Friday,False,Night,True
ORD-01352,2025-11-02,15,S01,C0020,Masala Chai,1,30.0,15,UPI,21.1,5.0,Tea,Lucknow,Campus,2019,False,True,25.5,11,Nov,Sunday,True,Lunch,False
ORD-01846,2025-08-17,20,S03,C0800,Ginger Tea,1,35.0,0,Card,28.3,4.0,Tea,Delhi,Campus,2018,False,True,35.0,8,Aug,Sunday,True,Night,False
ORD-01097,2025-03-22,8,S04,C0730,Mango Shake,1,100.0,0,UPI,24.3,5.0,Cold Drinks,Delhi,Street,2020,False,True,100.0,3,Mar,Saturday,True,Morning,False
ORD-00192,2025-03-29,13,S01,C0181,Masala Chai,1,30.0,0,Card,29.7,5.0,Tea,Lucknow,Campus,2019,False,True,30.0,3,Mar,Saturday,True,Lunch,False
ORD-00671,2025-02-20,13,S03,C0149,Cutting Chai,3,20.0,0,UPI,23.3,,Tea,Delhi,Campus,2018,False,False,60.0,2,Feb,Thursday,False,Lunch,False
ORD-00203,2025-07-02,14,S05,C0244,Maggi,2,70.0,10,Cash,30.0,5.0,Snacks,Pune,Mall,2022,False,True,126.0,7,Jul,Wednesday,False,Lunch,False
ORD-01077,2025-07-19,17,S02,C0333,Samosa,1,25.0,5,Cash,30.1,5.0,Snacks,Lucknow,Mall,2021,False,True,23.75,7,Jul,Saturday,True,Evening,True
ORD-02166,2025-04-09,17,S06,C0049,Bun Maska,2,40.0,0,UPI,17.4,5.0,Snacks,Pune,Campus,2021,False,True,80.0,4,Apr,Wednesday,False,Evening,False
ORD-01947,2025-03-15,21,S08,C0359,Mango Shake,2,100.0,15,UPI,21.4,5.0,Cold Drinks,Indore,Street,2022,False,True,170.0,3,Mar,Saturday,True,Night,False
ORD-00726,2025-01-16,19,S03,C0586,Bun Maska,1,40.0,0,UPI,27.8,5.0,Snacks,Delhi,Campus,2018,False,True,40.0,1,Jan,Thursday,False,Evening,False
ORD-00918,2025-02-20,14,S06,C0565,Filter Coffee,3,60.0,15,UPI,27.1,5.0,Coffee,Pune,Campus,2021,False,True,153.0,2,Feb,Thursday,False,Lunch,False
ORD-01397,2025-07-15,9,S03,C0793,Cutting Chai,1,20.0,0,Card,18.1,,Tea,Delhi,Campus,2018,False,False,20.0,7,Jul,Tuesday,False,Morning,False
ORD-01109,2025-12-31,20,S03,C0504,Maggi,3,70.0,15,Cash,17.2,,Snacks,Delhi,Campus,2018,False,False,178.5,12,Dec,Wednesday,False,Night,False
ORD-01161,2025-01-13,10,S05,C0363,Filter Coffee,1,60.0,0,UPI,29.9,5.0,Coffee,Pune,Mall,2022,False,True,60.0,1,Jan,Monday,False,Morning,False
ORD-00211,2025-09-11,21,S01,C0265,Ginger Tea,2,35.0,10,Card,23.0,4.0,Tea,Lucknow,Campus,2019,False,True,63.0,9,Sep,Thursday,False,Night,False
ORD-02806,2025-03-31,18,S04,C0362,Bun Maska,4,40.0,10,UPI,25.8,,Snacks,Delhi,Street,2020,False,False,144.0,3,Mar,Monday,False,Evening,False
ORD-00818,2025-07-15,8,S02,C0801,Ginger Tea,1,35.0,15,Cash,26.4,,Tea,Lucknow,Mall,2021,False,False,29.75,7,Jul,Tuesday,False,Morning,False
ORD-00647,2025-01-02,14,S01,C0168,Cutting Chai,2,20.0,0,Cash,13.9,5.0,Tea,Lucknow,Campus,2019,False,True,40.0,1,Jan,Thursday,False,Lunch,False
ORD-02187,2025-10-26,21,S03,C0700,Masala Chai,1,30.0,0,UPI,14.6,5.0,Tea,Delhi,Campus,2018,False,True,30.0,10,Oct,Sunday,True,Night,False
ORD-00109,2025-02-05,19,S03,C0219,Masala Chai,1,30.0,0,UPI,22.7,5.0,Tea,Delhi,Campus,2018,False,True,30.0,2,Feb,Wednesday,False,Evening,False
ORD-02221,2025-05-10,13,S03,C0352,Cutting Chai,2,20.0,5,UPI,17.6,5.0,Tea,Delhi,Campus,2018,False,True,38.0,5,May,Saturday,True,Lunch,False
ORD-00978,2025-05-26,19,S02,C0313,Cutting Chai,3,20.0,5,UPI,37.6,3.0,Tea,Lucknow,Mall,2021,False,True,57.0,5,May,Monday,False,Evening,True
ORD-01569,2025-06-23,13,S08,C0072,Mango Shake,3,100.0,0,Wallet,30.0,4.0,Cold Drinks,Indore,Street,2022,False,True,300.0,6,Jun,Monday,False,Lunch,False
ORD-01518,2025-12-15,18,S06,C0385,Cutting Chai,2,20.0,0,UPI,21.6,5.0,Tea,Pune,Campus,2021,True,True,40.0,12,Dec,Monday,False,Evening,False
ORD-01061,2025-12-14,20,S02,C0115,Brownie,2,110.0,0,Unknown,27.5,5.0,Dessert,Lucknow,Mall,2021,False,True,220.0,12,Dec,Sunday,True,Night,False
ORD-02580,2025-12-05,17,S01,C0457,Samosa,1,25.0,0,UPI,21.0,5.0,Snacks,Lucknow,Campus,2019,False,True,25.0,12,Dec,Friday,False,Evening,False
ORD-02474,2025-07-09,9,S01,C0599,Cutting Chai,2,20.0,0,Cash,25.9,4.0,Tea,Lucknow,Campus,2019,False,True,40.0,7,Jul,Wednesday,False,Morning,False
ORD-00083,2025-10-25,10,S05,C0106,Samosa,1,25.0,0,Unknown,26.8,5.0,Snacks,Pune,Mall,2022,False,True,25.0,10,Oct,Saturday,True,Morning,False
ORD-01709,2025-11-16,18,S03,C0548,Masala Chai,2,30.0,20,UPI,16.4,5.0,Tea,Delhi,Campus,2018,False,True,48.0,11,Nov,Sunday,True,Evening,False
ORD-01588,2025-07-23,21,S08,C0249,Maggi,4,70.0,10,UPI,24.2,4.0,Snacks,Indore,Street,2022,False,True,252.0,7,Jul,Wednesday,False,Night,False
ORD-00897,2025-04-12,18,S08,C0399,Espresso,1,80.0,0,UPI,19.4,5.0,Coffee,Indore,Street,2022,False,True,80.0,4,Apr,Saturday,True,Evening,False
ORD-01747,2025-09-29,16,S04,C0687,Espresso,2,80.0,15,UPI,29.4,4.0,Coffee,Delhi,Street,2020,False,True,136.0,9,Sep,Monday,False,Evening,False
ORD-00910,2025-04-18,20,S03,C0190,Veg Sandwich,1,90.0,0,UPI,24.5,5.0,Snacks,Delhi,Campus,2018,False,True,90.0,4,Apr,Friday,False,Night,False
ORD-02110,2025-03-01,13,S05,C0401,Veg Sandwich,2,90.0,10,UPI,33.3,5.0,Snacks,Pune,Mall,2022,False,True,162.0,3,Mar,Saturday,True,Lunch,True
ORD-01106,2025-10-10,13,S01,C0753,Masala Chai,1,30.0,10,Cash,23.7,4.0,Tea,Lucknow,Campus,2019,False,True,27.0,10,Oct,Friday,False,Lunch,False
ORD-02469,2025-08-04,19,S04,C0053,Cold Coffee,2,120.0,0,Cash,39.3,,Cold Drinks,Delhi,Street,2020,False,False,240.0,8,Aug,Monday,False,Evening,True
ORD-00608,2025-02-11,16,S02,C0758,Cutting Chai,3,20.0,15,Wallet,25.7,5.0,Tea,Lucknow,Mall,2021,False,True,51.0,2,Feb,Tuesday,False,Evening,False
ORD-00539,2025-03-02,18,S04,C0559,Cutting Chai,2,20.0,15,UPI,25.4,5.0,Tea,Delhi,Street,2020,False,True,34.0,3,Mar,Sunday,True,Evening,False
ORD-01808,2025-06-13,13,S03,C0677,Mango Shake,1,100.0,0,Cash,23.5,5.0,Cold Drinks,Delhi,Campus,2018,False,True,100.0,6,Jun,Friday,False,Lunch,False
ORD-02956,2025-05-03,18,S03,C0385,Samosa,1,25.0,0,UPI,18.1,5.0,Snacks,Delhi,Campus,2018,False,True,25.0,5,May,Saturday,True,Evening,False
ORD-02949,2025-12-16,16,S04,C0853,Cutting Chai,1,20.0,15,UPI,23.2,5.0,Tea,Delhi,Street,2020,False,True,17.0,12,Dec,Tuesday,False,Evening,False
ORD-00224,2025-12-15,18,S01,C0589,Mango Shake,2,100.0,10,Wallet,16.0,5.0,Cold Drinks,Lucknow,Campus,2019,False,True,180.0,12,Dec,Monday,False,Evening,False
ORD-02206,2025-08-03,11,S03,C0095,Masala Chai,3,30.0,0,Card,17.1,4.0,Tea,Delhi,Campus,2018,False,True,90.0,8,Aug,Sunday,True,Morning,False
ORD-00116,2025-11-09,19,S06,C0828,Cold Coffee,2,120.0,0,UPI,26.3,4.0,Cold Drinks,Pune,Campus,2021,False,True,240.0,11,Nov,Sunday,True,Evening,False
ORD-02391,2025-08-04,13,S06,C0283,Mango Shake,2,100.0,10,UPI,27.4,5.0,Cold Drinks,Pune,Campus,2021,False,True,180.0,8,Aug,Monday,False,Lunch,False
ORD-01634,2025-09-09,18,S05,C0354,Cutting Chai,1,20.0,0,UPI,24.6,4.0,Tea,Pune,Mall,2022,False,True,20.0,9,Sep,Tuesday,False,Evening,False
ORD-01685,2025-02-13,18,S01,C0165,Cheesecake,1,150.0,0,UPI,28.1,5.0,Dessert,Lucknow,Campus,2019,False,True,150.0,2,Feb,Thursday,False,Evening,False
ORD-00006,2025-12-22,18,S04,C0165,Samosa,1,25.0,0,UPI,23.2,5.0,Snacks,Delhi,Street,2020,False,True,25.0,12,Dec,Monday,False,Evening,False
ORD-01552,2025-06-09,12,S06,C0182,Samosa,2,25.0,10,Card,25.7,5.0,Snacks,Pune,Campus,2021,False,True,45.0,6,Jun,Monday,False,Lunch,False
ORD-02456,2025-07-16,8,S01,C0747,Cold Coffee,3,120.0,0,UPI,20.9,,Cold Drinks,Lucknow,Campus,2019,False,False,360.0,7,Jul,Wednesday,False,Morning,False
ORD-01544,2025-03-06,19,S08,C0591,Espresso,3,80.0,0,UPI,30.3,4.0,Coffee,Indore,Street,2022,False,True,240.0,3,Mar,Thursday,False,Evening,True
ORD-02756,2025-10-19,18,S02,C0261,Samosa,2,25.0,15,Cash,21.4,5.0,Snacks,Lucknow,Mall,2021,False,True,42.5,10,Oct,Sunday,True,Evening,False
ORD-01411,2025-10-31,16,S06,C0044,Filter Coffee,3,60.0,15,UPI,19.2,4.0,Coffee,Pune,Campus,2021,False,True,153.0,10,Oct,Friday,False,Evening,False
ORD-01999,2025-11-05,16,S02,C0160,Cutting Chai,1,20.0,0,UPI,27.4,5.0,Tea,Lucknow,Mall,2021,False,True,20.0,11,Nov,Wednesday,False,Evening,False
ORD-00371,2025-10-05,20,S08,C0057,Maggi,2,70.0,15,Card,33.4,4.0,Snacks,Indore,Street,2022,False,True,119.0,10,Oct,Sunday,True,Night,True
ORD-00626,2025-05-31,18,S08,C0491,Mango Shake,2,100.0,5,UPI,17.8,5.0,Cold Drinks,Indore,Street,2022,False,True,190.0,5,May,Saturday,True,Evening,False
ORD-01217,2025-04-26,18,S06,C0192,Samosa,4,25.0,20,Cash,16.8,5.0,Snacks,Pune,Campus,2021,False,True,80.0,4,Apr,Saturday,True,Evening,False
ORD-00393,2025-08-03,17,S03,C0651,Brownie,3,110.0,10,UPI,23.1,5.0,Dessert,Delhi,Campus,2018,False,True,297.0,8,Aug,Sunday,True,Evening,False
ORD-02432,2025-09-20,8,S01,C0120,Espresso,1,80.0,10,UPI,21.6,5.0,Coffee,Lucknow,Campus,2019,True,True,72.0,9,Sep,Saturday,True,Morning,False
ORD-00147,2025-05-02,12,S06,C0310,Bun Maska,4,40.0,5,UPI,23.5,4.0,Snacks,Pune,Campus,2021,False,True,152.0,5,May,Friday,False,Lunch,False
ORD-02523,2025-05-15,20,S08,C0196,Cold Coffee,2,120.0,0,UPI,30.0,4.0,Cold Drinks,Indore,Street,2022,False,True,240.0,5,May,Thursday,False,Night,False
ORD-01398,2025-11-30,14,S03,C0101,Samosa,2,25.0,0,Cash,22.3,4.0,Snacks,Delhi,Campus,2018,False,True,50.0,11,Nov,Sunday,True,Lunch,False
ORD-02128,2025-04-30,12,S06,C0166,Filter Coffee,2,60.0,5,UPI,20.5,,Coffee,Pune,Campus,2021,False,False,114.0,4,Apr,Wednesday,False,Lunch,False
ORD-00629,2025-07-22,21,S02,C0514,Samosa,2,25.0,0,UPI,30.9,5.0,Snacks,Lucknow,Mall,2021,False,True,50.0,7,Jul,Tuesday,False,Night,True
ORD-01486,2025-01-19,18,S07,C0084,Cutting Chai,3,20.0,15,UPI,17.0,4.0,Tea,Jaipur,Street,2023,False,True,51.0,1,Jan,Sunday,True,Evening,False
ORD-02503,2025-12-13,15,S02,C0183,Masala Chai,1,30.0,5,UPI,25.9,4.0,Tea,Lucknow,Mall,2021,False,True,28.5,12,Dec,Saturday,True,Lunch,False
ORD-01472,2025-03-10,17,S07,C0886,Cutting Chai,2,20.0,10,UPI,19.7,,Tea,Jaipur,Street,2023,False,False,36.0,3,Mar,Monday,False,Evening,False
ORD-00141,2025-06-27,14,S02,C0612,Espresso,2,80.0,0,UPI,24.0,5.0,Coffee,Lucknow,Mall,2021,False,True,160.0,6,Jun,Friday,False,Lunch,False
ORD-01468,2025-03-25,12,S02,C0074,Samosa,4,25.0,10,UPI,28.05,4.0,Snacks,Lucknow,Mall,2021,True,True,90.0,3,Mar,Tuesday,False,Lunch,False
ORD-01571,2025-05-29,17,S06,C0595,Espresso,2,80.0,0,UPI,22.8,5.0,Coffee,Pune,Campus,2021,False,True,160.0,5,May,Thursday,False,Evening,False
ORD-00077,2025-04-18,19,S05,C0303,Cold Coffee,2,120.0,5,UPI,27.3,5.0,Cold Drinks,Pune,Mall,2022,False,True,228.0,4,Apr,Friday,False,Evening,False
ORD-02209,2025-02-27,19,S05,C0358,Masala Chai,3,30.0,0,Wallet,29.5,5.0,Tea,Pune,Mall,2022,False,True,90.0,2,Feb,Thursday,False,Evening,False
ORD-00282,2025-03-08,22,S03,C0849,Masala Chai,2,30.0,20,Unknown,19.6,5.0,Tea,Delhi,Campus,2018,False,True,48.0,3,Mar,Saturday,True,Night,False
ORD-01712,2025-05-20,14,S06,C0610,Filter Coffee,1,60.0,10,Wallet,16.8,,Coffee,Pune,Campus,2021,False,False,54.0,5,May,Tuesday,False,Lunch,False
ORD-01362,2025-05-18,16,S06,C0349,Mango Shake,1,100.0,0,Cash,15.4,5.0,Cold Drinks,Pune,Campus,2021,False,True,100.0,5,May,Sunday,True,Evening,False
ORD-02696,2025-03-02,19,S04,C0567,Ginger Tea,3,35.0,10,Card,29.2,4.0,Tea,Delhi,Street,2020,False,True,94.5,3,Mar,Sunday,True,Evening,False
ORD-01916,2025-03-16,21,S08,C0199,Veg Sandwich,1,90.0,10,UPI,17.6,5.0,Snacks,Indore,Street,2022,False,True,81.0,3,Mar,Sunday,True,Night,False
ORD-00896,2025-11-18,19,S01,C0503,Espresso,3,80.0,5,Cash,27.7,5.0,Coffee,Lucknow,Campus,2019,False,True,228.0,11,Nov,Tuesday,False,Evening,False
ORD-00920,2025-07-21,20,S05,C0484,Filter Coffee,3,60.0,10,Wallet,36.6,4.0,Coffee,Pune,Mall,2022,False,True,162.0,7,Jul,Monday,False,Night,True
ORD-00515,2025-05-03,11,S01,C0052,Maggi,1,70.0,5,Card,17.4,5.0,Snacks,Lucknow,Campus,2019,False,True,66.5,5,May,Saturday,True,Morning,False
ORD-01662,2025-08-22,18,S08,C0875,Maggi,4,70.0,5,UPI,16.4,5.0,Snacks,Indore,Street,2022,False,True,266.0,8,Aug,Friday,False,Evening,False
ORD-02126,2025-05-21,13,S03,C0240,Masala Chai,4,30.0,20,UPI,21.5,5.0,Tea,Delhi,Campus,2018,False,True,96.0,5,May,Wednesday,False,Lunch,False
ORD-00892,2025-12-15,16,S03,C0417,Cold Coffee,2,120.0,15,Cash,21.6,5.0,Cold Drinks,Delhi,Campus,2018,True,True,204.0,12,Dec,Monday,False,Evening,False
ORD-00451,2025-01-16,21,S03,C0709,Mango Shake,1,100.0,0,UPI,20.7,,Cold Drinks,Delhi,Campus,2018,False,False,100.0,1,Jan,Thursday,False,Night,False
ORD-01984,2025-03-30,10,S08,C0666,Cutting Chai,1,20.0,10,Card,24.0,5.0,Tea,Indore,Street,2022,False,True,18.0,3,Mar,Sunday,True,Morning,False
ORD-00937,2025-12-10,13,S08,C0384,Cutting Chai,3,20.0,0,UPI,28.2,,Tea,Indore,Street,2022,False,False,60.0,12,Dec,Wednesday,False,Lunch,False
ORD-02977,2025-08-27,9,S01,C0575,Bun Maska,2,40.0,0,Cash,31.7,5.0,Snacks,Lucknow,Campus,2019,False,True,80.0,8,Aug,Wednesday,False,Morning,True
ORD-01543,2025-05-12,11,S05,C0636,Cheesecake,1,150.0,0,Card,27.2,5.0,Dessert,Pune,Mall,2022,False,True,150.0,5,May,Monday,False,Morning,False
ORD-00594,2025-08-07,18,S07,C0261,Masala Chai,1,30.0,0,UPI,24.7,5.0,Tea,Jaipur,Street,2023,False,True,30.0,8,Aug,Thursday,False,Evening,False
ORD-02838,2025-04-09,20,S06,C0811,Mango Shake,1,100.0,0,Cash,21.6,5.0,Cold Drinks,Pune,Campus,2021,True,True,100.0,4,Apr,Wednesday,False,Night,False
ORD-02567,2025-01-16,15,S08,C0679,Cold Coffee,1,120.0,10,UPI,16.5,5.0,Cold Drinks,Indore,Street,2022,False,True,108.0,1,Jan,Thursday,False,Lunch,False
ORD-01235,2025-03-20,19,S05,C0530,Masala Chai,4,30.0,10,Card,29.7,,Tea,Pune,Mall,2022,False,False,108.0,3,Mar,Thursday,False,Evening,False
ORD-01557,2025-12-06,14,S03,C0326,Samosa,1,25.0,5,Card,22.7,4.0,Snacks,Delhi,Campus,2018,False,True,23.75,12,Dec,Saturday,True,Lunch,False
ORD-00503,2025-12-03,17,S05,C0122,Masala Chai,1,30.0,0,Card,22.9,4.0,Tea,Pune,Mall,2022,False,True,30.0,12,Dec,Wednesday,False,Evening,False
ORD-00673,2025-12-30,21,S04,C0181,Cutting Chai,2,20.0,0,UPI,19.5,5.0,Tea,Delhi,Street,2020,False,True,40.0,12,Dec,Tuesday,False,Night,False
ORD-01435,2025-03-16,13,S01,C0026,Mango Shake,3,100.0,15,UPI,24.4,4.0,Cold Drinks,Lucknow,Campus,2019,False,True,255.0,3,Mar,Sunday,True,Lunch,False
ORD-02399,2025-02-15,10,S08,C0168,Mango Shake,3,100.0,0,UPI,20.0,4.0,Cold Drinks,Indore,Street,2022,False,True,300.0,2,Feb,Saturday,True,Morning,False
ORD-01133,2025-02-04,15,S01,C0103,Ginger Tea,1,35.0,0,UPI,14.4,5.0,Tea,Lucknow,Campus,2019,False,True,35.0,2,Feb,Tuesday,False,Lunch,False
ORD-00826,2025-01-07,9,S05,C0717,Filter Coffee,2,60.0,15,UPI,27.7,4.0,Coffee,Pune,Mall,2022,False,True,102.0,1,Jan,Tuesday,False,Morning,False
ORD-01847,2025-04-30,18,S04,C0020,Cutting Chai,1,20.0,10,Card,20.4,4.0,Tea,Delhi,Street,2020,False,True,18.0,4,Apr,Wednesday,False,Evening,False
ORD-01406,2025-04-15,12,S01,C0528,Mango Shake,1,100.0,5,Cash,27.3,4.0,Cold Drinks,Lucknow,Campus,2019,False,True,95.0,4,Apr,Tuesday,False,Lunch,False
ORD-02874,2025-04-02,8,S06,C0558,Cutting Chai,2,20.0,5,UPI,20.1,5.0,Tea,Pune,Campus,2021,False,True,38.0,4,Apr,Wednesday,False,Morning,False
ORD-01630,2025-05-30,17,S07,C0868,Filter Coffee,1,60.0,5,UPI,24.7,4.0,Coffee,Jaipur,Street,2023,True,True,57.0,5,May,Friday,False,Evening,False
ORD-00886,2025-05-18,20,S08,C0461,Masala Chai,3,30.0,15,UPI,24.7,,Tea,Indore,Street,2022,True,False,76.5,5,May,Sunday,True,Night,False
ORD-00741,2025-01-01,16,S05,C0351,Cutting Chai,3,20.0,15,UPI,22.4,5.0,Tea,Pune,Mall,2022,False,True,51.0,1,Jan,Wednesday,False,Evening,False
ORD-02545,2025-07-12,13,S03,C0593,Cold Coffee,2,120.0,0,Cash,31.6,4.0,Cold Drinks,Delhi,Campus,2018,False,True,240.0,7,Jul,Saturday,True,Lunch,True
ORD-01772,2025-10-10,13,S01,C0673,Filter Coffee,3,60.0,0,UPI,28.0,4.0,Coffee,Lucknow,Campus,2019,False,True,180.0,10,Oct,Friday,False,Lunch,False
ORD-00042,2025-11-01,10,S01,C0839,Maggi,4,70.0,15,UPI,22.2,5.0,Snacks,Lucknow,Campus,2019,False,True,238.0,11,Nov,Saturday,True,Morning,False
ORD-02091,2025-05-12,17,S03,C0112,Cold Coffee,1,120.0,5,Card,17.9,,Cold Drinks,Delhi,Campus,2018,False,False,114.0,5,May,Monday,False,Evening,False
ORD-00820,2025-04-10,20,S08,C0796,Veg Sandwich,2,90.0,5,Wallet,33.3,4.0,Snacks,Indore,Street,2022,False,True,171.0,4,Apr,Thursday,False,Night,True
ORD-02751,2025-03-23,20,S06,C0604,Masala Chai,1,30.0,0,Wallet,25.3,5.0,Tea,Pune,Campus,2021,False,True,30.0,3,Mar,Sunday,True,Night,False
ORD-01218,2025-07-26,8,S06,C0604,Masala Chai,1,30.0,5,UPI,19.5,5.0,Tea,Pune,Campus,2021,False,True,28.5,7,Jul,Saturday,True,Morning,False
ORD-02042,2025-10-15,13,S04,C0555,Cutting Chai,1,20.0,15,UPI,31.7,4.0,Tea,Delhi,Street,2020,False,True,17.0,10,Oct,Wednesday,False,Lunch,True
ORD-01355,2025-11-16,15,S04,C0062,Veg Sandwich,4,90.0,15,Cash,21.7,4.0,Snacks,Delhi,Street,2020,False,True,306.0,11,Nov,Sunday,True,Lunch,False
ORD-01118,2025-10-16,16,S06,C0838,Maggi,1,70.0,20,Wallet,12.7,5.0,Snacks,Pune,Campus,2021,False,True,56.0,10,Oct,Thursday,False,Evening,False
ORD-00518,2025-09-28,13,S06,C0383,Cutting Chai,2,20.0,0,Cash,32.9,4.0,Tea,Pune,Campus,2021,False,True,40.0,9,Sep,Sunday,True,Lunch,True
ORD-02245,2025-05-21,19,S08,C0554,Cold Coffee,3,120.0,0,UPI,26.6,4.0,Cold Drinks,Indore,Street,2022,False,True,360.0,5,May,Wednesday,False,Evening,False
ORD-01337,2025-03-10,17,S05,C0040,Masala Chai,1,30.0,0,UPI,27.4,,Tea,Pune,Mall,2022,False,False,30.0,3,Mar,Monday,False,Evening,False
ORD-01894,2025-01-08,15,S01,C0032,Cutting Chai,1,20.0,5,Card,18.7,5.0,Tea,Lucknow,Campus,2019,False,True,19.0,1,Jan,Wednesday,False,Lunch,False
ORD-00596,2025-04-12,15,S03,C0722,Cheesecake,1,150.0,10,UPI,10.9,,Dessert,Delhi,Campus,2018,False,False,135.0,4,Apr,Saturday,True,Lunch,False
ORD-01043,2025-08-28,17,S01,C0723,Masala Chai,1,30.0,0,UPI,16.0,5.0,Tea,Lucknow,Campus,2019,False,True,30.0,8,Aug,Thursday,False,Evening,False
ORD-01824,2025-08-09,14,S02,C0014,Samosa,3,25.0,15,Wallet,28.05,5.0,Snacks,Lucknow,Mall,2021,True,True,63.75,8,Aug,Saturday,True,Lunch,False
ORD-02459,2025-04-10,20,S06,C0345,Ginger Tea,2,35.0,5,UPI,34.6,4.0,Tea,Pune,Campus,2021,False,True,66.5,4,Apr,Thursday,False,Night,True
ORD-00249,2025-05-17,17,S05,C0298,Maggi,2,70.0,5,UPI,29.8,5.0,Snacks,Pune,Mall,2022,False,True,133.0,5,May,Saturday,True,Evening,False
ORD-01426,2025-05-24,15,S02,C0677,Cold Coffee,1,120.0,0,Cash,27.6,,Cold Drinks,Lucknow,Mall,2021,False,False,120.0,5,May,Saturday,True,Lunch,False
ORD-02001,2025-11-04,19,S05,C0471,Cutting Chai,2,20.0,5,Cash,31.5,4.0,Tea,Pune,Mall,2022,False,True,38.0,11,Nov,Tuesday,False,Evening,True
ORD-01079,2025-08-19,18,S01,C0409,Cutting Chai,1,20.0,10,Wallet,29.7,4.0,Tea,Lucknow,Campus,2019,False,True,18.0,8,Aug,Tuesday,False,Evening,False
ORD-00277,2025-04-27,20,S02,C0004,Cold Coffee,2,120.0,20,UPI,24.0,5.0,Cold Drinks,Lucknow,Mall,2021,False,True,192.0,4,Apr,Sunday,True,Night,False
ORD-01769,2025-02-18,19,S08,C0433,Cutting Chai,1,20.0,0,UPI,29.4,5.0,Tea,Indore,Street,2022,False,True,20.0,2,Feb,Tuesday,False,Evening,False
ORD-01320,2025-11-08,14,S03,C0030,Ginger Tea,1,35.0,0,Card,13.3,5.0,Tea,Delhi,Campus,2018,False,True,35.0,11,Nov,Saturday,True,Lunch,False
ORD-02258,2025-10-17,13,S02,C0499,Filter Coffee,1,60.0,5,Cash,30.4,,Coffee,Lucknow,Mall,2021,False,False,57.0,10,Oct,Friday,False,Lunch,True
ORD-00535,2025-01-04,20,S04,C0858,Samosa,2,25.0,0,UPI,24.2,,Snacks,Delhi,Street,2020,False,False,50.0,1,Jan,Saturday,True,Night,False
ORD-02886,2025-03-23,14,S01,C0211,Masala Chai,1,30.0,10,UPI,23.3,5.0,Tea,Lucknow,Campus,2019,False,True,27.0,3,Mar,Sunday,True,Lunch,False
ORD-01911,2025-01-05,18,S08,C0259,Masala Chai,1,30.0,10,UPI,17.6,5.0,Tea,Indore,Street,2022,False,True,27.0,1,Jan,Sunday,True,Evening,False
ORD-01607,2025-12-19,13,S06,C0830,Veg Sandwich,4,90.0,0,UPI,24.8,4.0,Snacks,Pune,Campus,2021,False,True,360.0,12,Dec,Friday,False,Lunch,False
ORD-01590,2025-03-03,17,S04,C0783,Maggi,2,70.0,5,UPI,24.7,,Snacks,Delhi,Street,2020,True,False,133.0,3,Mar,Monday,False,Evening,False
ORD-00262,2025-10-28,10,S01,C0858,Samosa,4,25.0,5,UPI,16.9,5.0,Snacks,Lucknow,Campus,2019,False,True,95.0,10,Oct,Tuesday,False,Morning,False
ORD-01922,2025-04-20,18,S03,C0213,Ginger Tea,2,35.0,5,UPI,21.6,4.0,Tea,Delhi,Campus,2018,True,True,66.5,4,Apr,Sunday,True,Evening,False
ORD-01247,2025-08-11,9,S07,C0521,Veg Sandwich,1,90.0,20,UPI,28.4,5.0,Snacks,Jaipur,Street,2023,False,True,72.0,8,Aug,Monday,False,Morning,False
ORD-02455,2025-08-17,19,S02,C0865,Maggi,1,70.0,10,UPI,40.6,3.0,Snacks,Lucknow,Mall,2021,False,True,63.0,8,Aug,Sunday,True,Evening,True
ORD-02743,2025-03-05,22,S02,C0392,Bun Maska,1,40.0,10,UPI,21.9,5.0,Snacks,Lucknow,Mall,2021,False,True,36.0,3,Mar,Wednesday,False,Night,False
ORD-02176,2025-07-26,16,S08,C0369,Masala Chai,1,30.0,5,Cash,22.4,4.0,Tea,Indore,Street,2022,False,True,28.5,7,Jul,Saturday,True,Evening,False
ORD-00405,2025-12-30,18,S02,C0377,Veg Sandwich,1,90.0,20,UPI,17.7,5.0,Snacks,Lucknow,Mall,2021,False,True,72.0,12,Dec,Tuesday,False,Evening,False
ORD-00098,2025-02-02,13,S04,C0031,Ginger Tea,2,35.0,0,UPI,26.9,4.0,Tea,Delhi,Street,2020,False,True,70.0,2,Feb,Sunday,True,Lunch,False
ORD-02244,2025-04-04,18,S03,C0407,Filter Coffee,2,60.0,0,Card,18.2,5.0,Coffee,Delhi,Campus,2018,False,True,120.0,4,Apr,Friday,False,Evening,False
ORD-01545,2025-06-20,12,S05,C0599,Cold Coffee,3,120.0,0,UPI,29.4,3.0,Cold Drinks,Pune,Mall,2022,False,True,360.0,6,Jun,Friday,False,Lunch,False
ORD-00441,2025-11-07,17,S04,C0009,Cutting Chai,4,20.0,15,UPI,16.9,5.0,Tea,Delhi,Street,2020,False,True,68.0,11,Nov,Friday,False,Evening,False
ORD-02476,2025-01-19,8,S02,C0507,Masala Chai,2,30.0,10,UPI,24.8,4.0,Tea,Lucknow,Mall,2021,False,True,54.0,1,Jan,Sunday,True,Morning,False
ORD-02868,2025-07-23,19,S03,C0321,Bun Maska,1,40.0,0,UPI,27.3,5.0,Snacks,Delhi,Campus,2018,False,True,40.0,7,Jul,Wednesday,False,Evening,False
ORD-00332,2025-03-15,9,S08,C0551,Cutting Chai,2,20.0,10,UPI,24.9,,Tea,Indore,Street,2022,False,False,36.0,3,Mar,Saturday,True,Morning,False
ORD-00915,2025-12-25,13,S06,C0054,Ginger Tea,4,35.0,0,UPI,23.3,,Tea,Pune,Campus,2021,False,False,140.0,12,Dec,Thursday,False,Lunch,False
ORD-00546,2025-06-13,12,S07,C0611,Cold Coffee,1,120.0,10,UPI,26.4,4.0,Cold Drinks,Jaipur,Street,2023,False,True,108.0,6,Jun,Friday,False,Lunch,False
ORD-02748,2025-03-09,11,S07,C0664,Brownie,2,110.0,5,UPI,22.6,5.0,Dessert,Jaipur,Street,2023,False,True,209.0,3,Mar,Sunday,True,Morning,False
ORD-00668,2025-12-31,22,S04,C0245,Masala Chai,4,30.0,10,Card,18.4,,Tea,Delhi,Street,2020,False,False,108.0,12,Dec,Wednesday,False,Night,False
ORD-02331,2025-08-01,17,S02,C0312,Bun Maska,1,40.0,0,UPI,22.7,5.0,Snacks,Lucknow,Mall,2021,False,True,40.0,8,Aug,Friday,False,Evening,False
ORD-02039,2025-08-08,17,S01,C0802,Maggi,1,70.0,15,UPI,17.8,5.0,Snacks,Lucknow,Campus,2019,False,True,59.5,8,Aug,Friday,False,Evening,False
ORD-00531,2025-09-08,16,S03,C0805,Masala Chai,4,30.0,0,Wallet,18.7,4.0,Tea,Delhi,Campus,2018,False,True,120.0,9,Sep,Monday,False,Evening,False
ORD-00903,2025-01-17,18,S06,C0408,Samosa,3,25.0,10,Cash,20.0,5.0,Snacks,Pune,Campus,2021,False,True,67.5,1,Jan,Friday,False,Evening,False
ORD-02609,2025-08-31,9,S03,C0077,Filter Coffee,2,60.0,10,Card,24.6,,Coffee,Delhi,Campus,2018,False,False,108.0,8,Aug,Sunday,True,Morning,False
ORD-00975,2025-04-28,18,S05,C0204,Masala Chai,2,30.0,0,Cash,23.5,5.0,Tea,Pune,Mall,2022,False,True,60.0,4,Apr,Monday,False,Evening,False
ORD-02419,2025-01-25,19,S03,C0301,Masala Chai,1,30.0,5,UPI,32.3,4.0,Tea,Delhi,Campus,2018,False,True,28.5,1,Jan,Saturday,True,Evening,True
ORD-02692,2025-05-20,18,S03,C0616,Cutting Chai,1,20.0,0,Card,16.5,5.0,Tea,Delhi,Campus,2018,False,True,20.0,5,May,Tuesday,False,Evening,False
ORD-00323,2025-04-30,10,S07,C0526,Samosa,1,25.0,0,Card,19.1,5.0,Snacks,Jaipur,Street,2023,False,True,25.0,4,Apr,Wednesday,False,Morning,False
ORD-00206,2025-03-25,19,S06,C0516,Filter Coffee,2,60.0,10,UPI,29.6,,Coffee,Pune,Campus,2021,False,False,108.0,3,Mar,Tuesday,False,Evening,False
ORD-02246,2025-03-14,15,S02,C0233,Samosa,1,25.0,10,Cash,26.0,4.0,Snacks,Lucknow,Mall,2021,False,True,22.5,3,Mar,Friday,False,Lunch,False
ORD-01491,2025-01-23,12,S08,C0123,Filter Coffee,1,60.0,0,Card,28.0,5.0,Coffee,Indore,Street,2022,False,True,60.0,1,Jan,Thursday,False,Lunch,False
ORD-02458,2025-02-07,9,S08,C0757,Cold Coffee,2,120.0,0,Card,20.4,5.0,Cold Drinks,Indore,Street,2022,False,True,240.0,2,Feb,Friday,False,Morning,False
ORD-01855,2025-11-07,20,S03,C0224,Masala Chai,2,30.0,0,UPI,23.2,5.0,Tea,Delhi,Campus,2018,False,True,60.0,11,Nov,Friday,False,Night,False
ORD-01310,2025-12-12,10,S03,C0523,Cold Coffee,4,120.0,0,Card,21.6,,Cold Drinks,Delhi,Campus,2018,True,False,480.0,12,Dec,Friday,False,Morning,False
ORD-01703,2025-05-09,10,S05,C0479,Cold Coffee,1,120.0,0,UPI,23.3,5.0,Cold Drinks,Pune,Mall,2022,False,True,120.0,5,May,Friday,False,Morning,False
ORD-01699,2025-12-17,20,S01,C0613,Filter Coffee,2,60.0,0,UPI,25.6,5.0,Coffee,Lucknow,Campus,2019,False,True,120.0,12,Dec,Wednesday,False,Night,False
ORD-00599,2025-12-25,18,S01,C0312,Maggi,2,70.0,10,Card,22.1,5.0,Snacks,Lucknow,Campus,2019,False,True,126.0,12,Dec,Thursday,False,Evening,False
ORD-00305,2025-11-09,8,S06,C0740,Samosa,1,25.0,10,Card,19.4,5.0,Snacks,Pune,Campus,2021,False,True,22.5,11,Nov,Sunday,True,Morning,False
ORD-01141,2025-05-10,8,S04,C0676,Cold Coffee,2,120.0,10,UPI,14.4,5.0,Cold Drinks,Delhi,Street,2020,False,True,216.0,5,May,Saturday,True,Morning,False
ORD-00922,2025-11-05,16,S07,C0446,Veg Sandwich,1,90.0,20,UPI,21.7,5.0,Snacks,Jaipur,Street,2023,False,True,72.0,11,Nov,Wednesday,False,Evening,False
ORD-01681,2025-09-29,16,S08,C0595,Brownie,1,110.0,0,Card,29.3,4.0,Dessert,Indore,Street,2022,False,True,110.0,9,Sep,Monday,False,Evening,False
ORD-02861,2025-06-01,21,S02,C0130,Mango Shake,3,100.0,0,UPI,23.8,5.0,Cold Drinks,Lucknow,Mall,2021,False,True,300.0,6,Jun,Sunday,True,Night,False
ORD-01323,2025-01-03,12,S03,C0303,Espresso,1,80.0,10,Cash,24.1,5.0,Coffee,Delhi,Campus,2018,False,True,72.0,1,Jan,Friday,False,Lunch,False
ORD-01896,2025-03-06,21,S06,C0606,Espresso,2,80.0,10,UPI,21.3,5.0,Coffee,Pune,Campus,2021,False,True,144.0,3,Mar,Thursday,False,Night,False
ORD-02520,2025-03-20,17,S01,C0609,Mango Shake,3,100.0,10,Card,21.6,5.0,Cold Drinks,Lucknow,Campus,2019,True,True,270.0,3,Mar,Thursday,False,Evening,False
ORD-02494,2025-12-04,11,S08,C0733,Cutting Chai,4,20.0,15,Wallet,26.2,4.0,Tea,Indore,Street,2022,False,True,68.0,12,Dec,Thursday,False,Morning,False
ORD-01412,2025-12-22,8,S06,C0500,Masala Chai,2,30.0,0,Cash,17.2,5.0,Tea,Pune,Campus,2021,False,True,60.0,12,Dec,Monday,False,Morning,False
ORD-01558,2025-07-01,9,S03,C0109,Bun Maska,3,40.0,20,Wallet,21.3,,Snacks,Delhi,Campus,2018,False,False,96.0,7,Jul,Tuesday,False,Morning,False
ORD-02863,2025-04-26,19,S07,C0285,Samosa,1,25.0,0,Cash,28.5,5.0,Snacks,Jaipur,Street,2023,False,True,25.0,4,Apr,Saturday,True,Evening,False
ORD-01675,2025-10-12,21,S04,C0687,Samosa,2,25.0,5,UPI,19.2,5.0,Snacks,Delhi,Street,2020,False,True,47.5,10,Oct,Sunday,True,Night,False
ORD-00902,2025-04-05,12,S04,C0763,Veg Sandwich,1,90.0,10,UPI,27.2,4.0,Snacks,Delhi,Street,2020,False,True,81.0,4,Apr,Saturday,True,Lunch,False
ORD-01958,2025-01-29,17,S02,C0693,Cutting Chai,1,20.0,0,UPI,22.0,5.0,Tea,Lucknow,Mall,2021,False,True,20.0,1,Jan,Wednesday,False,Evening,False
ORD-01794,2025-09-09,21,S04,C0768,Brownie,2,110.0,10,UPI,29.0,4.0,Dessert,Delhi,Street,2020,False,True,198.0,9,Sep,Tuesday,False,Night,False
ORD-00344,2025-08-05,12,S04,C0469,Masala Chai,2,30.0,15,UPI,24.7,3.0,Tea,Delhi,Street,2020,True,True,51.0,8,Aug,Tuesday,False,Lunch,False
ORD-01595,2025-11-01,19,S05,C0193,Cutting Chai,2,20.0,10,UPI,35.7,5.0,Tea,Pune,Mall,2022,False,True,36.0,11,Nov,Saturday,True,Evening,True
ORD-02040,2025-10-06,19,S07,C0241,Bun Maska,2,40.0,0,UPI,22.6,5.0,Snacks,Jaipur,Street,2023,False,True,80.0,10,Oct,Monday,False,Evening,False
ORD-02813,2025-09-11,21,S05,C0103,Samosa,1,25.0,15,UPI,32.5,4.0,Snacks,Pune,Mall,2022,False,True,21.25,9,Sep,Thursday,False,Night,True
ORD-01880,2025-07-24,19,S08,C0724,Ginger Tea,2,35.0,0,UPI,31.1,4.0,Tea,Indore,Street,2022,False,True,70.0,7,Jul,Thursday,False,Evening,True
ORD-02250,2025-05-07,16,S01,C0095,Veg Sandwich,3,90.0,5,Cash,17.1,,Snacks,Lucknow,Campus,2019,False,False,256.5,5,May,Wednesday,False,Evening,False
ORD-02951,2025-02-26,20,S03,C0602,Cutting Chai,4,20.0,10,UPI,27.2,5.0,Tea,Delhi,Campus,2018,False,True,72.0,2,Feb,Wednesday,False,Night,False
ORD-01582,2025-04-26,14,S07,C0709,Bun Maska,3,40.0,0,Cash,16.5,5.0,Snacks,Jaipur,Street,2023,False,True,120.0,4,Apr,Saturday,True,Lunch,False
ORD-00974,2025-12-01,13,S08,C0862,Masala Chai,1,30.0,15,UPI,24.0,4.0,Tea,Indore,Street,2022,False,True,25.5,12,Dec,Monday,False,Lunch,False
ORD-00936,2025-03-17,13,S06,C0738,Cutting Chai,1,20.0,0,Cash,25.7,5.0,Tea,Pune,Campus,2021,False,True,20.0,3,Mar,Monday,False,Lunch,False
ORD-02554,2025-12-13,10,S06,C0116,Masala Chai,2,30.0,15,UPI,24.7,4.0,Tea,Pune,Campus,2021,False,True,51.0,12,Dec,Saturday,True,Morning,False
ORD-01282,2025-05-30,19,S01,C0158,Cold Coffee,3,120.0,0,Cash,25.5,5.0,Cold Drinks,Lucknow,Campus,2019,False,True,360.0,5,May,Friday,False,Evening,False
ORD-01300,2025-05-23,22,S05,C0420,Samosa,1,25.0,10,UPI,29.0,5.0,Snacks,Pune,Mall,2022,False,True,22.5,5,May,Friday,False,Night,False
ORD-01643,2025-06-21,19,S03,C0879,Cold Coffee,1,120.0,5,UPI,25.3,5.0,Cold Drinks,Delhi,Campus,2018,False,True,114.0,6,Jun,Saturday,True,Evening,False
ORD-01306,2025-12-05,17,S04,C0127,Masala Chai,2,30.0,0,UPI,22.0,5.0,Tea,Delhi,Street,2020,False,True,60.0,12,Dec,Friday,False,Evening,False
ORD-01506,2025-07-04,19,S06,C0477,Filter Coffee,2,60.0,10,Cash,21.6,5.0,Coffee,Pune,Campus,2021,True,True,108.0,7,Jul,Friday,False,Evening,False
ORD-02108,2025-12-29,14,S07,C0394,Cutting Chai,1,20.0,0,UPI,24.8,5.0,Tea,Jaipur,Street,2023,False,True,20.0,12,Dec,Monday,False,Lunch,False
ORD-02819,2025-06-08,9,S06,C0326,Cold Coffee,1,120.0,5,UPI,22.4,5.0,Cold Drinks,Pune,Campus,2021,False,True,114.0,6,Jun,Sunday,True,Morning,False
ORD-00447,2025-12-24,16,S06,C0781,Mango Shake,2,100.0,10,UPI,20.3,5.0,Cold Drinks,Pune,Campus,2021,False,True,180.0,12,Dec,Wednesday,False,Evening,False
ORD-01748,2025-07-13,19,S05,C0055,Samosa,4,25.0,5,Card,37.7,4.0,Snacks,Pune,Mall,2022,False,True,95.0,7,Jul,Sunday,True,Evening,True
ORD-02506,2025-01-20,13,S03,C0565,Cutting Chai,2,20.0,10,Cash,24.0,5.0,Tea,Delhi,Campus,2018,False,True,36.0,1,Jan,Monday,False,Lunch,False
ORD-01213,2025-07-25,8,S06,C0242,Espresso,1,80.0,5,UPI,27.6,4.0,Coffee,Pune,Campus,2021,False,True,76.0,7,Jul,Friday,False,Morning,False
ORD-00802,2025-04-26,17,S06,C0315,Filter Coffee,2,60.0,10,Card,17.8,5.0,Coffee,Pune,Campus,2021,False,True,108.0,4,Apr,Saturday,True,Evening,False
ORD-02311,2025-12-29,14,S08,C0298,Ginger Tea,2,35.0,0,UPI,17.3,5.0,Tea,Indore,Street,2022,False,True,70.0,12,Dec,Monday,False,Lunch,False
ORD-00225,2025-04-15,9,S04,C0012,Cutting Chai,2,20.0,0,Cash,27.8,5.0,Tea,Delhi,Street,2020,False,True,40.0,4,Apr,Tuesday,False,Morning,False
ORD-00460,2025-08-21,21,S06,C0690,Bun Maska,1,40.0,0,UPI,20.5,5.0,Snacks,Pune,Campus,2021,False,True,40.0,8,Aug,Thursday,False,Night,False
ORD-02871,2025-08-16,9,S04,C0165,Samosa,3,25.0,5,UPI,35.4,3.0,Snacks,Delhi,Street,2020,False,True,71.25,8,Aug,Saturday,True,Morning,True
ORD-00697,2025-09-28,15,S03,C0288,Ginger Tea,4,35.0,10,UPI,17.0,5.0,Tea,Delhi,Campus,2018,False,True,126.0,9,Sep,Sunday,True,Lunch,False
ORD-00485,2025-01-14,19,S08,C0006,Mango Shake,1,100.0,5,Card,39.6,4.0,Cold Drinks,Indore,Street,2022,False,True,95.0,1,Jan,Tuesday,False,Evening,True
ORD-01334,2025-12-19,8,S06,C0190,Ginger Tea,2,35.0,0,UPI,16.2,5.0,Tea,Pune,Campus,2021,False,True,70.0,12,Dec,Friday,False,Morning,False
ORD-00575,2025-11-08,9,S04,C0034,Cutting Chai,2,20.0,10,Cash,18.1,5.0,Tea,Delhi,Street,2020,False,True,36.0,11,Nov,Saturday,True,Morning,False
ORD-01427,2025-02-02,10,S08,C0151,Masala Chai,3,30.0,20,Cash,14.0,5.0,Tea,Indore,Street,2022,False,True,72.0,2,Feb,Sunday,True,Morning,False
ORD-01620,2025-01-15,19,S07,C0048,Filter Coffee,2,60.0,10,Card,24.8,5.0,Coffee,Jaipur,Street,2023,False,True,108.0,1,Jan,Wednesday,False,Evening,False
ORD-02058,2025-06-23,12,S03,C0440,Mango Shake,3,100.0,0,UPI,22.1,4.0,Cold Drinks,Delhi,Campus,2018,False,True,300.0,6,Jun,Monday,False,Lunch,False
ORD-00038,2025-06-23,17,S03,C0890,Masala Chai,1,30.0,5,Cash,20.0,5.0,Tea,Delhi,Campus,2018,False,True,28.5,6,Jun,Monday,False,Evening,False
ORD-02048,2025-07-19,14,S08,C0889,Veg Sandwich,1,90.0,20,UPI,24.7,5.0,Snacks,Indore,Street,2022,True,True,72.0,7,Jul,Saturday,True,Lunch,False
ORD-02224,2025-03-11,15,S08,C0793,Masala Chai,3,30.0,20,Cash,20.9,4.0,Tea,Indore,Street,2022,False,True,72.0,3,Mar,Tuesday,False,Lunch,False
ORD-01644,2025-03-15,22,S06,C0248,Masala Chai,2,30.0,0,Unknown,13.2,5.0,Tea,Pune,Campus,2021,False,True,60.0,3,Mar,Saturday,True,Night,False
ORD-02995,2025-07-25,10,S04,C0012,Mango Shake,1,100.0,10,Cash,33.1,5.0,Cold Drinks,Delhi,Street,2020,False,True,90.0,7,Jul,Friday,False,Morning,True
ORD-02284,2025-09-14,9,S04,C0893,Filter Coffee,1,60.0,10,Cash,30.3,4.0,Coffee,Delhi,Street,2020,False,True,54.0,9,Sep,Sunday,True,Morning,True
ORD-02726,2025-09-28,9,S08,C0355,Maggi,2,70.0,10,UPI,30.8,3.0,Snacks,Indore,Street,2022,False,True,126.0,9,Sep,Sunday,True,Morning,True
ORD-01803,2025-02-19,17,S03,C0555,Masala Chai,1,30.0,0,UPI,21.6,5.0,Tea,Delhi,Campus,2018,True,True,30.0,2,Feb,Wednesday,False,Evening,False
ORD-02703,2025-05-22,12,S02,C0298,Masala Chai,1,30.0,5,Card,28.05,4.0,Tea,Lucknow,Mall,2021,True,True,28.5,5,May,Thursday,False,Lunch,False
ORD-02430,2025-10-04,20,S05,C0421,Mango Shake,1,100.0,10,UPI,28.05,4.0,Cold Drinks,Pune,Mall,2022,True,True,90.0,10,Oct,Saturday,True,Night,False
ORD-02277,2025-07-22,10,S04,C0731,Mango Shake,4,100.0,10,Cash,19.5,4.0,Cold Drinks,Delhi,Street,2020,False,True,360.0,7,Jul,Tuesday,False,Morning,False
ORD-00049,2025-09-07,22,S03,C0462,Maggi,2,70.0,5,UPI,26.6,5.0,Snacks,Delhi,Campus,2018,False,True,133.0,9,Sep,Sunday,True,Night,False
ORD-00552,2025-02-24,10,S02,C0784,Filter Coffee,1,60.0,0,Card,28.05,5.0,Coffee,Lucknow,Mall,2021,True,True,60.0,2,Feb,Monday,False,Morning,False
ORD-00185,2025-10-09,19,S02,C0114,Masala Chai,4,30.0,10,UPI,32.3,5.0,Tea,Lucknow,Mall,2021,False,True,108.0,10,Oct,Thursday,False,Evening,True
ORD-00015,2025-06-11,21,S01,C0324,Espresso,1,80.0,0,Cash,19.5,5.0,Coffee,Lucknow,Campus,2019,False,True,80.0,6,Jun,Wednesday,False,Night,False
ORD-01316,2025-09-06,20,S02,GUEST,Samosa,4,25.0,0,UPI,35.5,3.0,Snacks,Lucknow,Mall,2021,False,True,100.0,9,Sep,Saturday,True,Night,True
ORD-01199,2025-04-16,17,S06,C0635,Ginger Tea,1,35.0,0,UPI,14.5,5.0,Tea,Pune,Campus,2021,False,True,35.0,4,Apr,Wednesday,False,Evening,False
ORD-01384,2025-12-29,19,S01,C0510,Ginger Tea,1,35.0,0,Card,24.0,5.0,Tea,Lucknow,Campus,2019,False,True,35.0,12,Dec,Monday,False,Evening,False
ORD-00852,2025-03-15,18,S03,C0182,Cutting Chai,2,20.0,20,Card,22.7,5.0,Tea,Delhi,Campus,2018,False,True,32.0,3,Mar,Saturday,True,Evening,False
ORD-00789,2025-10-19,12,S06,C0237,Ginger Tea,1,35.0,10,Cash,25.1,5.0,Tea,Pune,Campus,2021,False,True,31.5,10,Oct,Sunday,True,Lunch,False
ORD-02599,2025-12-11,18,S04,C0412,Espresso,1,80.0,5,Cash,24.7,5.0,Coffee,Delhi,Street,2020,True,True,76.0,12,Dec,Thursday,False,Evening,False
ORD-00274,2025-08-04,17,S01,C0008,Bun Maska,2,40.0,0,UPI,23.3,5.0,Snacks,Lucknow,Campus,2019,False,True,80.0,8,Aug,Monday,False,Evening,False
ORD-02264,2025-02-03,13,S08,C0417,Veg Sandwich,2,90.0,0,UPI,33.3,5.0,Snacks,Indore,Street,2022,False,True,180.0,2,Feb,Monday,False,Lunch,True
ORD-02240,2025-07-16,10,S03,C0233,Mango Shake,1,100.0,0,Card,25.8,5.0,Cold Drinks,Delhi,Campus,2018,False,True,100.0,7,Jul,Wednesday,False,Morning,False
ORD-01995,2025-06-23,19,S01,C0702,Mango Shake,1,100.0,0,Cash,33.9,4.0,Cold Drinks,Lucknow,Campus,2019,False,True,100.0,6,Jun,Monday,False,Evening,True
ORD-00983,2025-09-28,22,S03,C0676,Mango Shake,2,100.0,10,Wallet,25.2,4.0,Cold Drinks,Delhi,Campus,2018,False,True,180.0,9,Sep,Sunday,True,Night,False
ORD-00326,2025-08-27,16,S02,C0273,Veg Sandwich,1,90.0,0,Cash,37.9,4.0,Snacks,Lucknow,Mall,2021,False,True,90.0,8,Aug,Wednesday,False,Evening,True
ORD-02650,2025-11-05,19,S05,C0782,Masala Chai,2,30.0,10,UPI,27.5,5.0,Tea,Pune,Mall,2022,False,True,54.0,11,Nov,Wednesday,False,Evening,False
ORD-00675,2025-08-06,14,S06,C0169,Bun Maska,1,40.0,0,UPI,30.8,,Snacks,Pune,Campus,2021,False,False,40.0,8,Aug,Wednesday,False,Lunch,True
ORD-00737,2025-03-17,8,S01,C0110,Cutting Chai,1,20.0,0,UPI,14.9,5.0,Tea,Lucknow,Campus,2019,False,True,20.0,3,Mar,Monday,False,Morning,False
ORD-00506,2025-10-19,17,S01,C0248,Mango Shake,2,100.0,0,UPI,14.1,5.0,Cold Drinks,Lucknow,Campus,2019,False,True,200.0,10,Oct,Sunday,True,Evening,False
ORD-00246,2025-11-13,17,S01,C0388,Filter Coffee,4,60.0,5,Cash,16.1,5.0,Coffee,Lucknow,Campus,2019,False,True,228.0,11,Nov,Thursday,False,Evening,False
ORD-02255,2025-12-19,15,S06,C0354,Samosa,1,25.0,15,UPI,18.1,5.0,Snacks,Pune,Campus,2021,False,True,21.25,12,Dec,Friday,False,Lunch,False
ORD-02004,2025-08-26,21,S01,C0385,Cutting Chai,4,20.0,0,UPI,26.2,5.0,Tea,Lucknow,Campus,2019,False,True,80.0,8,Aug,Tuesday,False,Night,False
ORD-00375,2025-02-27,17,S03,C0108,Filter Coffee,2,60.0,0,UPI,18.1,5.0,Coffee,Delhi,Campus,2018,False,True,120.0,2,Feb,Thursday,False,Evening,False
ORD-01062,2025-08-11,15,S01,C0391,Samosa,3,25.0,20,UPI,21.9,5.0,Snacks,Lucknow,Campus,2019,False,True,60.0,8,Aug,Monday,False,Lunch,False
ORD-00144,2025-07-28,18,S05,C0264,Masala Chai,1,30.0,0,UPI,37.4,5.0,Tea,Pune,Mall,2022,False,True,30.0,7,Jul,Monday,False,Evening,True
ORD-00287,2025-01-19,20,S04,C0477,Cold Coffee,3,120.0,5,Card,26.6,4.0,Cold Drinks,Delhi,Street,2020,False,True,342.0,1,Jan,Sunday,True,Night,False
ORD-00278,2025-07-04,9,S06,C0350,Cold Coffee,2,120.0,10,UPI,14.3,,Cold Drinks,Pune,Campus,2021,False,False,216.0,7,Jul,Friday,False,Morning,False
ORD-01292,2025-08-29,19,S03,C0381,Masala Chai,1,30.0,5,Card,30.6,4.0,Tea,Delhi,Campus,2018,False,True,28.5,8,Aug,Friday,False,Evening,True
ORD-00783,2025-06-15,18,S05,C0372,Maggi,1,70.0,5,UPI,28.05,5.0,Snacks,Pune,Mall,2022,True,True,66.5,6,Jun,Sunday,True,Evening,False
ORD-01144,2025-10-27,10,S01,C0589,Filter Coffee,4,60.0,10,UPI,18.9,5.0,Coffee,Lucknow,Campus,2019,False,True,216.0,10,Oct,Monday,False,Morning,False
ORD-02801,2025-12-31,19,S02,C0391,Ginger Tea,2,35.0,0,Card,29.1,4.0,Tea,Lucknow,Mall,2021,False,True,70.0,12,Dec,Wednesday,False,Evening,False
ORD-00883,2025-12-08,18,S03,C0833,Samosa,1,25.0,0,Card,19.3,5.0,Snacks,Delhi,Campus,2018,False,True,25.0,12,Dec,Monday,False,Evening,False
ORD-01367,2025-03-20,19,S02,C0385,Espresso,1,80.0,5,UPI,35.9,3.0,Coffee,Lucknow,Mall,2021,False,True,76.0,3,Mar,Thursday,False,Evening,True
ORD-02931,2025-08-05,19,S05,C0481,Cheesecake,1,150.0,0,Cash,34.1,4.0,Dessert,Pune,Mall,2022,False,True,150.0,8,Aug,Tuesday,False,Evening,True
ORD-02274,2025-11-04,12,S06,C0878,Veg Sandwich,1,90.0,20,Cash,25.8,4.0,Snacks,Pune,Campus,2021,False,True,72.0,11,Nov,Tuesday,False,Lunch,False
ORD-01444,2025-01-24,17,S01,C0677,Maggi,2,70.0,15,Cash,21.4,5.0,Snacks,Lucknow,Campus,2019,False,True,119.0,1,Jan,Friday,False,Evening,False
ORD-02313,2025-05-21,17,S01,C0441,Cold Coffee,2,120.0,15,UPI,21.6,5.0,Cold Drinks,Lucknow,Campus,2019,True,True,204.0,5,May,Wednesday,False,Evening,False
ORD-00885,2025-03-14,12,S08,C0143,Brownie,2,110.0,15,UPI,34.3,,Dessert,Indore,Street,2022,False,False,187.0,3,Mar,Friday,False,Lunch,True
ORD-00801,2025-09-27,9,S03,C0808,Masala Chai,1,30.0,20,Card,13.0,5.0,Tea,Delhi,Campus,2018,False,True,24.0,9,Sep,Saturday,True,Morning,False
ORD-01471,2025-12-08,12,S02,C0003,Maggi,1,70.0,10,UPI,29.0,5.0,Snacks,Lucknow,Mall,2021,False,True,63.0,12,Dec,Monday,False,Lunch,False
ORD-02532,2025-08-22,9,S01,C0164,Veg Sandwich,2,90.0,0,Cash,14.9,5.0,Snacks,Lucknow,Campus,2019,False,True,180.0,8,Aug,Friday,False,Morning,False
ORD-01220,2025-01-25,18,S02,C0450,Mango Shake,2,100.0,5,UPI,20.1,5.0,Cold Drinks,Lucknow,Mall,2021,False,True,190.0,1,Jan,Saturday,True,Evening,False
ORD-00383,2025-10-12,15,S06,C0497,Maggi,3,70.0,10,UPI,13.6,5.0,Snacks,Pune,Campus,2021,False,True,189.0,10,Oct,Sunday,True,Lunch,False
ORD-00869,2025-02-06,11,S05,C0756,Espresso,1,80.0,0,UPI,24.5,5.0,Coffee,Pune,Mall,2022,False,True,80.0,2,Feb,Thursday,False,Morning,False
ORD-02024,2025-04-01,19,S04,C0368,Samosa,2,25.0,0,Card,24.7,3.0,Snacks,Delhi,Street,2020,True,True,50.0,4,Apr,Tuesday,False,Evening,False
ORD-00335,2025-02-18,18,S06,C0015,Cutting Chai,1,20.0,0,Cash,20.9,5.0,Tea,Pune,Campus,2021,False,True,20.0,2,Feb,Tuesday,False,Evening,False
ORD-02298,2025-01-17,20,S03,C0258,Cutting Chai,1,20.0,0,UPI,22.1,5.0,Tea,Delhi,Campus,2018,False,True,20.0,1,Jan,Friday,False,Night,False
ORD-00259,2025-01-25,13,S04,C0774,Filter Coffee,1,60.0,0,UPI,29.0,4.0,Coffee,Delhi,Street,2020,False,True,60.0,1,Jan,Saturday,True,Lunch,False
ORD-01516,2025-04-10,11,S04,C0443,Espresso,1,80.0,15,UPI,23.0,4.0,Coffee,Delhi,Street,2020,False,True,68.0,4,Apr,Thursday,False,Morning,False
ORD-00432,2025-10-09,12,S04,C0660,Cold Coffee,2,120.0,15,Cash,29.0,5.0,Cold Drinks,Delhi,Street,2020,False,True,204.0,10,Oct,Thursday,False,Lunch,False
ORD-01749,2025-06-23,14,S03,C0344,Veg Sandwich,2,90.0,0,UPI,14.3,5.0,Snacks,Delhi,Campus,2018,False,True,180.0,6,Jun,Monday,False,Lunch,False
ORD-02446,2025-07-28,8,S01,C0650,Cutting Chai,1,20.0,0,UPI,26.9,4.0,Tea,Lucknow,Campus,2019,False,True,20.0,7,Jul,Monday,False,Morning,False
ORD-00717,2025-07-25,12,S06,C0636,Bun Maska,1,40.0,5,UPI,35.0,5.0,Snacks,Pune,Campus,2021,False,True,38.0,7,Jul,Friday,False,Lunch,True
ORD-02570,2025-12-30,17,S07,C0386,Veg Sandwich,4,90.0,20,UPI,28.5,5.0,Snacks,Jaipur,Street,2023,False,True,288.0,12,Dec,Tuesday,False,Evening,False
ORD-02658,2025-07-26,18,S04,C0870,Veg Sandwich,1,90.0,0,Unknown,21.4,,Snacks,Delhi,Street,2020,False,False,90.0,7,Jul,Saturday,True,Evening,False
ORD-02718,2025-12-28,18,S01,C0508,Cheesecake,2,150.0,10,Cash,22.2,5.0,Dessert,Lucknow,Campus,2019,False,True,270.0,12,Dec,Sunday,True,Evening,False
ORD-00047,2025-05-22,12,S03,C0038,Cold Coffee,1,120.0,10,UPI,33.1,4.0,Cold Drinks,Delhi,Campus,2018,False,True,108.0,5,May,Thursday,False,Lunch,True
ORD-01914,2025-07-20,18,S07,C0632,Brownie,2,110.0,0,Cash,27.9,5.0,Dessert,Jaipur,Street,2023,False,True,220.0,7,Jul,Sunday,True,Evening,False
ORD-00713,2025-10-25,20,S03,C0210,Cheesecake,1,150.0,10,Card,23.9,5.0,Dessert,Delhi,Campus,2018,False,True,135.0,10,Oct,Saturday,True,Night,False
ORD-00929,2025-08-02,19,S03,C0227,Masala Chai,1,30.0,0,UPI,32.7,,Tea,Delhi,Campus,2018,False,False,30.0,8,Aug,Saturday,True,Evening,True
ORD-02073,2025-04-13,20,S02,C0886,Cold Coffee,1,120.0,5,UPI,31.3,3.0,Cold Drinks,Lucknow,Mall,2021,False,True,114.0,4,Apr,Sunday,True,Night,True
ORD-01696,2025-07-11,10,S05,C0767,Samosa,1,25.0,0,UPI,21.2,4.0,Snacks,Pune,Mall,2022,False,True,25.0,7,Jul,Friday,False,Morning,False
ORD-02642,2025-10-05,9,S08,C0678,Veg Sandwich,4,90.0,10,Wallet,19.9,,Snacks,Indore,Street,2022,False,False,324.0,10,Oct,Sunday,True,Morning,False
ORD-00970,2025-03-17,16,S05,C0197,Masala Chai,2,30.0,0,UPI,32.0,4.0,Tea,Pune,Mall,2022,False,True,60.0,3,Mar,Monday,False,Evening,True
ORD-01221,2025-01-01,19,S02,C0503,Masala Chai,1,30.0,5,UPI,28.05,3.0,Tea,Lucknow,Mall,2021,True,True,28.5,1,Jan,Wednesday,False,Evening,False
ORD-02343,2025-09-23,13,S06,C0877,Maggi,1,70.0,5,Card,35.2,4.0,Snacks,Pune,Campus,2021,False,True,66.5,9,Sep,Tuesday,False,Lunch,True
ORD-00039,2025-03-24,13,S02,C0497,Cutting Chai,1,20.0,10,UPI,34.3,5.0,Tea,Lucknow,Mall,2021,False,True,18.0,3,Mar,Monday,False,Lunch,True
ORD-01168,2025-07-16,19,S02,C0677,Filter Coffee,3,60.0,0,Wallet,36.9,4.0,Coffee,Lucknow,Mall,2021,False,True,180.0,7,Jul,Wednesday,False,Evening,True
ORD-01609,2025-06-07,21,S03,C0560,Cutting Chai,1,20.0,0,UPI,10.6,5.0,Tea,Delhi,Campus,2018,False,True,20.0,6,Jun,Saturday,True,Night,False
ORD-01375,2025-12-22,18,S04,GUEST,Espresso,2,80.0,20,UPI,14.5,5.0,Coffee,Delhi,Street,2020,False,True,128.0,12,Dec,Monday,False,Evening,False
ORD-00045,2025-11-01,13,S04,C0665,Samosa,2,25.0,0,Cash,33.7,4.0,Snacks,Delhi,Street,2020,False,True,50.0,11,Nov,Saturday,True,Lunch,True
ORD-02173,2025-07-03,19,S05,C0798,Veg Sandwich,1,90.0,10,Cash,31.5,5.0,Snacks,Pune,Mall,2022,False,True,81.0,7,Jul,Thursday,False,Evening,True
ORD-00448,2025-08-12,16,S04,C0480,Bun Maska,1,40.0,10,Card,20.1,5.0,Snacks,Delhi,Street,2020,False,True,36.0,8,Aug,Tuesday,False,Evening,False
ORD-02905,2025-05-19,13,S08,C0030,Cold Coffee,2,120.0,0,Cash,21.2,5.0,Cold Drinks,Indore,Street,2022,False,True,240.0,5,May,Monday,False,Lunch,False
ORD-02359,2025-12-27,12,S08,C0588,Cutting Chai,2,20.0,0,UPI,31.5,4.0,Tea,Indore,Street,2022,False,True,40.0,12,Dec,Saturday,True,Lunch,True
ORD-02414,2025-07-16,17,S03,C0571,Cutting Chai,1,20.0,10,UPI,28.2,5.0,Tea,Delhi,Campus,2018,False,True,18.0,7,Jul,Wednesday,False,Evening,False
ORD-01917,2025-08-30,14,S08,C0332,Bun Maska,1,40.0,0,Cash,30.4,5.0,Snacks,Indore,Street,2022,False,True,40.0,8,Aug,Saturday,True,Lunch,True
ORD-02094,2025-03-20,13,S08,C0208,Ginger Tea,1,35.0,10,UPI,30.4,4.0,Tea,Indore,Street,2022,False,True,31.5,3,Mar,Thursday,False,Lunch,True
ORD-02942,2025-03-23,14,S01,C0054,Mango Shake,2,100.0,15,Cash,22.6,5.0,Cold Drinks,Lucknow,Campus,2019,False,True,170.0,3,Mar,Sunday,True,Lunch,False
ORD-00366,2025-06-02,12,S03,C0107,Cold Coffee,2,120.0,15,Cash,21.6,5.0,Cold Drinks,Delhi,Campus,2018,True,True,204.0,6,Jun,Monday,False,Lunch,False
ORD-01252,2025-02-09,22,S04,C0352,Masala Chai,2,30.0,0,Cash,23.4,,Tea,Delhi,Street,2020,False,False,60.0,2,Feb,Sunday,True,Night,False
ORD-01664,2025-03-18,19,S08,C0507,Masala Chai,2,30.0,5,UPI,24.7,,Tea,Indore,Street,2022,True,False,57.0,3,Mar,Tuesday,False,Evening,False
ORD-01969,2025-06-22,17,S01,C0340,Masala Chai,1,30.0,0,UPI,19.1,5.0,Tea,Lucknow,Campus,2019,False,True,30.0,6,Jun,Sunday,True,Evening,False
ORD-00222,2025-06-28,13,S02,C0718,Veg Sandwich,2,90.0,5,UPI,34.5,4.0,Snacks,Lucknow,Mall,2021,False,True,171.0,6,Jun,Saturday,True,Lunch,True
ORD-00828,2025-03-26,16,S07,C0651,Ginger Tea,3,35.0,0,UPI,24.6,4.0,Tea,Jaipur,Street,2023,False,True,105.0,3,Mar,Wednesday,False,Evening,False
ORD-02335,2025-06-06,10,S02,C0249,Cold Coffee,1,120.0,0,UPI,29.2,4.0,Cold Drinks,Lucknow,Mall,2021,False,True,120.0,6,Jun,Friday,False,Morning,False
ORD-02450,2025-08-02,16,S07,C0667,Espresso,1,80.0,10,Card,27.2,4.0,Coffee,Jaipur,Street,2023,False,True,72.0,8,Aug,Saturday,True,Evening,False
ORD-01008,2025-04-27,22,S01,C0605,Cutting Chai,1,20.0,5,Wallet,15.6,5.0,Tea,Lucknow,Campus,2019,False,True,19.0,4,Apr,Sunday,True,Night,False
ORD-00803,2025-11-22,18,S04,C0289,Cutting Chai,1,20.0,0,Cash,16.4,5.0,Tea,Delhi,Street,2020,False,True,20.0,11,Nov,Saturday,True,Evening,False
ORD-00152,2025-11-23,13,S06,C0182,Espresso,1,80.0,15,Wallet,21.6,5.0,Coffee,Pune,Campus,2021,True,True,68.0,11,Nov,Sunday,True,Lunch,False
ORD-02842,2025-06-08,20,S01,C0749,Cold Coffee,1,120.0,5,UPI,25.5,5.0,Cold Drinks,Lucknow,Campus,2019,False,True,114.0,6,Jun,Sunday,True,Night,False
ORD-01358,2025-06-19,18,S01,C0479,Espresso,1,80.0,0,UPI,15.9,5.0,Coffee,Lucknow,Campus,2019,False,True,80.0,6,Jun,Thursday,False,Evening,False
ORD-00027,2025-06-20,19,S01,C0316,Filter Coffee,2,60.0,15,Card,28.2,5.0,Coffee,Lucknow,Campus,2019,False,True,102.0,6,Jun,Friday,False,Evening,False
ORD-01181,2025-10-02,20,S02,C0626,Bun Maska,3,40.0,5,Wallet,32.2,4.0,Snacks,Lucknow,Mall,2021,False,True,114.0,10,Oct,Thursday,False,Night,True
ORD-02098,2025-06-30,18,S04,C0010,Samosa,2,25.0,0,UPI,21.6,5.0,Snacks,Delhi,Street,2020,False,True,50.0,6,Jun,Monday,False,Evening,False
ORD-01695,2025-09-05,19,S02,C0183,Filter Coffee,3,60.0,0,Card,40.1,3.0,Coffee,Lucknow,Mall,2021,False,True,180.0,9,Sep,Friday,False,Evening,True
ORD-02063,2025-07-04,12,S04,C0621,Ginger Tea,3,35.0,10,Cash,38.5,3.0,Tea,Delhi,Street,2020,False,True,94.5,7,Jul,Friday,False,Lunch,True
ORD-01126,2025-07-21,13,S08,C0187,Cutting Chai,2,20.0,0,UPI,33.4,5.0,Tea,Indore,Street,2022,False,True,40.0,7,Jul,Monday,False,Lunch,True
ORD-00107,2025-06-14,12,S08,C0224,Cold Coffee,1,120.0,10,Wallet,34.0,5.0,Cold Drinks,Indore,Street,2022,False,True,108.0,6,Jun,Saturday,True,Lunch,True
ORD-02651,2025-12-29,14,S03,C0756,Veg Sandwich,1,90.0,5,UPI,21.6,5.0,Snacks,Delhi,Campus,2018,True,True,85.5,12,Dec,Monday,False,Lunch,False
ORD-01418,2025-07-18,9,S07,C0564,Masala Chai,2,30.0,0,UPI,24.2,,Tea,Jaipur,Street,2023,False,False,60.0,7,Jul,Friday,False,Morning,False
ORD-00796,2025-05-07,17,S05,C0186,Samosa,2,25.0,10,UPI,29.0,4.0,Snacks,Pune,Mall,2022,False,True,45.0,5,May,Wednesday,False,Evening,False
ORD-02397,2025-04-05,19,S04,C0076,Espresso,1,80.0,10,UPI,20.7,5.0,Coffee,Delhi,Street,2020,False,True,72.0,4,Apr,Saturday,True,Evening,False
ORD-01419,2025-11-24,8,S04,C0053,Masala Chai,1,30.0,0,UPI,17.4,5.0,Tea,Delhi,Street,2020,False,True,30.0,11,Nov,Monday,False,Morning,False
ORD-01823,2025-07-12,11,S03,C0598,Samosa,2,25.0,0,UPI,29.0,5.0,Snacks,Delhi,Campus,2018,False,True,50.0,7,Jul,Saturday,True,Morning,False
ORD-02337,2025-11-14,12,S07,C0097,Mango Shake,3,100.0,5,Cash,31.5,4.0,Cold Drinks,Jaipur,Street,2023,False,True,285.0,11,Nov,Friday,False,Lunch,True
ORD-01692,2025-11-30,16,S04,C0474,Cutting Chai,2,20.0,10,Card,20.1,4.0,Tea,Delhi,Street,2020,False,True,36.0,11,Nov,Sunday,True,Evening,False
ORD-02693,2025-11-16,12,S01,C0354,Filter Coffee,4,60.0,10,Unknown,26.3,5.0,Coffee,Lucknow,Campus,2019,False,True,216.0,11,Nov,Sunday,True,Lunch,False
ORD-01207,2025-08-08,16,S04,C0600,Cutting Chai,4,20.0,0,UPI,24.7,5.0,Tea,Delhi,Street,2020,True,True,80.0,8,Aug,Friday,False,Evening,False
ORD-01290,2025-07-27,10,S02,C0890,Samosa,1,25.0,20,Cash,25.7,5.0,Snacks,Lucknow,Mall,2021,False,True,20.0,7,Jul,Sunday,True,Morning,False
ORD-01625,2025-05-25,16,S04,C0036,Cutting Chai,1,20.0,0,UPI,22.5,5.0,Tea,Delhi,Street,2020,False,True,20.0,5,May,Sunday,True,Evening,False
ORD-01981,2025-11-10,13,S03,C0420,Maggi,3,70.0,5,Cash,21.1,5.0,Snacks,Delhi,Campus,2018,False,True,199.5,11,Nov,Monday,False,Lunch,False
ORD-02784,2025-05-09,18,S02,C0549,Veg Sandwich,2,90.0,15,Wallet,24.8,,Snacks,Lucknow,Mall,2021,False,False,153.0,5,May,Friday,False,Evening,False
ORD-01184,2025-03-06,9,S03,C0173,Espresso,1,80.0,0,UPI,16.3,4.0,Coffee,Delhi,Campus,2018,False,True,80.0,3,Mar,Thursday,False,Morning,False
ORD-00969,2025-07-22,11,S05,C0220,Filter Coffee,1,60.0,0,UPI,25.8,5.0,Coffee,Pune,Mall,2022,False,True,60.0,7,Jul,Tuesday,False,Morning,False
ORD-02789,2025-12-07,19,S03,C0052,Bun Maska,3,40.0,5,UPI,37.9,5.0,Snacks,Delhi,Campus,2018,False,True,114.0,12,Dec,Sunday,True,Evening,True
ORD-02795,2025-11-06,18,S05,C0114,Samosa,2,25.0,5,UPI,24.1,4.0,Snacks,Pune,Mall,2022,False,True,47.5,11,Nov,Thursday,False,Evening,False
ORD-02684,2025-08-01,21,S07,C0392,Mango Shake,3,100.0,10,UPI,29.9,4.0,Cold Drinks,Jaipur,Street,2023,False,True,270.0,8,Aug,Friday,False,Night,False
ORD-01746,2025-08-21,16,S05,GUEST,Masala Chai,2,30.0,15,UPI,28.7,4.0,Tea,Pune,Mall,2022,False,True,51.0,8,Aug,Thursday,False,Evening,False
ORD-01660,2025-01-13,15,S05,C0576,Masala Chai,1,30.0,0,Cash,27.1,5.0,Tea,Pune,Mall,2022,False,True,30.0,1,Jan,Monday,False,Lunch,False
ORD-02470,2025-05-04,19,S03,C0589,Cutting Chai,1,20.0,20,Card,21.6,5.0,Tea,Delhi,Campus,2018,True,True,16.0,5,May,Sunday,True,Evening,False
ORD-00553,2025-03-08,17,S07,C0624,Ginger Tea,2,35.0,10,Wallet,23.3,4.0,Tea,Jaipur,Street,2023,False,True,63.0,3,Mar,Saturday,True,Evening,False
ORD-02902,2025-12-06,14,S08,C0462,Masala Chai,1,30.0,5,UPI,18.4,5.0,Tea,Indore,Street,2022,False,True,28.5,12,Dec,Saturday,True,Lunch,False
ORD-02555,2025-04-14,18,S07,C0780,Samosa,1,25.0,10,Card,28.4,5.0,Snacks,Jaipur,Street,2023,False,True,22.5,4,Apr,Monday,False,Evening,False
ORD-00959,2025-06-29,14,S03,C0728,Cutting Chai,3,20.0,20,UPI,21.2,5.0,Tea,Delhi,Campus,2018,False,True,48.0,6,Jun,Sunday,True,Lunch,False
ORD-01802,2025-08-16,12,S07,C0640,Cutting Chai,1,20.0,10,Unknown,28.7,4.0,Tea,Jaipur,Street,2023,False,True,18.0,8,Aug,Saturday,True,Lunch,False
ORD-01015,2025-05-05,21,S02,C0462,Mango Shake,2,100.0,0,UPI,28.05,5.0,Cold Drinks,Lucknow,Mall,2021,True,True,200.0,5,May,Monday,False,Night,False
ORD-01994,2025-01-26,11,S07,C0892,Cutting Chai,2,20.0,0,UPI,19.9,5.0,Tea,Jaipur,Street,2023,False,True,40.0,1,Jan,Sunday,True,Morning,False
ORD-02059,2025-02-17,21,S06,C0828,Espresso,1,80.0,0,UPI,12.1,5.0,Coffee,Pune,Campus,2021,False,True,80.0,2,Feb,Monday,False,Night,False
ORD-02219,2025-12-13,16,S04,C0660,Cutting Chai,1,20.0,10,Wallet,23.5,5.0,Tea,Delhi,Street,2020,False,True,18.0,12,Dec,Saturday,True,Evening,False
ORD-02968,2025-04-14,13,S03,C0300,Espresso,2,80.0,0,Card,25.9,5.0,Coffee,Delhi,Campus,2018,False,True,160.0,4,Apr,Monday,False,Lunch,False
ORD-00217,2025-02-17,22,S04,C0773,Cutting Chai,1,20.0,5,UPI,17.9,5.0,Tea,Delhi,Street,2020,False,True,19.0,2,Feb,Monday,False,Night,False
ORD-01586,2025-12-09,18,S03,C0204,Samosa,2,25.0,20,UPI,14.9,5.0,Snacks,Delhi,Campus,2018,False,True,40.0,12,Dec,Tuesday,False,Evening,False
ORD-00614,2025-12-26,12,S01,C0612,Veg Sandwich,1,90.0,10,UPI,30.1,,Snacks,Lucknow,Campus,2019,False,False,81.0,12,Dec,Friday,False,Lunch,True
ORD-00891,2025-05-04,17,S05,C0139,Cutting Chai,1,20.0,10,UPI,19.8,4.0,Tea,Pune,Mall,2022,False,True,18.0,5,May,Sunday,True,Evening,False
ORD-00370,2025-11-24,19,S06,C0181,Ginger Tea,1,35.0,0,Wallet,25.0,5.0,Tea,Pune,Campus,2021,False,True,35.0,11,Nov,Monday,False,Evening,False
ORD-01270,2025-06-29,12,S03,C0079,Bun Maska,3,40.0,10,UPI,29.3,5.0,Snacks,Delhi,Campus,2018,False,True,108.0,6,Jun,Sunday,True,Lunch,False
ORD-00846,2025-11-21,17,S01,C0652,Filter Coffee,1,60.0,5,Cash,16.0,,Coffee,Lucknow,Campus,2019,False,False,57.0,11,Nov,Friday,False,Evening,False
ORD-00494,2025-04-26,17,S02,C0154,Mango Shake,4,100.0,15,Cash,18.7,5.0,Cold Drinks,Lucknow,Mall,2021,False,True,340.0,4,Apr,Saturday,True,Evening,False
ORD-02000,2025-07-09,20,S08,C0164,Samosa,2,25.0,5,Card,31.8,5.0,Snacks,Indore,Street,2022,False,True,47.5,7,Jul,Wednesday,False,Night,True
ORD-01946,2025-12-05,21,S02,C0468,Bun Maska,3,40.0,10,UPI,29.4,4.0,Snacks,Lucknow,Mall,2021,False,True,108.0,12,Dec,Friday,False,Night,False
ORD-01513,2025-08-17,11,S01,C0141,Maggi,1,70.0,10,UPI,19.5,5.0,Snacks,Lucknow,Campus,2019,False,True,63.0,8,Aug,Sunday,True,Morning,False
ORD-02596,2025-11-30,12,S06,C0080,Cold Coffee,1,120.0,10,UPI,17.9,5.0,Cold Drinks,Pune,Campus,2021,False,True,108.0,11,Nov,Sunday,True,Lunch,False
ORD-02473,2025-09-21,9,S04,C0684,Brownie,2,110.0,0,Wallet,28.2,5.0,Dessert,Delhi,Street,2020,False,True,220.0,9,Sep,Sunday,True,Morning,False
ORD-02189,2025-04-06,12,S05,C0772,Maggi,1,70.0,10,Card,28.05,4.0,Snacks,Pune,Mall,2022,True,True,63.0,4,Apr,Sunday,True,Lunch,False
ORD-01689,2025-08-01,15,S03,C0840,Veg Sandwich,2,90.0,0,UPI,26.7,5.0,Snacks,Delhi,Campus,2018,False,True,180.0,8,Aug,Friday,False,Lunch,False
ORD-02619,2025-10-28,13,S02,C0891,Samosa,3,25.0,5,Card,29.6,,Snacks,Lucknow,Mall,2021,False,False,71.25,10,Oct,Tuesday,False,Lunch,False
ORD-02881,2025-03-01,17,S06,C0223,Ginger Tea,1,35.0,0,UPI,20.4,5.0,Tea,Pune,Campus,2021,False,True,35.0,3,Mar,Saturday,True,Evening,False
ORD-00909,2025-04-03,13,S08,C0647,Mango Shake,1,100.0,0,Card,25.0,5.0,Cold Drinks,Indore,Street,2022,False,True,100.0,4,Apr,Thursday,False,Lunch,False
ORD-01452,2025-08-14,20,S03,C0841,Brownie,2,110.0,10,UPI,30.0,5.0,Dessert,Delhi,Campus,2018,False,True,198.0,8,Aug,Thursday,False,Night,False
ORD-02322,2025-01-25,13,S04,C0440,Cold Coffee,2,120.0,10,UPI,29.0,4.0,Cold Drinks,Delhi,Street,2020,False,True,216.0,1,Jan,Saturday,True,Lunch,False
ORD-00331,2025-09-26,17,S04,C0671,Brownie,3,110.0,0,Card,26.9,,Dessert,Delhi,Street,2020,False,False,330.0,9,Sep,Friday,False,Evening,False
ORD-02435,2025-09-12,16,S06,C0203,Bun Maska,1,40.0,0,Card,22.8,5.0,Snacks,Pune,Campus,2021,False,True,40.0,9,Sep,Friday,False,Evening,False
ORD-02318,2025-10-06,8,S07,C0402,Maggi,1,70.0,10,Card,19.4,5.0,Snacks,Jaipur,Street,2023,False,True,63.0,10,Oct,Monday,False,Morning,False
ORD-00822,2025-08-05,20,S08,C0543,Samosa,1,25.0,0,Card,30.8,4.0,Snacks,Indore,Street,2022,False,True,25.0,8,Aug,Tuesday,False,Night,True
ORD-02266,2025-02-16,10,S08,C0427,Masala Chai,2,30.0,10,UPI,14.4,,Tea,Indore,Street,2022,False,False,54.0,2,Feb,Sunday,True,Morning,False
ORD-01537,2025-10-13,18,S04,C0721,Samosa,1,25.0,10,Card,22.9,5.0,Snacks,Delhi,Street,2020,False,True,22.5,10,Oct,Monday,False,Evening,False
ORD-01117,2025-02-20,21,S03,C0057,Espresso,1,80.0,5,UPI,17.3,5.0,Coffee,Delhi,Campus,2018,False,True,76.0,2,Feb,Thursday,False,Night,False
ORD-00706,2025-07-25,10,S04,C0791,Cutting Chai,2,20.0,15,UPI,29.3,4.0,Tea,Delhi,Street,2020,False,True,34.0,7,Jul,Friday,False,Morning,False
ORD-00963,2025-02-17,10,S05,C0779,Mango Shake,2,100.0,10,UPI,25.5,5.0,Cold Drinks,Pune,Mall,2022,False,True,180.0,2,Feb,Monday,False,Morning,False
ORD-02934,2025-11-18,18,S08,C0492,Cutting Chai,4,20.0,0,Card,21.0,5.0,Tea,Indore,Street,2022,False,True,80.0,11,Nov,Tuesday,False,Evening,False
ORD-01687,2025-07-03,19,S04,C0337,Ginger Tea,4,35.0,5,UPI,31.1,4.0,Tea,Delhi,Street,2020,False,True,133.0,7,Jul,Thursday,False,Evening,True
ORD-01192,2025-05-24,10,S03,C0468,Samosa,2,25.0,20,UPI,24.6,4.0,Snacks,Delhi,Campus,2018,False,True,40.0,5,May,Saturday,True,Morning,False
ORD-01570,2025-06-30,21,S08,C0791,Mango Shake,3,100.0,15,UPI,24.7,5.0,Cold Drinks,Indore,Street,2022,True,True,255.0,6,Jun,Monday,False,Night,False
ORD-02425,2025-11-25,9,S03,C0622,Maggi,3,70.0,0,Wallet,20.6,5.0,Snacks,Delhi,Campus,2018,False,True,210.0,11,Nov,Tuesday,False,Morning,False
ORD-02924,2025-09-04,19,S03,C0880,Ginger Tea,1,35.0,0,UPI,23.2,5.0,Tea,Delhi,Campus,2018,False,True,35.0,9,Sep,Thursday,False,Evening,False
ORD-01424,2025-05-22,12,S04,C0736,Filter Coffee,1,60.0,5,UPI,37.8,5.0,Coffee,Delhi,Street,2020,False,True,57.0,5,May,Thursday,False,Lunch,True
ORD-02222,2025-06-15,18,S07,C0558,Mango Shake,1,100.0,0,Wallet,22.2,,Cold Drinks,Jaipur,Street,2023,False,False,100.0,6,Jun,Sunday,True,Evening,False
ORD-00780,2025-11-09,19,S06,C0892,Brownie,1,110.0,10,UPI,29.2,4.0,Dessert,Pune,Campus,2021,False,True,99.0,11,Nov,Sunday,True,Evening,False
ORD-00227,2025-01-10,22,S04,C0186,Mango Shake,1,100.0,0,UPI,18.4,,Cold Drinks,Delhi,Street,2020,False,False,100.0,1,Jan,Friday,False,Night,False
ORD-00848,2025-09-07,13,S04,C0781,Samosa,1,25.0,10,UPI,31.8,4.0,Snacks,Delhi,Street,2020,False,True,22.5,9,Sep,Sunday,True,Lunch,True
ORD-02566,2025-05-25,14,S03,C0679,Filter Coffee,1,60.0,5,UPI,16.4,5.0,Coffee,Delhi,Campus,2018,False,True,57.0,5,May,Sunday,True,Lunch,False
ORD-00927,2025-02-28,18,S03,C0461,Filter Coffee,3,60.0,10,UPI,22.3,4.0,Coffee,Delhi,Campus,2018,False,True,162.0,2,Feb,Friday,False,Evening,False
ORD-00009,2025-02-16,18,S07,C0200,Masala Chai,1,30.0,10,Card,20.0,,Tea,Jaipur,Street,2023,False,False,27.0,2,Feb,Sunday,True,Evening,False
ORD-00689,2025-10-02,9,S05,C0719,Samosa,1,25.0,0,Wallet,23.1,5.0,Snacks,Pune,Mall,2022,False,True,25.0,10,Oct,Thursday,False,Morning,False
ORD-02959,2025-04-01,19,S01,C0788,Samosa,2,25.0,15,Card,33.6,5.0,Snacks,Lucknow,Campus,2019,False,True,42.5,4,Apr,Tuesday,False,Evening,True
ORD-00602,2025-10-05,12,S01,C0638,Masala Chai,1,30.0,15,UPI,21.6,5.0,Tea,Lucknow,Campus,2019,True,True,25.5,10,Oct,Sunday,True,Lunch,False
ORD-02069,2025-04-05,14,S01,C0801,Espresso,1,80.0,10,UPI,24.8,5.0,Coffee,Lucknow,Campus,2019,False,True,72.0,4,Apr,Saturday,True,Lunch,False
ORD-00097,2025-05-12,15,S01,C0075,Masala Chai,2,30.0,0,Wallet,18.9,5.0,Tea,Lucknow,Campus,2019,False,True,60.0,5,May,Monday,False,Lunch,False
ORD-02316,2025-04-15,12,S04,C0336,Cold Coffee,3,120.0,0,UPI,29.5,5.0,Cold Drinks,Delhi,Street,2020,False,True,360.0,4,Apr,Tuesday,False,Lunch,False
ORD-02217,2025-02-11,20,S07,C0816,Cutting Chai,4,20.0,15,UPI,24.7,5.0,Tea,Jaipur,Street,2023,False,True,68.0,2,Feb,Tuesday,False,Night,False
ORD-01821,2025-12-05,21,S05,C0232,Samosa,4,25.0,20,UPI,28.3,5.0,Snacks,Pune,Mall,2022,False,True,80.0,12,Dec,Friday,False,Night,False
ORD-00708,2025-10-13,21,S04,C0415,Samosa,4,25.0,0,Cash,14.9,5.0,Snacks,Delhi,Street,2020,False,True,100.0,10,Oct,Monday,False,Night,False
ORD-01717,2025-05-03,16,S04,C0714,Cold Coffee,2,120.0,10,Card,28.8,4.0,Cold Drinks,Delhi,Street,2020,False,True,216.0,5,May,Saturday,True,Evening,False
ORD-02164,2025-06-05,21,S02,C0621,Cold Coffee,1,120.0,10,Card,29.7,,Cold Drinks,Lucknow,Mall,2021,False,False,108.0,6,Jun,Thursday,False,Night,False
ORD-01915,2025-02-24,21,S08,C0447,Cutting Chai,1,20.0,20,Card,21.8,5.0,Tea,Indore,Street,2022,False,True,16.0,2,Feb,Monday,False,Night,False
ORD-02117,2025-04-07,11,S05,C0412,Mango Shake,2,100.0,15,Cash,22.2,5.0,Cold Drinks,Pune,Mall,2022,False,True,170.0,4,Apr,Monday,False,Morning,False
ORD-01048,2025-10-11,14,S03,C0563,Cutting Chai,1,20.0,10,UPI,19.8,4.0,Tea,Delhi,Campus,2018,False,True,18.0,10,Oct,Saturday,True,Lunch,False
ORD-02169,2025-04-30,18,S02,C0820,Cutting Chai,2,20.0,5,UPI,28.0,4.0,Tea,Lucknow,Mall,2021,False,True,38.0,4,Apr,Wednesday,False,Evening,False
ORD-00421,2025-08-28,9,S03,C0009,Maggi,2,70.0,0,Wallet,25.2,4.0,Snacks,Delhi,Campus,2018,False,True,140.0,8,Aug,Thursday,False,Morning,False
ORD-01899,2025-01-25,8,S08,C0196,Veg Sandwich,3,90.0,0,UPI,26.6,5.0,Snacks,Indore,Street,2022,False,True,270.0,1,Jan,Saturday,True,Morning,False
ORD-01900,2025-01-20,10,S03,C0244,Bun Maska,1,40.0,5,Unknown,15.3,5.0,Snacks,Delhi,Campus,2018,False,True,38.0,1,Jan,Monday,False,Morning,False
ORD-00148,2025-07-10,14,S03,C0445,Bun Maska,4,40.0,10,UPI,21.6,5.0,Snacks,Delhi,Campus,2018,True,True,144.0,7,Jul,Thursday,False,Lunch,False
ORD-01250,2025-12-06,21,S05,C0344,Bun Maska,3,40.0,0,Card,26.7,,Snacks,Pune,Mall,2022,False,False,120.0,12,Dec,Saturday,True,Night,False
ORD-01541,2025-10-27,21,S08,C0760,Masala Chai,4,30.0,0,UPI,16.5,5.0,Tea,Indore,Street,2022,False,True,120.0,10,Oct,Monday,False,Night,False
ORD-02708,2025-03-25,9,S01,C0774,Veg Sandwich,1,90.0,0,UPI,27.9,5.0,Snacks,Lucknow,Campus,2019,False,True,90.0,3,Mar,Tuesday,False,Morning,False
ORD-01725,2025-06-30,22,S07,C0751,Masala Chai,1,30.0,15,Wallet,13.8,,Tea,Jaipur,Street,2023,False,False,25.5,6,Jun,Monday,False,Night,False
ORD-02028,2025-05-18,19,S06,C0025,Espresso,1,80.0,10,Card,32.6,4.0,Coffee,Pune,Campus,2021,False,True,72.0,5,May,Sunday,True,Evening,True
ORD-01580,2025-11-15,9,S03,C0013,Masala Chai,1,30.0,0,Cash,13.5,5.0,Tea,Delhi,Campus,2018,False,True,30.0,11,Nov,Saturday,True,Morning,False
ORD-02127,2025-05-04,13,S04,C0648,Cold Coffee,1,120.0,0,UPI,33.9,4.0,Cold Drinks,Delhi,Street,2020,False,True,120.0,5,May,Sunday,True,Lunch,True
ORD-01776,2025-07-10,13,S04,C0192,Masala Chai,3,30.0,0,UPI,31.1,5.0,Tea,Delhi,Street,2020,False,True,90.0,7,Jul,Thursday,False,Lunch,True
ORD-02280,2025-08-25,13,S03,C0317,Bun Maska,1,40.0,5,UPI,35.2,5.0,Snacks,Delhi,Campus,2018,False,True,38.0,8,Aug,Monday,False,Lunch,True
ORD-00021,2025-10-04,13,S08,C0672,Filter Coffee,3,60.0,0,Card,24.6,5.0,Coffee,Indore,Street,2022,False,True,180.0,10,Oct,Saturday,True,Lunch,False
ORD-02719,2025-01-05,17,S04,C0177,Masala Chai,1,30.0,0,UPI,21.2,,Tea,Delhi,Street,2020,False,False,30.0,1,Jan,Sunday,True,Evening,False
ORD-00348,2025-04-03,19,S06,C0307,Mango Shake,1,100.0,0,Cash,26.4,5.0,Cold Drinks,Pune,Campus,2021,False,True,100.0,4,Apr,Thursday,False,Evening,False
ORD-02352,2025-11-08,14,S08,C0010,Samosa,2,25.0,10,UPI,24.7,4.0,Snacks,Indore,Street,2022,False,True,45.0,11,Nov,Saturday,True,Lunch,False
ORD-00558,2025-06-28,18,S01,C0801,Maggi,1,70.0,0,UPI,14.0,5.0,Snacks,Lucknow,Campus,2019,False,True,70.0,6,Jun,Saturday,True,Evening,False
ORD-02371,2025-06-18,11,S04,C0108,Cutting Chai,1,20.0,10,UPI,18.4,4.0,Tea,Delhi,Street,2020,False,True,18.0,6,Jun,Wednesday,False,Morning,False
ORD-00875,2025-09-20,12,S02,C0742,Cheesecake,4,150.0,0,UPI,32.3,5.0,Dessert,Lucknow,Mall,2021,False,True,600.0,9,Sep,Saturday,True,Lunch,True
ORD-02212,2025-06-15,19,S08,C0093,Filter Coffee,2,60.0,5,Card,25.9,5.0,Coffee,Indore,Street,2022,False,True,114.0,6,Jun,Sunday,True,Evening,False
ORD-00541,2025-12-27,22,S08,C0086,Veg Sandwich,1,90.0,0,Card,25.4,5.0,Snacks,Indore,Street,2022,False,True,90.0,12,Dec,Saturday,True,Night,False
ORD-02377,2025-11-15,20,S06,C0694,Cutting Chai,3,20.0,0,Cash,25.0,5.0,Tea,Pune,Campus,2021,False,True,60.0,11,Nov,Saturday,True,Night,False
ORD-01414,2025-12-11,16,S05,C0713,Masala Chai,4,30.0,0,Cash,24.7,4.0,Tea,Pune,Mall,2022,False,True,120.0,12,Dec,Thursday,False,Evening,False
ORD-00834,2025-09-05,18,S08,C0137,Espresso,2,80.0,0,UPI,21.7,5.0,Coffee,Indore,Street,2022,False,True,160.0,9,Sep,Friday,False,Evening,False
ORD-00561,2025-02-01,18,S04,C0041,Samosa,1,25.0,0,UPI,24.0,5.0,Snacks,Delhi,Street,2020,False,True,25.0,2,Feb,Saturday,True,Evening,False
ORD-00318,2025-09-07,13,S06,C0874,Masala Chai,1,30.0,5,UPI,29.9,4.0,Tea,Pune,Campus,2021,False,True,28.5,9,Sep,Sunday,True,Lunch,False
ORD-02402,2025-10-17,17,S02,C0845,Cutting Chai,2,20.0,0,Cash,24.4,5.0,Tea,Lucknow,Mall,2021,False,True,40.0,10,Oct,Friday,False,Evening,False
ORD-00199,2025-03-13,13,S04,C0711,Cutting Chai,1,20.0,5,Card,28.3,4.0,Tea,Delhi,Street,2020,False,True,19.0,3,Mar,Thursday,False,Lunch,False
ORD-01604,2025-10-25,19,S05,C0002,Samosa,1,25.0,0,Card,38.5,4.0,Snacks,Pune,Mall,2022,False,True,25.0,10,Oct,Saturday,True,Evening,True
ORD-00722,2025-06-08,22,S03,C0445,Mango Shake,1,100.0,0,UPI,21.6,5.0,Cold Drinks,Delhi,Campus,2018,True,True,100.0,6,Jun,Sunday,True,Night,False
ORD-00256,2025-09-30,12,S08,C0508,Veg Sandwich,1,90.0,15,UPI,30.1,5.0,Snacks,Indore,Street,2022,False,True,76.5,9,Sep,Tuesday,False,Lunch,True
ORD-00613,2025-12-20,18,S04,C0201,Espresso,2,80.0,0,UPI,24.7,5.0,Coffee,Delhi,Street,2020,True,True,160.0,12,Dec,Saturday,True,Evening,False
ORD-01128,2025-09-08,21,S04,C0083,Espresso,1,80.0,10,UPI,23.1,4.0,Coffee,Delhi,Street,2020,False,True,72.0,9,Sep,Monday,False,Night,False
ORD-02327,2025-03-18,18,S06,C0471,Samosa,3,25.0,0,Wallet,22.5,,Snacks,Pune,Campus,2021,False,False,75.0,3,Mar,Tuesday,False,Evening,False
ORD-02481,2025-07-04,17,S01,C0181,Masala Chai,1,30.0,10,UPI,15.8,5.0,Tea,Lucknow,Campus,2019,False,True,27.0,7,Jul,Friday,False,Evening,False
ORD-00605,2025-12-18,11,S06,C0236,Maggi,2,70.0,0,UPI,17.2,5.0,Snacks,Pune,Campus,2021,False,True,140.0,12,Dec,Thursday,False,Morning,False
ORD-00687,2025-06-03,20,S08,C0366,Cold Coffee,4,120.0,10,Cash,17.5,5.0,Cold Drinks,Indore,Street,2022,False,True,432.0,6,Jun,Tuesday,False,Night,False
ORD-00440,2025-08-18,11,S05,C0069,Mango Shake,2,100.0,5,UPI,26.0,5.0,Cold Drinks,Pune,Mall,2022,False,True,190.0,8,Aug,Monday,False,Morning,False
ORD-01834,2025-03-08,18,S06,C0518,Bun Maska,1,40.0,15,UPI,18.1,5.0,Snacks,Pune,Campus,2021,False,True,34.0,3,Mar,Saturday,True,Evening,False
ORD-00585,2025-12-01,19,S04,GUEST,Maggi,3,70.0,10,UPI,31.1,3.0,Snacks,Delhi,Street,2020,False,True,189.0,12,Dec,Monday,False,Evening,True
ORD-01402,2025-01-24,11,S02,C0438,Samosa,1,25.0,5,UPI,18.4,5.0,Snacks,Lucknow,Mall,2021,False,True,23.75,1,Jan,Friday,False,Morning,False
ORD-00234,2025-08-06,20,S02,C0542,Masala Chai,2,30.0,0,UPI,31.0,5.0,Tea,Lucknow,Mall,2021,False,True,60.0,8,Aug,Wednesday,False,Night,True
ORD-01878,2025-04-27,16,S06,C0004,Samosa,1,25.0,0,UPI,12.4,5.0,Snacks,Pune,Campus,2021,False,True,25.0,4,Apr,Sunday,True,Evening,False
ORD-02215,2025-12-03,11,S02,C0668,Ginger Tea,1,35.0,0,UPI,21.7,5.0,Tea,Lucknow,Mall,2021,False,True,35.0,12,Dec,Wednesday,False,Morning,False
ORD-02083,2025-09-06,12,S01,C0097,Filter Coffee,1,60.0,0,UPI,29.9,4.0,Coffee,Lucknow,Campus,2019,False,True,60.0,9,Sep,Saturday,True,Lunch,False
ORD-00073,2025-11-08,18,S01,C0153,Bun Maska,1,40.0,0,Unknown,12.2,5.0,Snacks,Lucknow,Campus,2019,False,True,40.0,11,Nov,Saturday,True,Evening,False
ORD-00786,2025-05-12,18,S04,C0298,Maggi,1,70.0,0,Cash,15.3,5.0,Snacks,Delhi,Street,2020,False,True,70.0,5,May,Monday,False,Evening,False
ORD-01154,2025-02-26,13,S05,C0055,Ginger Tea,1,35.0,10,Cash,33.8,,Tea,Pune,Mall,2022,False,False,31.5,2,Feb,Wednesday,False,Lunch,True
ORD-02068,2025-12-21,14,S04,C0847,Cutting Chai,1,20.0,10,UPI,19.2,5.0,Tea,Delhi,Street,2020,False,True,18.0,12,Dec,Sunday,True,Lunch,False
ORD-00893,2025-03-30,8,S01,C0319,Cold Coffee,1,120.0,0,UPI,11.8,5.0,Cold Drinks,Lucknow,Campus,2019,False,True,120.0,3,Mar,Sunday,True,Morning,False
ORD-02252,2025-10-09,19,S01,GUEST,Masala Chai,3,30.0,0,Wallet,23.0,5.0,Tea,Lucknow,Campus,2019,False,True,90.0,10,Oct,Thursday,False,Evening,False
ORD-00595,2025-01-04,15,S08,C0289,Masala Chai,2,30.0,10,UPI,23.0,4.0,Tea,Indore,Street,2022,False,True,54.0,1,Jan,Saturday,True,Lunch,False
ORD-02376,2025-02-24,9,S05,C0792,Mango Shake,2,100.0,5,UPI,28.05,5.0,Cold Drinks,Pune,Mall,2022,True,True,190.0,2,Feb,Monday,False,Morning,False
ORD-01690,2025-05-25,22,S03,C0815,Bun Maska,2,40.0,0,Card,23.7,,Snacks,Delhi,Campus,2018,False,False,80.0,5,May,Sunday,True,Night,False
ORD-00025,2025-10-12,18,S07,C0888,Ginger Tea,3,35.0,10,UPI,30.8,,Tea,Jaipur,Street,2023,False,False,94.5,10,Oct,Sunday,True,Evening,True
ORD-01895,2025-04-26,18,S03,C0391,Samosa,1,25.0,0,UPI,16.3,5.0,Snacks,Delhi,Campus,2018,False,True,25.0,4,Apr,Saturday,True,Evening,False
ORD-01038,2025-05-30,17,S06,C0444,Veg Sandwich,1,90.0,10,Cash,11.3,5.0,Snacks,Pune,Campus,2021,False,True,81.0,5,May,Friday,False,Evening,False
ORD-01539,2025-10-25,16,S01,C0502,Masala Chai,1,30.0,0,Cash,21.6,5.0,Tea,Lucknow,Campus,2019,True,True,30.0,10,Oct,Saturday,True,Evening,False
ORD-01920,2025-12-14,8,S04,C0024,Ginger Tea,4,35.0,20,UPI,24.7,,Tea,Delhi,Street,2020,True,False,112.0,12,Dec,Sunday,True,Morning,False
ORD-01819,2025-07-02,12,S08,C0744,Cold Coffee,3,120.0,0,Card,26.5,5.0,Cold Drinks,Indore,Street,2022,False,True,360.0,7,Jul,Wednesday,False,Lunch,False
ORD-02681,2025-10-19,14,S01,C0630,Maggi,2,70.0,15,Wallet,11.2,5.0,Snacks,Lucknow,Campus,2019,False,True,119.0,10,Oct,Sunday,True,Lunch,False
ORD-00952,2025-04-01,22,S08,C0412,Brownie,1,110.0,0,UPI,15.9,5.0,Dessert,Indore,Street,2022,False,True,110.0,4,Apr,Tuesday,False,Night,False
ORD-00079,2025-07-23,8,S01,C0622,Samosa,2,25.0,0,Cash,13.9,5.0,Snacks,Lucknow,Campus,2019,False,True,50.0,7,Jul,Wednesday,False,Morning,False
ORD-02811,2025-01-17,21,S07,C0049,Filter Coffee,2,60.0,20,UPI,19.4,4.0,Coffee,Jaipur,Street,2023,False,True,96.0,1,Jan,Friday,False,Night,False
ORD-01085,2025-12-23,18,S05,C0520,Filter Coffee,2,60.0,5,UPI,21.9,5.0,Coffee,Pune,Mall,2022,False,True,114.0,12,Dec,Tuesday,False,Evening,False
ORD-00215,2025-09-19,8,S02,C0227,Masala Chai,1,30.0,5,Card,30.4,5.0,Tea,Lucknow,Mall,2021,False,True,28.5,9,Sep,Friday,False,Morning,True
ORD-01830,2025-06-29,14,S02,C0562,Maggi,2,70.0,0,UPI,30.6,4.0,Snacks,Lucknow,Mall,2021,False,True,140.0,6,Jun,Sunday,True,Lunch,True
ORD-02489,2025-02-10,12,S07,C0676,Ginger Tea,2,35.0,0,Card,18.5,5.0,Tea,Jaipur,Street,2023,False,True,70.0,2,Feb,Monday,False,Lunch,False
ORD-01145,2025-06-01,16,S07,C0520,Cold Coffee,2,120.0,5,Cash,13.5,5.0,Cold Drinks,Jaipur,Street,2023,False,True,228.0,6,Jun,Sunday,True,Evening,False
ORD-00195,2025-02-25,15,S01,C0468,Cold Coffee,2,120.0,0,UPI,18.9,,Cold Drinks,Lucknow,Campus,2019,False,False,240.0,2,Feb,Tuesday,False,Lunch,False
ORD-02300,2025-09-24,18,S03,C0574,Masala Chai,1,30.0,5,Wallet,20.4,4.0,Tea,Delhi,Campus,2018,False,True,28.5,9,Sep,Wednesday,False,Evening,False
ORD-01448,2025-07-16,9,S03,C0779,Espresso,1,80.0,0,Cash,22.2,,Coffee,Delhi,Campus,2018,False,False,80.0,7,Jul,Wednesday,False,Morning,False
ORD-01178,2025-05-15,18,S08,C0118,Cheesecake,2,150.0,0,UPI,22.2,5.0,Dessert,Indore,Street,2022,False,True,300.0,5,May,Thursday,False,Evening,False
ORD-02538,2025-05-18,11,S08,C0580,Mango Shake,2,100.0,20,UPI,19.6,4.0,Cold Drinks,Indore,Street,2022,False,True,160.0,5,May,Sunday,True,Morning,False
ORD-01381,2025-06-07,18,S03,C0812,Mango Shake,4,100.0,0,UPI,24.2,5.0,Cold Drinks,Delhi,Campus,2018,False,True,400.0,6,Jun,Saturday,True,Evening,False
ORD-01000,2025-04-13,15,S06,C0159,Ginger Tea,1,35.0,5,UPI,21.6,,Tea,Pune,Campus,2021,True,False,33.25,4,Apr,Sunday,True,Lunch,False
